2025-06-05 15:33:49.384 [info] [main] Log level: Info
2025-06-05 15:33:49.384 [info] [main] Validating found git in: "git"
2025-06-05 15:33:49.384 [info] [main] Using git "2.25.1" from "git"
2025-06-05 15:33:49.384 [info] [Model][doInitialScan] Initial repository scan started
2025-06-05 15:33:49.384 [info] [Model][doInitialScan] Initial repository scan completed - repositories (0), closed repositories (0), parent repositories (0), unsafe repositories (0)
2025-06-05 15:34:11.653 [info] [main] Log level: Info
2025-06-05 15:34:11.653 [info] [main] Validating found git in: "git"
2025-06-05 15:34:11.653 [info] [main] Using git "2.25.1" from "git"
2025-06-05 15:34:11.653 [info] [Model][doInitialScan] Initial repository scan started
2025-06-05 15:34:11.653 [info] > git rev-parse --show-toplevel [19ms]
2025-06-05 15:34:11.657 [info] > git rev-parse --git-dir --git-common-dir [2ms]
2025-06-05 15:34:11.673 [info] [Model][openRepository] Opened repository: /home/caroulder/AFLplusplus
2025-06-05 15:34:11.682 [info] > git config --get commit.template [2ms]
2025-06-05 15:34:11.714 [info] > git for-each-ref --format=%(refname)%00%(upstream:short)%00%(objectname)%00%(upstream:track)%00%(upstream:remotename)%00%(upstream:remoteref) refs/heads/stable refs/remotes/stable [9ms]
2025-06-05 15:34:11.719 [warning] [Git][revParse] Unable to read file: ENOENT: no such file or directory, open '/home/caroulder/AFLplusplus/.git/refs/remotes/origin/stable'
2025-06-05 15:34:11.720 [info] > git rev-parse refs/remotes/origin/stable [1ms]
2025-06-05 15:34:11.730 [info] > git status -z -uall [7ms]
2025-06-05 15:34:11.744 [info] > git for-each-ref --format=%(refname)%00%(upstream:short)%00%(objectname)%00%(upstream:track)%00%(upstream:remotename)%00%(upstream:remoteref) refs/heads/stable refs/remotes/stable [10ms]
2025-06-05 15:34:11.746 [info] > git rev-parse --show-toplevel [17ms]
2025-06-05 15:34:11.750 [info] > git config --local branch.stable.vscode-merge-base [4ms]
2025-06-05 15:34:11.752 [info] > git config --get commit.template [9ms]
2025-06-05 15:34:11.755 [info] > git for-each-ref --format=%(refname)%00%(upstream:short)%00%(objectname)%00%(upstream:track)%00%(upstream:remotename)%00%(upstream:remoteref) refs/heads/origin/stable refs/remotes/origin/stable [3ms]
2025-06-05 15:34:11.758 [info] > git rev-parse --show-toplevel [9ms]
2025-06-05 15:34:11.957 [info] > git merge-base refs/heads/stable refs/remotes/origin/stable [200ms]
2025-06-05 15:34:12.149 [info] > git rev-list --count --left-right refs/heads/stable...refs/remotes/origin/stable [184ms]
2025-06-05 15:34:12.163 [info] > git rev-parse --show-toplevel [221ms]
2025-06-05 15:34:12.164 [info] > git for-each-ref --format=%(refname)%00%(upstream:short)%00%(objectname)%00%(upstream:track)%00%(upstream:remotename)%00%(upstream:remoteref) refs/heads/stable refs/remotes/stable [230ms]
2025-06-05 15:34:12.231 [warning] [Git][revParse] Unable to read file: ENOENT: no such file or directory, open '/home/caroulder/AFLplusplus/.git/refs/remotes/origin/stable'
2025-06-05 15:34:12.235 [info] > git diff --name-status -z --diff-filter=ADMR c340a022e2546488c15f85593d0f37e30eeaab3a...refs/remotes/origin/stable [73ms]
2025-06-05 15:34:12.264 [info] > git rev-parse refs/remotes/origin/stable [32ms]
2025-06-05 15:34:12.270 [info] > git rev-parse --show-toplevel [45ms]
2025-06-05 15:34:12.282 [info] > git check-ignore -v -z --stdin [33ms]
2025-06-05 15:34:12.293 [info] > git rev-parse --show-toplevel [14ms]
2025-06-05 15:34:12.308 [info] > git status -z -uall [39ms]
2025-06-05 15:34:12.349 [info] > git for-each-ref --format=%(refname)%00%(upstream:short)%00%(objectname)%00%(upstream:track)%00%(upstream:remotename)%00%(upstream:remoteref) refs/heads/stable refs/remotes/stable [29ms]
2025-06-05 15:34:12.354 [info] > git rev-parse --show-toplevel [48ms]
2025-06-05 15:34:12.359 [info] > git config --local branch.stable.vscode-merge-base [5ms]
2025-06-05 15:34:12.365 [info] > git rev-parse --show-toplevel [6ms]
2025-06-05 15:34:12.368 [info] > git rev-parse --show-toplevel [1ms]
2025-06-05 15:34:12.369 [info] > git for-each-ref --format=%(refname)%00%(upstream:short)%00%(objectname)%00%(upstream:track)%00%(upstream:remotename)%00%(upstream:remoteref) refs/heads/origin/stable refs/remotes/origin/stable [6ms]
2025-06-05 15:34:12.382 [info] > git rev-parse --show-toplevel [6ms]
2025-06-05 15:34:12.390 [info] > git rev-parse --show-toplevel [2ms]
2025-06-05 15:34:12.397 [info] > git rev-parse --show-toplevel [1ms]
2025-06-05 15:34:12.403 [info] > git rev-parse --show-toplevel [0ms]
2025-06-05 15:34:12.437 [info] > git rev-parse --show-toplevel [27ms]
2025-06-05 15:34:12.441 [info] > git rev-parse --show-toplevel [1ms]
2025-06-05 15:34:12.444 [info] > git rev-parse --show-toplevel [1ms]
2025-06-05 15:34:12.447 [info] > git rev-parse --show-toplevel [1ms]
2025-06-05 15:34:12.449 [info] > git rev-parse --show-toplevel [1ms]
2025-06-05 15:34:12.452 [info] > git rev-parse --show-toplevel [1ms]
2025-06-05 15:34:12.452 [info] [Model][doInitialScan] Initial repository scan completed - repositories (1), closed repositories (0), parent repositories (0), unsafe repositories (0)
2025-06-05 15:34:12.456 [info] > git rev-parse --show-toplevel [2ms]
2025-06-05 15:34:12.459 [info] > git rev-parse --show-toplevel [1ms]
2025-06-05 15:34:12.461 [info] > git rev-parse --show-toplevel [0ms]
2025-06-05 15:34:12.463 [info] > git rev-parse --show-toplevel [0ms]
2025-06-05 15:34:12.466 [info] > git rev-parse --show-toplevel [0ms]
2025-06-05 15:34:12.469 [info] > git rev-parse --show-toplevel [1ms]
2025-06-05 15:34:12.472 [info] > git rev-parse --show-toplevel [1ms]
2025-06-05 15:34:12.478 [info] > git rev-parse --show-toplevel [0ms]
2025-06-05 15:34:12.480 [info] > git rev-parse --show-toplevel [0ms]
2025-06-05 15:34:13.435 [info] > git rev-parse --show-toplevel [160ms]
2025-06-05 15:34:13.456 [info] > git rev-parse --show-toplevel [3ms]
2025-06-05 15:34:13.481 [info] > git rev-parse --show-toplevel [8ms]
2025-06-05 15:34:13.487 [info] > git rev-parse --show-toplevel [3ms]
2025-06-05 15:34:13.510 [info] > git rev-parse --show-toplevel [19ms]
2025-06-05 15:34:13.517 [info] > git rev-parse --show-toplevel [2ms]
2025-06-05 15:34:13.524 [info] > git rev-parse --show-toplevel [4ms]
2025-06-05 15:34:13.527 [info] > git rev-parse --show-toplevel [1ms]
2025-06-05 15:34:13.530 [info] > git rev-parse --show-toplevel [1ms]
2025-06-05 15:34:14.924 [info] > git config --get commit.template [2ms]
2025-06-05 15:34:14.927 [info] > git for-each-ref --format=%(refname)%00%(upstream:short)%00%(objectname)%00%(upstream:track)%00%(upstream:remotename)%00%(upstream:remoteref) refs/heads/stable refs/remotes/stable [0ms]
2025-06-05 15:34:14.929 [warning] [Git][revParse] Unable to read file: ENOENT: no such file or directory, open '/home/caroulder/AFLplusplus/.git/refs/remotes/origin/stable'
2025-06-05 15:34:14.930 [info] > git rev-parse refs/remotes/origin/stable [1ms]
2025-06-05 15:34:14.936 [info] > git status -z -uall [4ms]
2025-06-05 15:34:14.943 [info] > git for-each-ref --format=%(refname)%00%(upstream:short)%00%(objectname)%00%(upstream:track)%00%(upstream:remotename)%00%(upstream:remoteref) refs/heads/stable refs/remotes/stable [3ms]
2025-06-05 15:34:14.948 [info] > git config --local branch.stable.vscode-merge-base [1ms]
2025-06-05 15:34:14.950 [info] > git for-each-ref --format=%(refname)%00%(upstream:short)%00%(objectname)%00%(upstream:track)%00%(upstream:remotename)%00%(upstream:remoteref) refs/heads/origin/stable refs/remotes/origin/stable [0ms]
2025-06-05 15:34:15.444 [info] > git rev-parse --show-toplevel [0ms]
2025-06-05 15:34:15.447 [info] > git rev-parse --show-toplevel [1ms]
2025-06-05 15:34:15.450 [info] > git rev-parse --show-toplevel [1ms]
2025-06-05 15:34:15.453 [info] > git rev-parse --show-toplevel [1ms]
2025-06-05 15:34:15.455 [info] > git rev-parse --show-toplevel [0ms]
2025-06-05 15:34:15.459 [info] > git rev-parse --show-toplevel [1ms]
2025-06-05 15:34:15.462 [info] > git rev-parse --show-toplevel [1ms]
2025-06-05 15:34:15.464 [info] > git rev-parse --show-toplevel [1ms]
2025-06-05 15:34:15.466 [info] > git rev-parse --show-toplevel [0ms]
2025-06-05 15:34:15.558 [info] > git check-ignore -v -z --stdin [1ms]
2025-06-05 15:34:19.949 [info] > git config --get commit.template [1ms]
2025-06-05 15:34:19.952 [info] > git for-each-ref --format=%(refname)%00%(upstream:short)%00%(objectname)%00%(upstream:track)%00%(upstream:remotename)%00%(upstream:remoteref) refs/heads/stable refs/remotes/stable [1ms]
2025-06-05 15:34:19.953 [warning] [Git][revParse] Unable to read file: ENOENT: no such file or directory, open '/home/caroulder/AFLplusplus/.git/refs/remotes/origin/stable'
2025-06-05 15:34:19.955 [info] > git rev-parse refs/remotes/origin/stable [2ms]
2025-06-05 15:34:19.961 [info] > git status -z -uall [4ms]
2025-06-05 15:34:19.966 [info] > git for-each-ref --format=%(refname)%00%(upstream:short)%00%(objectname)%00%(upstream:track)%00%(upstream:remotename)%00%(upstream:remoteref) refs/heads/stable refs/remotes/stable [2ms]
2025-06-05 15:34:19.969 [info] > git config --local branch.stable.vscode-merge-base [0ms]
2025-06-05 15:34:19.972 [info] > git for-each-ref --format=%(refname)%00%(upstream:short)%00%(objectname)%00%(upstream:track)%00%(upstream:remotename)%00%(upstream:remoteref) refs/heads/origin/stable refs/remotes/origin/stable [1ms]
2025-06-05 15:34:20.469 [info] > git rev-parse --show-toplevel [1ms]
2025-06-05 15:34:20.472 [info] > git rev-parse --show-toplevel [1ms]
2025-06-05 15:34:20.474 [info] > git rev-parse --show-toplevel [0ms]
2025-06-05 15:34:20.477 [info] > git rev-parse --show-toplevel [1ms]
2025-06-05 15:34:20.479 [info] > git rev-parse --show-toplevel [1ms]
2025-06-05 15:34:20.509 [info] > git rev-parse --show-toplevel [26ms]
2025-06-05 15:34:20.513 [info] > git rev-parse --show-toplevel [1ms]
2025-06-05 15:34:20.517 [info] > git rev-parse --show-toplevel [1ms]
2025-06-05 15:34:20.520 [info] > git rev-parse --show-toplevel [1ms]
2025-06-05 15:34:26.444 [info] > git config --get commit.template [1ms]
2025-06-05 15:34:26.449 [info] > git for-each-ref --format=%(refname)%00%(upstream:short)%00%(objectname)%00%(upstream:track)%00%(upstream:remotename)%00%(upstream:remoteref) refs/heads/stable refs/remotes/stable [1ms]
2025-06-05 15:34:26.477 [warning] [Git][revParse] Unable to read file: ENOENT: no such file or directory, open '/home/caroulder/AFLplusplus/.git/refs/remotes/origin/stable'
2025-06-05 15:34:26.480 [info] > git rev-parse refs/remotes/origin/stable [3ms]
2025-06-05 15:34:26.486 [info] > git status -z -uall [4ms]
2025-06-05 15:34:26.492 [info] > git for-each-ref --format=%(refname)%00%(upstream:short)%00%(objectname)%00%(upstream:track)%00%(upstream:remotename)%00%(upstream:remoteref) refs/heads/stable refs/remotes/stable [3ms]
2025-06-05 15:34:26.496 [info] > git config --local branch.stable.vscode-merge-base [1ms]
2025-06-05 15:34:26.499 [info] > git for-each-ref --format=%(refname)%00%(upstream:short)%00%(objectname)%00%(upstream:track)%00%(upstream:remotename)%00%(upstream:remoteref) refs/heads/origin/stable refs/remotes/origin/stable [0ms]
2025-06-05 15:34:26.996 [info] > git rev-parse --show-toplevel [2ms]
2025-06-05 15:34:27.000 [info] > git rev-parse --show-toplevel [1ms]
2025-06-05 15:34:27.004 [info] > git rev-parse --show-toplevel [1ms]
2025-06-05 15:34:27.006 [info] > git rev-parse --show-toplevel [0ms]
2025-06-05 15:34:27.009 [info] > git rev-parse --show-toplevel [1ms]
2025-06-05 15:34:27.011 [info] > git rev-parse --show-toplevel [1ms]
2025-06-05 15:34:27.013 [info] > git rev-parse --show-toplevel [0ms]
2025-06-05 15:34:27.015 [info] > git rev-parse --show-toplevel [0ms]
2025-06-05 15:34:27.018 [info] > git rev-parse --show-toplevel [1ms]
2025-06-05 15:34:29.509 [info] > git log --format=%H%n%aN%n%aE%n%at%n%ct%n%P%n%D%n%B -z --shortstat -n50 --skip=0 --topo-order --decorate=full c340a022e2546488c15f85593d0f37e30eeaab3a [62ms]
2025-06-05 15:34:29.627 [info] > git log --format=%H%n%aN%n%aE%n%at%n%ct%n%P%n%D%n%B -z --shortstat -n50 --skip=0 --topo-order --decorate=full c340a022e2546488c15f85593d0f37e30eeaab3a [51ms]
2025-06-05 15:34:30.039 [info] > git check-ignore -v -z --stdin [1ms]
2025-06-05 15:34:31.498 [info] > git config --get commit.template [3ms]
2025-06-05 15:34:31.499 [info] > git for-each-ref --format=%(refname)%00%(upstream:short)%00%(objectname)%00%(upstream:track)%00%(upstream:remotename)%00%(upstream:remoteref) refs/heads/stable refs/remotes/stable [1ms]
2025-06-05 15:34:31.501 [warning] [Git][revParse] Unable to read file: ENOENT: no such file or directory, open '/home/caroulder/AFLplusplus/.git/refs/remotes/origin/stable'
2025-06-05 15:34:31.501 [info] > git rev-parse refs/remotes/origin/stable [0ms]
2025-06-05 15:34:31.507 [info] > git status -z -uall [4ms]
2025-06-05 15:34:31.513 [info] > git for-each-ref --format=%(refname)%00%(upstream:short)%00%(objectname)%00%(upstream:track)%00%(upstream:remotename)%00%(upstream:remoteref) refs/heads/stable refs/remotes/stable [3ms]
2025-06-05 15:34:31.516 [info] > git config --local branch.stable.vscode-merge-base [1ms]
2025-06-05 15:34:31.519 [info] > git for-each-ref --format=%(refname)%00%(upstream:short)%00%(objectname)%00%(upstream:track)%00%(upstream:remotename)%00%(upstream:remoteref) refs/heads/origin/stable refs/remotes/origin/stable [0ms]
2025-06-05 15:34:32.013 [info] > git rev-parse --show-toplevel [1ms]
2025-06-05 15:34:32.016 [info] > git rev-parse --show-toplevel [1ms]
2025-06-05 15:34:32.019 [info] > git rev-parse --show-toplevel [1ms]
2025-06-05 15:34:32.022 [info] > git rev-parse --show-toplevel [1ms]
2025-06-05 15:34:32.024 [info] > git rev-parse --show-toplevel [1ms]
2025-06-05 15:34:32.026 [info] > git rev-parse --show-toplevel [0ms]
2025-06-05 15:34:32.029 [info] > git rev-parse --show-toplevel [0ms]
2025-06-05 15:34:32.031 [info] > git rev-parse --show-toplevel [0ms]
2025-06-05 15:34:32.034 [info] > git rev-parse --show-toplevel [0ms]
2025-06-05 15:34:36.519 [info] > git config --get commit.template [2ms]
2025-06-05 15:34:36.521 [info] > git for-each-ref --format=%(refname)%00%(upstream:short)%00%(objectname)%00%(upstream:track)%00%(upstream:remotename)%00%(upstream:remoteref) refs/heads/stable refs/remotes/stable [2ms]
2025-06-05 15:34:36.524 [warning] [Git][revParse] Unable to read file: ENOENT: no such file or directory, open '/home/caroulder/AFLplusplus/.git/refs/remotes/origin/stable'
2025-06-05 15:34:36.524 [info] > git rev-parse refs/remotes/origin/stable [0ms]
2025-06-05 15:34:36.530 [info] > git status -z -uall [4ms]
2025-06-05 15:34:36.534 [info] > git for-each-ref --format=%(refname)%00%(upstream:short)%00%(objectname)%00%(upstream:track)%00%(upstream:remotename)%00%(upstream:remoteref) refs/heads/stable refs/remotes/stable [2ms]
2025-06-05 15:34:36.538 [info] > git config --local branch.stable.vscode-merge-base [2ms]
2025-06-05 15:34:36.541 [info] > git for-each-ref --format=%(refname)%00%(upstream:short)%00%(objectname)%00%(upstream:track)%00%(upstream:remotename)%00%(upstream:remoteref) refs/heads/origin/stable refs/remotes/origin/stable [1ms]
2025-06-05 15:34:37.042 [info] > git rev-parse --show-toplevel [2ms]
2025-06-05 15:34:37.046 [info] > git rev-parse --show-toplevel [1ms]
2025-06-05 15:34:37.049 [info] > git rev-parse --show-toplevel [1ms]
2025-06-05 15:34:37.051 [info] > git rev-parse --show-toplevel [1ms]
2025-06-05 15:34:37.054 [info] > git rev-parse --show-toplevel [1ms]
2025-06-05 15:34:37.056 [info] > git rev-parse --show-toplevel [0ms]
2025-06-05 15:34:37.059 [info] > git rev-parse --show-toplevel [1ms]
2025-06-05 15:34:37.062 [info] > git rev-parse --show-toplevel [1ms]
2025-06-05 15:34:37.064 [info] > git rev-parse --show-toplevel [1ms]
2025-06-05 15:34:39.903 [info] > git show --textconv :src/afl-fuzz-init.c [2ms]
2025-06-05 15:34:39.906 [info] > git ls-files --stage -- /home/caroulder/AFLplusplus/src/afl-fuzz-init.c [3ms]
2025-06-05 15:34:39.909 [info] > git cat-file -s cf8d319c8ca1db57f84a4c81c8a80d7b75906c52 [1ms]
2025-06-05 15:34:41.542 [info] > git config --get commit.template [3ms]
2025-06-05 15:34:41.542 [info] > git for-each-ref --format=%(refname)%00%(upstream:short)%00%(objectname)%00%(upstream:track)%00%(upstream:remotename)%00%(upstream:remoteref) refs/heads/stable refs/remotes/stable [1ms]
2025-06-05 15:34:41.545 [warning] [Git][revParse] Unable to read file: ENOENT: no such file or directory, open '/home/caroulder/AFLplusplus/.git/refs/remotes/origin/stable'
2025-06-05 15:34:41.546 [info] > git rev-parse refs/remotes/origin/stable [1ms]
2025-06-05 15:34:41.553 [info] > git status -z -uall [6ms]
2025-06-05 15:34:41.559 [info] > git for-each-ref --format=%(refname)%00%(upstream:short)%00%(objectname)%00%(upstream:track)%00%(upstream:remotename)%00%(upstream:remoteref) refs/heads/stable refs/remotes/stable [2ms]
2025-06-05 15:34:41.564 [info] > git config --local branch.stable.vscode-merge-base [2ms]
2025-06-05 15:34:41.568 [info] > git for-each-ref --format=%(refname)%00%(upstream:short)%00%(objectname)%00%(upstream:track)%00%(upstream:remotename)%00%(upstream:remoteref) refs/heads/origin/stable refs/remotes/origin/stable [2ms]
2025-06-05 15:34:42.061 [info] > git rev-parse --show-toplevel [0ms]
2025-06-05 15:34:42.064 [info] > git rev-parse --show-toplevel [1ms]
2025-06-05 15:34:42.066 [info] > git rev-parse --show-toplevel [0ms]
2025-06-05 15:34:42.069 [info] > git rev-parse --show-toplevel [1ms]
2025-06-05 15:34:42.072 [info] > git rev-parse --show-toplevel [0ms]
2025-06-05 15:34:42.075 [info] > git rev-parse --show-toplevel [1ms]
2025-06-05 15:34:42.077 [info] > git rev-parse --show-toplevel [1ms]
2025-06-05 15:34:42.079 [info] > git rev-parse --show-toplevel [0ms]
2025-06-05 15:34:42.081 [info] > git rev-parse --show-toplevel [0ms]
2025-06-05 15:34:42.338 [info] > git show --textconv :src/afl-fuzz-run.c [3ms]
2025-06-05 15:34:42.339 [info] > git ls-files --stage -- /home/caroulder/AFLplusplus/src/afl-fuzz-run.c [2ms]
2025-06-05 15:34:42.341 [info] > git cat-file -s e6fb3ac6d17ccbebbeb65af81d94de4188ee281c [0ms]
2025-06-05 15:34:45.208 [info] > git show --textconv :src/PathConTree.cpp [7ms]
2025-06-05 15:34:45.211 [info] > git ls-files --stage -- /home/caroulder/AFLplusplus/src/PathConTree.cpp [3ms]
2025-06-05 15:34:46.565 [info] > git config --get commit.template [1ms]
2025-06-05 15:34:46.568 [info] > git for-each-ref --format=%(refname)%00%(upstream:short)%00%(objectname)%00%(upstream:track)%00%(upstream:remotename)%00%(upstream:remoteref) refs/heads/stable refs/remotes/stable [1ms]
2025-06-05 15:34:46.571 [warning] [Git][revParse] Unable to read file: ENOENT: no such file or directory, open '/home/caroulder/AFLplusplus/.git/refs/remotes/origin/stable'
2025-06-05 15:34:46.571 [info] > git rev-parse refs/remotes/origin/stable [0ms]
2025-06-05 15:34:46.578 [info] > git status -z -uall [4ms]
2025-06-05 15:34:46.584 [info] > git for-each-ref --format=%(refname)%00%(upstream:short)%00%(objectname)%00%(upstream:track)%00%(upstream:remotename)%00%(upstream:remoteref) refs/heads/stable refs/remotes/stable [2ms]
2025-06-05 15:34:46.590 [info] > git config --local branch.stable.vscode-merge-base [2ms]
2025-06-05 15:34:46.594 [info] > git for-each-ref --format=%(refname)%00%(upstream:short)%00%(objectname)%00%(upstream:track)%00%(upstream:remotename)%00%(upstream:remoteref) refs/heads/origin/stable refs/remotes/origin/stable [1ms]
2025-06-05 15:34:47.088 [info] > git rev-parse --show-toplevel [1ms]
2025-06-05 15:34:47.091 [info] > git rev-parse --show-toplevel [0ms]
2025-06-05 15:34:47.094 [info] > git rev-parse --show-toplevel [0ms]
2025-06-05 15:34:47.097 [info] > git rev-parse --show-toplevel [1ms]
2025-06-05 15:34:47.100 [info] > git rev-parse --show-toplevel [1ms]
2025-06-05 15:34:47.103 [info] > git rev-parse --show-toplevel [0ms]
2025-06-05 15:34:47.106 [info] > git rev-parse --show-toplevel [1ms]
2025-06-05 15:34:47.109 [info] > git rev-parse --show-toplevel [1ms]
2025-06-05 15:34:47.112 [info] > git rev-parse --show-toplevel [1ms]
2025-06-05 15:35:21.891 [info] > git config --get commit.template [3ms]
2025-06-05 15:35:21.891 [info] > git for-each-ref --format=%(refname)%00%(upstream:short)%00%(objectname)%00%(upstream:track)%00%(upstream:remotename)%00%(upstream:remoteref) refs/heads/stable refs/remotes/stable [1ms]
2025-06-05 15:35:21.894 [warning] [Git][revParse] Unable to read file: ENOENT: no such file or directory, open '/home/caroulder/AFLplusplus/.git/refs/remotes/origin/stable'
2025-06-05 15:35:21.895 [info] > git rev-parse refs/remotes/origin/stable [1ms]
2025-06-05 15:35:21.902 [info] > git status -z -uall [5ms]
2025-06-05 15:35:21.909 [info] > git for-each-ref --format=%(refname)%00%(upstream:short)%00%(objectname)%00%(upstream:track)%00%(upstream:remotename)%00%(upstream:remoteref) refs/heads/stable refs/remotes/stable [3ms]
2025-06-05 15:35:21.913 [info] > git config --local branch.stable.vscode-merge-base [1ms]
2025-06-05 15:35:21.918 [info] > git for-each-ref --format=%(refname)%00%(upstream:short)%00%(objectname)%00%(upstream:track)%00%(upstream:remotename)%00%(upstream:remoteref) refs/heads/origin/stable refs/remotes/origin/stable [1ms]
2025-06-05 15:35:22.414 [info] > git rev-parse --show-toplevel [1ms]
2025-06-05 15:35:22.418 [info] > git rev-parse --show-toplevel [1ms]
2025-06-05 15:35:22.423 [info] > git rev-parse --show-toplevel [1ms]
2025-06-05 15:35:22.426 [info] > git rev-parse --show-toplevel [1ms]
2025-06-05 15:35:22.430 [info] > git rev-parse --show-toplevel [0ms]
2025-06-05 15:35:22.434 [info] > git rev-parse --show-toplevel [0ms]
2025-06-05 15:35:22.438 [info] > git rev-parse --show-toplevel [1ms]
2025-06-05 15:35:22.442 [info] > git rev-parse --show-toplevel [1ms]
2025-06-05 15:35:22.445 [info] > git rev-parse --show-toplevel [1ms]
2025-06-05 15:35:22.496 [info] > git check-ignore -v -z --stdin [1ms]
2025-06-05 15:35:24.990 [info] > git show --textconv :src/afl-fuzz-init.c [4ms]
2025-06-05 15:35:24.991 [info] > git ls-files --stage -- /home/caroulder/AFLplusplus/src/afl-fuzz-init.c [2ms]
2025-06-05 15:35:24.996 [info] > git cat-file -s cf8d319c8ca1db57f84a4c81c8a80d7b75906c52 [1ms]
2025-06-05 15:35:26.915 [info] > git config --get commit.template [1ms]
2025-06-05 15:35:26.918 [info] > git for-each-ref --format=%(refname)%00%(upstream:short)%00%(objectname)%00%(upstream:track)%00%(upstream:remotename)%00%(upstream:remoteref) refs/heads/stable refs/remotes/stable [0ms]
2025-06-05 15:35:26.921 [warning] [Git][revParse] Unable to read file: ENOENT: no such file or directory, open '/home/caroulder/AFLplusplus/.git/refs/remotes/origin/stable'
2025-06-05 15:35:26.921 [info] > git rev-parse refs/remotes/origin/stable [0ms]
2025-06-05 15:35:26.927 [info] > git status -z -uall [3ms]
2025-06-05 15:35:26.933 [info] > git for-each-ref --format=%(refname)%00%(upstream:short)%00%(objectname)%00%(upstream:track)%00%(upstream:remotename)%00%(upstream:remoteref) refs/heads/stable refs/remotes/stable [3ms]
2025-06-05 15:35:26.937 [info] > git config --local branch.stable.vscode-merge-base [1ms]
2025-06-05 15:35:26.940 [info] > git for-each-ref --format=%(refname)%00%(upstream:short)%00%(objectname)%00%(upstream:track)%00%(upstream:remotename)%00%(upstream:remoteref) refs/heads/origin/stable refs/remotes/origin/stable [0ms]
2025-06-05 15:35:27.436 [info] > git rev-parse --show-toplevel [1ms]
2025-06-05 15:35:27.439 [info] > git rev-parse --show-toplevel [1ms]
2025-06-05 15:35:27.443 [info] > git rev-parse --show-toplevel [1ms]
2025-06-05 15:35:27.446 [info] > git rev-parse --show-toplevel [1ms]
2025-06-05 15:35:27.449 [info] > git rev-parse --show-toplevel [1ms]
2025-06-05 15:35:27.451 [info] > git rev-parse --show-toplevel [0ms]
2025-06-05 15:35:27.454 [info] > git rev-parse --show-toplevel [0ms]
2025-06-05 15:35:27.458 [info] > git rev-parse --show-toplevel [1ms]
2025-06-05 15:35:27.460 [info] > git rev-parse --show-toplevel [0ms]
2025-06-05 15:35:37.332 [info] > git config --get commit.template [4ms]
2025-06-05 15:35:37.333 [info] > git for-each-ref --format=%(refname)%00%(upstream:short)%00%(objectname)%00%(upstream:track)%00%(upstream:remotename)%00%(upstream:remoteref) refs/heads/stable refs/remotes/stable [2ms]
2025-06-05 15:35:37.336 [warning] [Git][revParse] Unable to read file: ENOENT: no such file or directory, open '/home/caroulder/AFLplusplus/.git/refs/remotes/origin/stable'
2025-06-05 15:35:37.337 [info] > git rev-parse refs/remotes/origin/stable [1ms]
2025-06-05 15:35:37.345 [info] > git status -z -uall [5ms]
2025-06-05 15:35:37.352 [info] > git for-each-ref --format=%(refname)%00%(upstream:short)%00%(objectname)%00%(upstream:track)%00%(upstream:remotename)%00%(upstream:remoteref) refs/heads/stable refs/remotes/stable [4ms]
2025-06-05 15:35:37.357 [info] > git config --local branch.stable.vscode-merge-base [2ms]
2025-06-05 15:35:37.360 [info] > git for-each-ref --format=%(refname)%00%(upstream:short)%00%(objectname)%00%(upstream:track)%00%(upstream:remotename)%00%(upstream:remoteref) refs/heads/origin/stable refs/remotes/origin/stable [0ms]
2025-06-05 15:35:37.854 [info] > git rev-parse --show-toplevel [1ms]
2025-06-05 15:35:37.857 [info] > git rev-parse --show-toplevel [1ms]
2025-06-05 15:35:37.860 [info] > git rev-parse --show-toplevel [0ms]
2025-06-05 15:35:37.863 [info] > git rev-parse --show-toplevel [1ms]
2025-06-05 15:35:37.866 [info] > git rev-parse --show-toplevel [0ms]
2025-06-05 15:35:37.869 [info] > git rev-parse --show-toplevel [0ms]
2025-06-05 15:35:37.872 [info] > git rev-parse --show-toplevel [0ms]
2025-06-05 15:35:37.875 [info] > git rev-parse --show-toplevel [0ms]
2025-06-05 15:35:37.878 [info] > git rev-parse --show-toplevel [1ms]
2025-06-05 15:35:42.359 [info] > git config --get commit.template [3ms]
2025-06-05 15:35:42.360 [info] > git for-each-ref --format=%(refname)%00%(upstream:short)%00%(objectname)%00%(upstream:track)%00%(upstream:remotename)%00%(upstream:remoteref) refs/heads/stable refs/remotes/stable [1ms]
2025-06-05 15:35:42.362 [warning] [Git][revParse] Unable to read file: ENOENT: no such file or directory, open '/home/caroulder/AFLplusplus/.git/refs/remotes/origin/stable'
2025-06-05 15:35:42.363 [info] > git rev-parse refs/remotes/origin/stable [1ms]
2025-06-05 15:35:42.368 [info] > git status -z -uall [3ms]
2025-06-05 15:35:42.373 [info] > git for-each-ref --format=%(refname)%00%(upstream:short)%00%(objectname)%00%(upstream:track)%00%(upstream:remotename)%00%(upstream:remoteref) refs/heads/stable refs/remotes/stable [1ms]
2025-06-05 15:35:42.377 [info] > git config --local branch.stable.vscode-merge-base [1ms]
2025-06-05 15:35:42.380 [info] > git for-each-ref --format=%(refname)%00%(upstream:short)%00%(objectname)%00%(upstream:track)%00%(upstream:remotename)%00%(upstream:remoteref) refs/heads/origin/stable refs/remotes/origin/stable [0ms]
2025-06-05 15:35:42.877 [info] > git rev-parse --show-toplevel [1ms]
2025-06-05 15:35:42.881 [info] > git rev-parse --show-toplevel [1ms]
2025-06-05 15:35:42.883 [info] > git rev-parse --show-toplevel [0ms]
2025-06-05 15:35:42.886 [info] > git rev-parse --show-toplevel [0ms]
2025-06-05 15:35:42.889 [info] > git rev-parse --show-toplevel [1ms]
2025-06-05 15:35:42.892 [info] > git rev-parse --show-toplevel [1ms]
2025-06-05 15:35:42.894 [info] > git rev-parse --show-toplevel [0ms]
2025-06-05 15:35:42.898 [info] > git rev-parse --show-toplevel [1ms]
2025-06-05 15:35:42.901 [info] > git rev-parse --show-toplevel [1ms]
2025-06-05 15:35:47.384 [info] > git config --get commit.template [3ms]
2025-06-05 15:35:47.385 [info] > git for-each-ref --format=%(refname)%00%(upstream:short)%00%(objectname)%00%(upstream:track)%00%(upstream:remotename)%00%(upstream:remoteref) refs/heads/stable refs/remotes/stable [1ms]
2025-06-05 15:35:47.387 [warning] [Git][revParse] Unable to read file: ENOENT: no such file or directory, open '/home/caroulder/AFLplusplus/.git/refs/remotes/origin/stable'
2025-06-05 15:35:47.388 [info] > git rev-parse refs/remotes/origin/stable [0ms]
2025-06-05 15:35:47.394 [info] > git status -z -uall [4ms]
2025-06-05 15:35:47.400 [info] > git for-each-ref --format=%(refname)%00%(upstream:short)%00%(objectname)%00%(upstream:track)%00%(upstream:remotename)%00%(upstream:remoteref) refs/heads/stable refs/remotes/stable [2ms]
2025-06-05 15:35:47.404 [info] > git config --local branch.stable.vscode-merge-base [2ms]
2025-06-05 15:35:47.407 [info] > git for-each-ref --format=%(refname)%00%(upstream:short)%00%(objectname)%00%(upstream:track)%00%(upstream:remotename)%00%(upstream:remoteref) refs/heads/origin/stable refs/remotes/origin/stable [1ms]
2025-06-05 15:35:47.905 [info] > git rev-parse --show-toplevel [0ms]
2025-06-05 15:35:47.909 [info] > git rev-parse --show-toplevel [1ms]
2025-06-05 15:35:47.912 [info] > git rev-parse --show-toplevel [1ms]
2025-06-05 15:35:47.915 [info] > git rev-parse --show-toplevel [1ms]
2025-06-05 15:35:47.918 [info] > git rev-parse --show-toplevel [1ms]
2025-06-05 15:35:47.920 [info] > git rev-parse --show-toplevel [0ms]
2025-06-05 15:35:47.923 [info] > git rev-parse --show-toplevel [1ms]
2025-06-05 15:35:47.925 [info] > git rev-parse --show-toplevel [0ms]
2025-06-05 15:35:47.930 [info] > git rev-parse --show-toplevel [1ms]
2025-06-05 15:35:52.410 [info] > git config --get commit.template [3ms]
2025-06-05 15:35:52.411 [info] > git for-each-ref --format=%(refname)%00%(upstream:short)%00%(objectname)%00%(upstream:track)%00%(upstream:remotename)%00%(upstream:remoteref) refs/heads/stable refs/remotes/stable [1ms]
2025-06-05 15:35:52.413 [warning] [Git][revParse] Unable to read file: ENOENT: no such file or directory, open '/home/caroulder/AFLplusplus/.git/refs/remotes/origin/stable'
2025-06-05 15:35:52.414 [info] > git rev-parse refs/remotes/origin/stable [1ms]
2025-06-05 15:35:52.419 [info] > git status -z -uall [3ms]
2025-06-05 15:35:52.425 [info] > git for-each-ref --format=%(refname)%00%(upstream:short)%00%(objectname)%00%(upstream:track)%00%(upstream:remotename)%00%(upstream:remoteref) refs/heads/stable refs/remotes/stable [2ms]
2025-06-05 15:35:52.429 [info] > git config --local branch.stable.vscode-merge-base [1ms]
2025-06-05 15:35:52.432 [info] > git for-each-ref --format=%(refname)%00%(upstream:short)%00%(objectname)%00%(upstream:track)%00%(upstream:remotename)%00%(upstream:remoteref) refs/heads/origin/stable refs/remotes/origin/stable [1ms]
2025-06-05 15:35:52.928 [info] > git rev-parse --show-toplevel [0ms]
2025-06-05 15:35:52.931 [info] > git rev-parse --show-toplevel [1ms]
2025-06-05 15:35:52.934 [info] > git rev-parse --show-toplevel [1ms]
2025-06-05 15:35:52.937 [info] > git rev-parse --show-toplevel [1ms]
2025-06-05 15:35:52.940 [info] > git rev-parse --show-toplevel [1ms]
2025-06-05 15:35:52.943 [info] > git rev-parse --show-toplevel [1ms]
2025-06-05 15:35:52.946 [info] > git rev-parse --show-toplevel [1ms]
2025-06-05 15:35:52.949 [info] > git rev-parse --show-toplevel [0ms]
2025-06-05 15:35:52.952 [info] > git rev-parse --show-toplevel [1ms]
2025-06-05 15:35:57.434 [info] > git config --get commit.template [2ms]
2025-06-05 15:35:57.434 [info] > git for-each-ref --format=%(refname)%00%(upstream:short)%00%(objectname)%00%(upstream:track)%00%(upstream:remotename)%00%(upstream:remoteref) refs/heads/stable refs/remotes/stable [1ms]
2025-06-05 15:35:57.436 [warning] [Git][revParse] Unable to read file: ENOENT: no such file or directory, open '/home/caroulder/AFLplusplus/.git/refs/remotes/origin/stable'
2025-06-05 15:35:57.437 [info] > git rev-parse refs/remotes/origin/stable [1ms]
2025-06-05 15:35:57.442 [info] > git status -z -uall [3ms]
2025-06-05 15:35:57.448 [info] > git for-each-ref --format=%(refname)%00%(upstream:short)%00%(objectname)%00%(upstream:track)%00%(upstream:remotename)%00%(upstream:remoteref) refs/heads/stable refs/remotes/stable [3ms]
2025-06-05 15:35:57.452 [info] > git config --local branch.stable.vscode-merge-base [1ms]
2025-06-05 15:35:57.455 [info] > git for-each-ref --format=%(refname)%00%(upstream:short)%00%(objectname)%00%(upstream:track)%00%(upstream:remotename)%00%(upstream:remoteref) refs/heads/origin/stable refs/remotes/origin/stable [1ms]
2025-06-05 15:35:57.954 [info] > git rev-parse --show-toplevel [1ms]
2025-06-05 15:35:57.959 [info] > git rev-parse --show-toplevel [1ms]
2025-06-05 15:35:57.963 [info] > git rev-parse --show-toplevel [1ms]
2025-06-05 15:35:57.966 [info] > git rev-parse --show-toplevel [1ms]
2025-06-05 15:35:57.969 [info] > git rev-parse --show-toplevel [0ms]
2025-06-05 15:35:57.972 [info] > git rev-parse --show-toplevel [0ms]
2025-06-05 15:35:57.975 [info] > git rev-parse --show-toplevel [1ms]
2025-06-05 15:35:57.977 [info] > git rev-parse --show-toplevel [0ms]
2025-06-05 15:35:57.980 [info] > git rev-parse --show-toplevel [1ms]
2025-06-05 15:36:02.456 [info] > git config --get commit.template [1ms]
2025-06-05 15:36:02.460 [info] > git for-each-ref --format=%(refname)%00%(upstream:short)%00%(objectname)%00%(upstream:track)%00%(upstream:remotename)%00%(upstream:remoteref) refs/heads/stable refs/remotes/stable [1ms]
2025-06-05 15:36:02.462 [warning] [Git][revParse] Unable to read file: ENOENT: no such file or directory, open '/home/caroulder/AFLplusplus/.git/refs/remotes/origin/stable'
2025-06-05 15:36:02.463 [info] > git rev-parse refs/remotes/origin/stable [1ms]
2025-06-05 15:36:02.469 [info] > git status -z -uall [3ms]
2025-06-05 15:36:02.473 [info] > git for-each-ref --format=%(refname)%00%(upstream:short)%00%(objectname)%00%(upstream:track)%00%(upstream:remotename)%00%(upstream:remoteref) refs/heads/stable refs/remotes/stable [1ms]
2025-06-05 15:36:02.478 [info] > git config --local branch.stable.vscode-merge-base [2ms]
2025-06-05 15:36:02.482 [info] > git for-each-ref --format=%(refname)%00%(upstream:short)%00%(objectname)%00%(upstream:track)%00%(upstream:remotename)%00%(upstream:remoteref) refs/heads/origin/stable refs/remotes/origin/stable [1ms]
2025-06-05 15:36:02.981 [info] > git rev-parse --show-toplevel [1ms]
2025-06-05 15:36:02.984 [info] > git rev-parse --show-toplevel [1ms]
2025-06-05 15:36:02.987 [info] > git rev-parse --show-toplevel [1ms]
2025-06-05 15:36:02.990 [info] > git rev-parse --show-toplevel [1ms]
2025-06-05 15:36:02.993 [info] > git rev-parse --show-toplevel [0ms]
2025-06-05 15:36:02.996 [info] > git rev-parse --show-toplevel [0ms]
2025-06-05 15:36:02.999 [info] > git rev-parse --show-toplevel [0ms]
2025-06-05 15:36:03.002 [info] > git rev-parse --show-toplevel [0ms]
2025-06-05 15:36:03.005 [info] > git rev-parse --show-toplevel [1ms]
2025-06-05 15:36:07.481 [info] > git config --get commit.template [4ms]
2025-06-05 15:36:07.482 [info] > git for-each-ref --format=%(refname)%00%(upstream:short)%00%(objectname)%00%(upstream:track)%00%(upstream:remotename)%00%(upstream:remoteref) refs/heads/stable refs/remotes/stable [2ms]
2025-06-05 15:36:07.485 [warning] [Git][revParse] Unable to read file: ENOENT: no such file or directory, open '/home/caroulder/AFLplusplus/.git/refs/remotes/origin/stable'
2025-06-05 15:36:07.485 [info] > git rev-parse refs/remotes/origin/stable [0ms]
2025-06-05 15:36:07.491 [info] > git status -z -uall [3ms]
2025-06-05 15:36:07.498 [info] > git for-each-ref --format=%(refname)%00%(upstream:short)%00%(objectname)%00%(upstream:track)%00%(upstream:remotename)%00%(upstream:remoteref) refs/heads/stable refs/remotes/stable [3ms]
2025-06-05 15:36:07.502 [info] > git config --local branch.stable.vscode-merge-base [1ms]
2025-06-05 15:36:07.506 [info] > git for-each-ref --format=%(refname)%00%(upstream:short)%00%(objectname)%00%(upstream:track)%00%(upstream:remotename)%00%(upstream:remoteref) refs/heads/origin/stable refs/remotes/origin/stable [1ms]
2025-06-05 15:36:08.004 [info] > git rev-parse --show-toplevel [2ms]
2025-06-05 15:36:08.007 [info] > git rev-parse --show-toplevel [0ms]
2025-06-05 15:36:08.010 [info] > git rev-parse --show-toplevel [0ms]
2025-06-05 15:36:08.013 [info] > git rev-parse --show-toplevel [1ms]
2025-06-05 15:36:08.016 [info] > git rev-parse --show-toplevel [1ms]
2025-06-05 15:36:08.018 [info] > git rev-parse --show-toplevel [0ms]
2025-06-05 15:36:08.021 [info] > git rev-parse --show-toplevel [0ms]
2025-06-05 15:36:08.024 [info] > git rev-parse --show-toplevel [1ms]
2025-06-05 15:36:08.026 [info] > git rev-parse --show-toplevel [0ms]
2025-06-05 15:36:12.507 [info] > git config --get commit.template [2ms]
2025-06-05 15:36:12.507 [info] > git for-each-ref --format=%(refname)%00%(upstream:short)%00%(objectname)%00%(upstream:track)%00%(upstream:remotename)%00%(upstream:remoteref) refs/heads/stable refs/remotes/stable [1ms]
2025-06-05 15:36:12.509 [warning] [Git][revParse] Unable to read file: ENOENT: no such file or directory, open '/home/caroulder/AFLplusplus/.git/refs/remotes/origin/stable'
2025-06-05 15:36:12.510 [info] > git rev-parse refs/remotes/origin/stable [0ms]
2025-06-05 15:36:12.515 [info] > git status -z -uall [3ms]
2025-06-05 15:36:12.520 [info] > git for-each-ref --format=%(refname)%00%(upstream:short)%00%(objectname)%00%(upstream:track)%00%(upstream:remotename)%00%(upstream:remoteref) refs/heads/stable refs/remotes/stable [2ms]
2025-06-05 15:36:12.524 [info] > git config --local branch.stable.vscode-merge-base [1ms]
2025-06-05 15:36:12.528 [info] > git for-each-ref --format=%(refname)%00%(upstream:short)%00%(objectname)%00%(upstream:track)%00%(upstream:remotename)%00%(upstream:remoteref) refs/heads/origin/stable refs/remotes/origin/stable [0ms]
2025-06-05 15:36:13.026 [info] > git rev-parse --show-toplevel [1ms]
2025-06-05 15:36:13.029 [info] > git rev-parse --show-toplevel [1ms]
2025-06-05 15:36:13.032 [info] > git rev-parse --show-toplevel [0ms]
2025-06-05 15:36:13.035 [info] > git rev-parse --show-toplevel [1ms]
2025-06-05 15:36:13.039 [info] > git rev-parse --show-toplevel [1ms]
2025-06-05 15:36:13.041 [info] > git rev-parse --show-toplevel [0ms]
2025-06-05 15:36:13.044 [info] > git rev-parse --show-toplevel [0ms]
2025-06-05 15:36:13.047 [info] > git rev-parse --show-toplevel [0ms]
2025-06-05 15:36:13.050 [info] > git rev-parse --show-toplevel [1ms]
2025-06-05 15:36:17.527 [info] > git config --get commit.template [1ms]
2025-06-05 15:36:17.530 [info] > git for-each-ref --format=%(refname)%00%(upstream:short)%00%(objectname)%00%(upstream:track)%00%(upstream:remotename)%00%(upstream:remoteref) refs/heads/stable refs/remotes/stable [1ms]
2025-06-05 15:36:17.533 [warning] [Git][revParse] Unable to read file: ENOENT: no such file or directory, open '/home/caroulder/AFLplusplus/.git/refs/remotes/origin/stable'
2025-06-05 15:36:17.533 [info] > git rev-parse refs/remotes/origin/stable [0ms]
2025-06-05 15:36:17.539 [info] > git status -z -uall [4ms]
2025-06-05 15:36:17.545 [info] > git for-each-ref --format=%(refname)%00%(upstream:short)%00%(objectname)%00%(upstream:track)%00%(upstream:remotename)%00%(upstream:remoteref) refs/heads/stable refs/remotes/stable [3ms]
2025-06-05 15:36:17.549 [info] > git config --local branch.stable.vscode-merge-base [1ms]
2025-06-05 15:36:17.552 [info] > git for-each-ref --format=%(refname)%00%(upstream:short)%00%(objectname)%00%(upstream:track)%00%(upstream:remotename)%00%(upstream:remoteref) refs/heads/origin/stable refs/remotes/origin/stable [1ms]
2025-06-05 15:36:18.048 [info] > git rev-parse --show-toplevel [1ms]
2025-06-05 15:36:18.051 [info] > git rev-parse --show-toplevel [1ms]
2025-06-05 15:36:18.054 [info] > git rev-parse --show-toplevel [0ms]
2025-06-05 15:36:18.057 [info] > git rev-parse --show-toplevel [1ms]
2025-06-05 15:36:18.060 [info] > git rev-parse --show-toplevel [0ms]
2025-06-05 15:36:18.063 [info] > git rev-parse --show-toplevel [0ms]
2025-06-05 15:36:18.066 [info] > git rev-parse --show-toplevel [0ms]
2025-06-05 15:36:18.069 [info] > git rev-parse --show-toplevel [1ms]
2025-06-05 15:36:18.072 [info] > git rev-parse --show-toplevel [1ms]
2025-06-05 15:36:22.551 [info] > git config --get commit.template [0ms]
2025-06-05 15:36:22.555 [info] > git for-each-ref --format=%(refname)%00%(upstream:short)%00%(objectname)%00%(upstream:track)%00%(upstream:remotename)%00%(upstream:remoteref) refs/heads/stable refs/remotes/stable [0ms]
2025-06-05 15:36:22.557 [warning] [Git][revParse] Unable to read file: ENOENT: no such file or directory, open '/home/caroulder/AFLplusplus/.git/refs/remotes/origin/stable'
2025-06-05 15:36:22.557 [info] > git rev-parse refs/remotes/origin/stable [0ms]
2025-06-05 15:36:22.563 [info] > git status -z -uall [4ms]
2025-06-05 15:36:22.568 [info] > git for-each-ref --format=%(refname)%00%(upstream:short)%00%(objectname)%00%(upstream:track)%00%(upstream:remotename)%00%(upstream:remoteref) refs/heads/stable refs/remotes/stable [2ms]
2025-06-05 15:36:22.578 [info] > git config --local branch.stable.vscode-merge-base [8ms]
2025-06-05 15:36:22.583 [info] > git for-each-ref --format=%(refname)%00%(upstream:short)%00%(objectname)%00%(upstream:track)%00%(upstream:remotename)%00%(upstream:remoteref) refs/heads/origin/stable refs/remotes/origin/stable [1ms]
2025-06-05 15:36:23.071 [info] > git rev-parse --show-toplevel [0ms]
2025-06-05 15:36:23.074 [info] > git rev-parse --show-toplevel [0ms]
2025-06-05 15:36:23.077 [info] > git rev-parse --show-toplevel [0ms]
2025-06-05 15:36:23.080 [info] > git rev-parse --show-toplevel [1ms]
2025-06-05 15:36:23.083 [info] > git rev-parse --show-toplevel [1ms]
2025-06-05 15:36:23.086 [info] > git rev-parse --show-toplevel [1ms]
2025-06-05 15:36:23.089 [info] > git rev-parse --show-toplevel [1ms]
2025-06-05 15:36:23.092 [info] > git rev-parse --show-toplevel [0ms]
2025-06-05 15:36:23.094 [info] > git rev-parse --show-toplevel [0ms]
2025-06-05 15:36:27.581 [info] > git config --get commit.template [4ms]
2025-06-05 15:36:27.582 [info] > git for-each-ref --format=%(refname)%00%(upstream:short)%00%(objectname)%00%(upstream:track)%00%(upstream:remotename)%00%(upstream:remoteref) refs/heads/stable refs/remotes/stable [1ms]
2025-06-05 15:36:27.584 [warning] [Git][revParse] Unable to read file: ENOENT: no such file or directory, open '/home/caroulder/AFLplusplus/.git/refs/remotes/origin/stable'
2025-06-05 15:36:27.584 [info] > git rev-parse refs/remotes/origin/stable [0ms]
2025-06-05 15:36:27.590 [info] > git status -z -uall [3ms]
2025-06-05 15:36:27.595 [info] > git for-each-ref --format=%(refname)%00%(upstream:short)%00%(objectname)%00%(upstream:track)%00%(upstream:remotename)%00%(upstream:remoteref) refs/heads/stable refs/remotes/stable [2ms]
2025-06-05 15:36:27.598 [info] > git config --local branch.stable.vscode-merge-base [1ms]
2025-06-05 15:36:27.601 [info] > git for-each-ref --format=%(refname)%00%(upstream:short)%00%(objectname)%00%(upstream:track)%00%(upstream:remotename)%00%(upstream:remoteref) refs/heads/origin/stable refs/remotes/origin/stable [0ms]
2025-06-05 15:36:28.100 [info] > git rev-parse --show-toplevel [1ms]
2025-06-05 15:36:28.104 [info] > git rev-parse --show-toplevel [1ms]
2025-06-05 15:36:28.107 [info] > git rev-parse --show-toplevel [1ms]
2025-06-05 15:36:28.110 [info] > git rev-parse --show-toplevel [1ms]
2025-06-05 15:36:28.113 [info] > git rev-parse --show-toplevel [1ms]
2025-06-05 15:36:28.115 [info] > git rev-parse --show-toplevel [0ms]
2025-06-05 15:36:28.118 [info] > git rev-parse --show-toplevel [0ms]
2025-06-05 15:36:28.121 [info] > git rev-parse --show-toplevel [1ms]
2025-06-05 15:36:28.123 [info] > git rev-parse --show-toplevel [0ms]
2025-06-05 15:36:32.604 [info] > git config --get commit.template [1ms]
2025-06-05 15:36:32.607 [info] > git for-each-ref --format=%(refname)%00%(upstream:short)%00%(objectname)%00%(upstream:track)%00%(upstream:remotename)%00%(upstream:remoteref) refs/heads/stable refs/remotes/stable [1ms]
2025-06-05 15:36:32.609 [warning] [Git][revParse] Unable to read file: ENOENT: no such file or directory, open '/home/caroulder/AFLplusplus/.git/refs/remotes/origin/stable'
2025-06-05 15:36:32.610 [info] > git rev-parse refs/remotes/origin/stable [1ms]
2025-06-05 15:36:32.616 [info] > git status -z -uall [4ms]
2025-06-05 15:36:32.621 [info] > git for-each-ref --format=%(refname)%00%(upstream:short)%00%(objectname)%00%(upstream:track)%00%(upstream:remotename)%00%(upstream:remoteref) refs/heads/stable refs/remotes/stable [3ms]
2025-06-05 15:36:32.626 [info] > git config --local branch.stable.vscode-merge-base [1ms]
2025-06-05 15:36:32.630 [info] > git for-each-ref --format=%(refname)%00%(upstream:short)%00%(objectname)%00%(upstream:track)%00%(upstream:remotename)%00%(upstream:remoteref) refs/heads/origin/stable refs/remotes/origin/stable [1ms]
2025-06-05 15:36:33.123 [info] > git rev-parse --show-toplevel [1ms]
2025-06-05 15:36:33.126 [info] > git rev-parse --show-toplevel [0ms]
2025-06-05 15:36:33.130 [info] > git rev-parse --show-toplevel [1ms]
2025-06-05 15:36:33.133 [info] > git rev-parse --show-toplevel [0ms]
2025-06-05 15:36:33.135 [info] > git rev-parse --show-toplevel [0ms]
2025-06-05 15:36:33.138 [info] > git rev-parse --show-toplevel [0ms]
2025-06-05 15:36:33.141 [info] > git rev-parse --show-toplevel [1ms]
2025-06-05 15:36:33.144 [info] > git rev-parse --show-toplevel [1ms]
2025-06-05 15:36:33.147 [info] > git rev-parse --show-toplevel [0ms]
2025-06-05 15:36:37.628 [info] > git config --get commit.template [0ms]
2025-06-05 15:36:37.631 [info] > git for-each-ref --format=%(refname)%00%(upstream:short)%00%(objectname)%00%(upstream:track)%00%(upstream:remotename)%00%(upstream:remoteref) refs/heads/stable refs/remotes/stable [1ms]
2025-06-05 15:36:37.633 [warning] [Git][revParse] Unable to read file: ENOENT: no such file or directory, open '/home/caroulder/AFLplusplus/.git/refs/remotes/origin/stable'
2025-06-05 15:36:37.633 [info] > git rev-parse refs/remotes/origin/stable [0ms]
2025-06-05 15:36:37.640 [info] > git status -z -uall [4ms]
2025-06-05 15:36:37.646 [info] > git for-each-ref --format=%(refname)%00%(upstream:short)%00%(objectname)%00%(upstream:track)%00%(upstream:remotename)%00%(upstream:remoteref) refs/heads/stable refs/remotes/stable [3ms]
2025-06-05 15:36:37.650 [info] > git config --local branch.stable.vscode-merge-base [1ms]
2025-06-05 15:36:37.655 [info] > git for-each-ref --format=%(refname)%00%(upstream:short)%00%(objectname)%00%(upstream:track)%00%(upstream:remotename)%00%(upstream:remoteref) refs/heads/origin/stable refs/remotes/origin/stable [1ms]
2025-06-05 15:36:38.149 [info] > git rev-parse --show-toplevel [1ms]
2025-06-05 15:36:38.153 [info] > git rev-parse --show-toplevel [1ms]
2025-06-05 15:36:38.156 [info] > git rev-parse --show-toplevel [0ms]
2025-06-05 15:36:38.163 [info] > git rev-parse --show-toplevel [4ms]
2025-06-05 15:36:38.168 [info] > git rev-parse --show-toplevel [1ms]
2025-06-05 15:36:38.172 [info] > git rev-parse --show-toplevel [1ms]
2025-06-05 15:36:38.175 [info] > git rev-parse --show-toplevel [0ms]
2025-06-05 15:36:38.179 [info] > git rev-parse --show-toplevel [1ms]
2025-06-05 15:36:38.182 [info] > git rev-parse --show-toplevel [1ms]
2025-06-05 15:36:42.656 [info] > git config --get commit.template [3ms]
2025-06-05 15:36:42.656 [info] > git for-each-ref --format=%(refname)%00%(upstream:short)%00%(objectname)%00%(upstream:track)%00%(upstream:remotename)%00%(upstream:remoteref) refs/heads/stable refs/remotes/stable [0ms]
2025-06-05 15:36:42.659 [warning] [Git][revParse] Unable to read file: ENOENT: no such file or directory, open '/home/caroulder/AFLplusplus/.git/refs/remotes/origin/stable'
2025-06-05 15:36:42.660 [info] > git rev-parse refs/remotes/origin/stable [1ms]
2025-06-05 15:36:42.666 [info] > git status -z -uall [4ms]
2025-06-05 15:36:42.671 [info] > git for-each-ref --format=%(refname)%00%(upstream:short)%00%(objectname)%00%(upstream:track)%00%(upstream:remotename)%00%(upstream:remoteref) refs/heads/stable refs/remotes/stable [3ms]
2025-06-05 15:36:42.676 [info] > git config --local branch.stable.vscode-merge-base [1ms]
2025-06-05 15:36:42.680 [info] > git for-each-ref --format=%(refname)%00%(upstream:short)%00%(objectname)%00%(upstream:track)%00%(upstream:remotename)%00%(upstream:remoteref) refs/heads/origin/stable refs/remotes/origin/stable [1ms]
2025-06-05 15:36:43.174 [info] > git rev-parse --show-toplevel [0ms]
2025-06-05 15:36:43.178 [info] > git rev-parse --show-toplevel [1ms]
2025-06-05 15:36:43.181 [info] > git rev-parse --show-toplevel [1ms]
2025-06-05 15:36:43.183 [info] > git rev-parse --show-toplevel [0ms]
2025-06-05 15:36:43.187 [info] > git rev-parse --show-toplevel [1ms]
2025-06-05 15:36:43.190 [info] > git rev-parse --show-toplevel [1ms]
2025-06-05 15:36:43.192 [info] > git rev-parse --show-toplevel [0ms]
2025-06-05 15:36:43.195 [info] > git rev-parse --show-toplevel [0ms]
2025-06-05 15:36:43.198 [info] > git rev-parse --show-toplevel [0ms]
2025-06-05 15:36:47.683 [info] > git config --get commit.template [3ms]
2025-06-05 15:36:47.704 [info] > git for-each-ref --format=%(refname)%00%(upstream:short)%00%(objectname)%00%(upstream:track)%00%(upstream:remotename)%00%(upstream:remoteref) refs/heads/stable refs/remotes/stable [4ms]
2025-06-05 15:36:47.723 [warning] [Git][revParse] Unable to read file: ENOENT: no such file or directory, open '/home/caroulder/AFLplusplus/.git/refs/remotes/origin/stable'
2025-06-05 15:36:47.725 [info] > git rev-parse refs/remotes/origin/stable [2ms]
2025-06-05 15:36:47.744 [info] > git status -z -uall [13ms]
2025-06-05 15:36:47.759 [info] > git for-each-ref --format=%(refname)%00%(upstream:short)%00%(objectname)%00%(upstream:track)%00%(upstream:remotename)%00%(upstream:remoteref) refs/heads/stable refs/remotes/stable [5ms]
2025-06-05 15:36:47.771 [info] > git config --local branch.stable.vscode-merge-base [4ms]
2025-06-05 15:36:47.781 [info] > git for-each-ref --format=%(refname)%00%(upstream:short)%00%(objectname)%00%(upstream:track)%00%(upstream:remotename)%00%(upstream:remoteref) refs/heads/origin/stable refs/remotes/origin/stable [2ms]
2025-06-05 15:36:48.261 [info] > git rev-parse --show-toplevel [1ms]
2025-06-05 15:36:48.265 [info] > git rev-parse --show-toplevel [1ms]
2025-06-05 15:36:48.268 [info] > git rev-parse --show-toplevel [1ms]
2025-06-05 15:36:48.270 [info] > git rev-parse --show-toplevel [0ms]
2025-06-05 15:36:48.273 [info] > git rev-parse --show-toplevel [1ms]
2025-06-05 15:36:48.275 [info] > git rev-parse --show-toplevel [0ms]
2025-06-05 15:36:48.279 [info] > git rev-parse --show-toplevel [1ms]
2025-06-05 15:36:48.282 [info] > git rev-parse --show-toplevel [1ms]
2025-06-05 15:36:48.284 [info] > git rev-parse --show-toplevel [0ms]
2025-06-05 15:36:52.793 [info] > git for-each-ref --format=%(refname)%00%(upstream:short)%00%(objectname)%00%(upstream:track)%00%(upstream:remotename)%00%(upstream:remoteref) refs/heads/stable refs/remotes/stable [4ms]
2025-06-05 15:36:52.796 [info] > git config --get commit.template [19ms]
2025-06-05 15:36:52.806 [warning] [Git][revParse] Unable to read file: ENOENT: no such file or directory, open '/home/caroulder/AFLplusplus/.git/refs/remotes/origin/stable'
2025-06-05 15:36:52.810 [info] > git rev-parse refs/remotes/origin/stable [4ms]
2025-06-05 15:36:52.852 [info] > git status -z -uall [30ms]
2025-06-05 15:36:52.871 [info] > git for-each-ref --format=%(refname)%00%(upstream:short)%00%(objectname)%00%(upstream:track)%00%(upstream:remotename)%00%(upstream:remoteref) refs/heads/stable refs/remotes/stable [8ms]
2025-06-05 15:36:52.890 [info] > git config --local branch.stable.vscode-merge-base [7ms]
2025-06-05 15:36:52.911 [info] > git for-each-ref --format=%(refname)%00%(upstream:short)%00%(objectname)%00%(upstream:track)%00%(upstream:remotename)%00%(upstream:remoteref) refs/heads/origin/stable refs/remotes/origin/stable [6ms]
2025-06-05 15:36:53.391 [info] > git rev-parse --show-toplevel [4ms]
2025-06-05 15:36:53.414 [info] > git rev-parse --show-toplevel [12ms]
2025-06-05 15:36:53.428 [info] > git rev-parse --show-toplevel [2ms]
2025-06-05 15:36:53.448 [info] > git rev-parse --show-toplevel [1ms]
2025-06-05 15:36:53.458 [info] > git rev-parse --show-toplevel [2ms]
2025-06-05 15:36:53.471 [info] > git rev-parse --show-toplevel [4ms]
2025-06-05 15:36:53.506 [info] > git rev-parse --show-toplevel [27ms]
2025-06-05 15:36:53.520 [info] > git rev-parse --show-toplevel [2ms]
2025-06-05 15:36:53.529 [info] > git rev-parse --show-toplevel [2ms]
2025-06-05 15:36:57.896 [info] > git for-each-ref --format=%(refname)%00%(upstream:short)%00%(objectname)%00%(upstream:track)%00%(upstream:remotename)%00%(upstream:remoteref) refs/heads/stable refs/remotes/stable [8ms]
2025-06-05 15:36:57.897 [info] > git config --get commit.template [17ms]
2025-06-05 15:36:57.909 [warning] [Git][revParse] Unable to read file: ENOENT: no such file or directory, open '/home/caroulder/AFLplusplus/.git/refs/remotes/origin/stable'
2025-06-05 15:36:57.915 [info] > git rev-parse refs/remotes/origin/stable [6ms]
2025-06-05 15:36:57.981 [info] > git status -z -uall [55ms]
2025-06-05 15:36:58.009 [info] > git for-each-ref --format=%(refname)%00%(upstream:short)%00%(objectname)%00%(upstream:track)%00%(upstream:remotename)%00%(upstream:remoteref) refs/heads/stable refs/remotes/stable [14ms]
2025-06-05 15:36:58.019 [info] > git config --local branch.stable.vscode-merge-base [1ms]
2025-06-05 15:36:58.029 [info] > git for-each-ref --format=%(refname)%00%(upstream:short)%00%(objectname)%00%(upstream:track)%00%(upstream:remotename)%00%(upstream:remoteref) refs/heads/origin/stable refs/remotes/origin/stable [3ms]
2025-06-05 15:36:58.505 [info] > git rev-parse --show-toplevel [2ms]
2025-06-05 15:36:58.515 [info] > git rev-parse --show-toplevel [3ms]
2025-06-05 15:36:58.538 [info] > git rev-parse --show-toplevel [8ms]
2025-06-05 15:36:58.548 [info] > git rev-parse --show-toplevel [2ms]
2025-06-05 15:36:58.558 [info] > git rev-parse --show-toplevel [1ms]
2025-06-05 15:36:58.567 [info] > git rev-parse --show-toplevel [1ms]
2025-06-05 15:36:58.572 [info] > git rev-parse --show-toplevel [1ms]
2025-06-05 15:36:58.581 [info] > git rev-parse --show-toplevel [2ms]
2025-06-05 15:36:58.612 [info] > git rev-parse --show-toplevel [4ms]
2025-06-05 15:37:03.025 [info] > git config --get commit.template [7ms]
2025-06-05 15:37:03.040 [info] > git for-each-ref --format=%(refname)%00%(upstream:short)%00%(objectname)%00%(upstream:track)%00%(upstream:remotename)%00%(upstream:remoteref) refs/heads/stable refs/remotes/stable [5ms]
2025-06-05 15:37:03.048 [warning] [Git][revParse] Unable to read file: ENOENT: no such file or directory, open '/home/caroulder/AFLplusplus/.git/refs/remotes/origin/stable'
2025-06-05 15:37:03.054 [info] > git rev-parse refs/remotes/origin/stable [6ms]
2025-06-05 15:37:03.088 [info] > git status -z -uall [22ms]
2025-06-05 15:37:03.113 [info] > git for-each-ref --format=%(refname)%00%(upstream:short)%00%(objectname)%00%(upstream:track)%00%(upstream:remotename)%00%(upstream:remoteref) refs/heads/stable refs/remotes/stable [12ms]
2025-06-05 15:37:03.128 [info] > git config --local branch.stable.vscode-merge-base [2ms]
2025-06-05 15:37:03.157 [info] > git for-each-ref --format=%(refname)%00%(upstream:short)%00%(objectname)%00%(upstream:track)%00%(upstream:remotename)%00%(upstream:remoteref) refs/heads/origin/stable refs/remotes/origin/stable [15ms]
2025-06-05 15:37:03.626 [info] > git rev-parse --show-toplevel [3ms]
2025-06-05 15:37:03.647 [info] > git rev-parse --show-toplevel [3ms]
2025-06-05 15:37:03.659 [info] > git rev-parse --show-toplevel [2ms]
2025-06-05 15:37:03.705 [info] > git rev-parse --show-toplevel [19ms]
2025-06-05 15:37:03.722 [info] > git rev-parse --show-toplevel [4ms]
2025-06-05 15:37:03.744 [info] > git rev-parse --show-toplevel [12ms]
2025-06-05 15:37:03.756 [info] > git rev-parse --show-toplevel [1ms]
2025-06-05 15:37:03.770 [info] > git rev-parse --show-toplevel [3ms]
2025-06-05 15:37:03.793 [info] > git rev-parse --show-toplevel [5ms]
2025-06-05 15:37:08.167 [info] > git config --get commit.template [19ms]
2025-06-05 15:37:08.170 [info] > git for-each-ref --format=%(refname)%00%(upstream:short)%00%(objectname)%00%(upstream:track)%00%(upstream:remotename)%00%(upstream:remoteref) refs/heads/stable refs/remotes/stable [4ms]
2025-06-05 15:37:08.175 [warning] [Git][revParse] Unable to read file: ENOENT: no such file or directory, open '/home/caroulder/AFLplusplus/.git/refs/remotes/origin/stable'
2025-06-05 15:37:08.179 [info] > git rev-parse refs/remotes/origin/stable [3ms]
2025-06-05 15:37:08.277 [info] > git status -z -uall [64ms]
2025-06-05 15:37:08.308 [info] > git for-each-ref --format=%(refname)%00%(upstream:short)%00%(objectname)%00%(upstream:track)%00%(upstream:remotename)%00%(upstream:remoteref) refs/heads/stable refs/remotes/stable [9ms]
2025-06-05 15:37:08.334 [info] > git config --local branch.stable.vscode-merge-base [9ms]
2025-06-05 15:37:08.348 [info] > git for-each-ref --format=%(refname)%00%(upstream:short)%00%(objectname)%00%(upstream:track)%00%(upstream:remotename)%00%(upstream:remoteref) refs/heads/origin/stable refs/remotes/origin/stable [3ms]
2025-06-05 15:37:08.824 [info] > git rev-parse --show-toplevel [7ms]
2025-06-05 15:37:08.831 [info] > git rev-parse --show-toplevel [2ms]
2025-06-05 15:37:08.858 [info] > git rev-parse --show-toplevel [5ms]
2025-06-05 15:37:08.868 [info] > git rev-parse --show-toplevel [2ms]
2025-06-05 15:37:08.874 [info] > git rev-parse --show-toplevel [1ms]
2025-06-05 15:37:08.883 [info] > git rev-parse --show-toplevel [2ms]
2025-06-05 15:37:08.901 [info] > git rev-parse --show-toplevel [5ms]
2025-06-05 15:37:08.908 [info] > git rev-parse --show-toplevel [1ms]
2025-06-05 15:37:08.915 [info] > git rev-parse --show-toplevel [1ms]
2025-06-05 15:37:13.328 [info] > git config --get commit.template [8ms]
2025-06-05 15:37:13.349 [info] > git for-each-ref --format=%(refname)%00%(upstream:short)%00%(objectname)%00%(upstream:track)%00%(upstream:remotename)%00%(upstream:remoteref) refs/heads/stable refs/remotes/stable [14ms]
2025-06-05 15:37:13.361 [warning] [Git][revParse] Unable to read file: ENOENT: no such file or directory, open '/home/caroulder/AFLplusplus/.git/refs/remotes/origin/stable'
2025-06-05 15:37:13.365 [info] > git rev-parse refs/remotes/origin/stable [4ms]
2025-06-05 15:37:13.387 [info] > git status -z -uall [19ms]
2025-06-05 15:37:13.408 [info] > git for-each-ref --format=%(refname)%00%(upstream:short)%00%(objectname)%00%(upstream:track)%00%(upstream:remotename)%00%(upstream:remoteref) refs/heads/stable refs/remotes/stable [9ms]
2025-06-05 15:37:13.424 [info] > git config --local branch.stable.vscode-merge-base [6ms]
2025-06-05 15:37:13.441 [info] > git for-each-ref --format=%(refname)%00%(upstream:short)%00%(objectname)%00%(upstream:track)%00%(upstream:remotename)%00%(upstream:remoteref) refs/heads/origin/stable refs/remotes/origin/stable [3ms]
2025-06-05 15:37:13.923 [info] > git rev-parse --show-toplevel [3ms]
2025-06-05 15:37:13.962 [info] > git rev-parse --show-toplevel [2ms]
2025-06-05 15:37:13.971 [info] > git rev-parse --show-toplevel [1ms]
2025-06-05 15:37:13.978 [info] > git rev-parse --show-toplevel [1ms]
2025-06-05 15:37:14.004 [info] > git rev-parse --show-toplevel [2ms]
2025-06-05 15:37:14.016 [info] > git rev-parse --show-toplevel [3ms]
2025-06-05 15:37:14.044 [info] > git rev-parse --show-toplevel [1ms]
2025-06-05 15:37:14.059 [info] > git rev-parse --show-toplevel [3ms]
2025-06-05 15:37:14.072 [info] > git rev-parse --show-toplevel [4ms]
2025-06-05 15:37:18.427 [info] > git config --get commit.template [9ms]
2025-06-05 15:37:18.428 [info] > git for-each-ref --format=%(refname)%00%(upstream:short)%00%(objectname)%00%(upstream:track)%00%(upstream:remotename)%00%(upstream:remoteref) refs/heads/stable refs/remotes/stable [2ms]
2025-06-05 15:37:18.467 [warning] [Git][revParse] Unable to read file: ENOENT: no such file or directory, open '/home/caroulder/AFLplusplus/.git/refs/remotes/origin/stable'
2025-06-05 15:37:18.478 [info] > git rev-parse refs/remotes/origin/stable [11ms]
2025-06-05 15:37:18.520 [info] > git status -z -uall [24ms]
2025-06-05 15:37:18.565 [info] > git for-each-ref --format=%(refname)%00%(upstream:short)%00%(objectname)%00%(upstream:track)%00%(upstream:remotename)%00%(upstream:remoteref) refs/heads/stable refs/remotes/stable [26ms]
2025-06-05 15:37:18.596 [info] > git config --local branch.stable.vscode-merge-base [12ms]
2025-06-05 15:37:18.607 [info] > git for-each-ref --format=%(refname)%00%(upstream:short)%00%(objectname)%00%(upstream:track)%00%(upstream:remotename)%00%(upstream:remoteref) refs/heads/origin/stable refs/remotes/origin/stable [2ms]
2025-06-05 15:37:19.051 [info] > git rev-parse --show-toplevel [3ms]
2025-06-05 15:37:19.059 [info] > git rev-parse --show-toplevel [2ms]
2025-06-05 15:37:19.065 [info] > git rev-parse --show-toplevel [2ms]
2025-06-05 15:37:19.080 [info] > git rev-parse --show-toplevel [2ms]
2025-06-05 15:37:19.090 [info] > git rev-parse --show-toplevel [2ms]
2025-06-05 15:37:19.099 [info] > git rev-parse --show-toplevel [2ms]
2025-06-05 15:37:19.110 [info] > git rev-parse --show-toplevel [3ms]
2025-06-05 15:37:19.118 [info] > git rev-parse --show-toplevel [1ms]
2025-06-05 15:37:19.126 [info] > git rev-parse --show-toplevel [2ms]
2025-06-05 15:37:23.583 [info] > git config --get commit.template [2ms]
2025-06-05 15:37:23.602 [info] > git for-each-ref --format=%(refname)%00%(upstream:short)%00%(objectname)%00%(upstream:track)%00%(upstream:remotename)%00%(upstream:remoteref) refs/heads/stable refs/remotes/stable [3ms]
2025-06-05 15:37:23.610 [warning] [Git][revParse] Unable to read file: ENOENT: no such file or directory, open '/home/caroulder/AFLplusplus/.git/refs/remotes/origin/stable'
2025-06-05 15:37:23.612 [info] > git rev-parse refs/remotes/origin/stable [3ms]
2025-06-05 15:37:23.658 [info] > git status -z -uall [37ms]
2025-06-05 15:37:23.674 [info] > git for-each-ref --format=%(refname)%00%(upstream:short)%00%(objectname)%00%(upstream:track)%00%(upstream:remotename)%00%(upstream:remoteref) refs/heads/stable refs/remotes/stable [3ms]
2025-06-05 15:37:23.743 [info] > git config --local branch.stable.vscode-merge-base [52ms]
2025-06-05 15:37:23.813 [info] > git for-each-ref --format=%(refname)%00%(upstream:short)%00%(objectname)%00%(upstream:track)%00%(upstream:remotename)%00%(upstream:remoteref) refs/heads/origin/stable refs/remotes/origin/stable [55ms]
2025-06-05 15:37:24.200 [info] > git rev-parse --show-toplevel [5ms]
2025-06-05 15:37:24.211 [info] > git rev-parse --show-toplevel [3ms]
2025-06-05 15:37:24.243 [info] > git rev-parse --show-toplevel [5ms]
2025-06-05 15:37:24.256 [info] > git rev-parse --show-toplevel [2ms]
2025-06-05 15:37:24.266 [info] > git rev-parse --show-toplevel [2ms]
2025-06-05 15:37:24.290 [info] > git rev-parse --show-toplevel [5ms]
2025-06-05 15:37:24.310 [info] > git rev-parse --show-toplevel [5ms]
2025-06-05 15:37:24.332 [info] > git rev-parse --show-toplevel [2ms]
2025-06-05 15:37:24.339 [info] > git rev-parse --show-toplevel [2ms]
2025-06-05 15:37:28.710 [info] > git config --get commit.template [21ms]
2025-06-05 15:37:28.719 [info] > git for-each-ref --format=%(refname)%00%(upstream:short)%00%(objectname)%00%(upstream:track)%00%(upstream:remotename)%00%(upstream:remoteref) refs/heads/stable refs/remotes/stable [10ms]
2025-06-05 15:37:28.754 [warning] [Git][revParse] Unable to read file: ENOENT: no such file or directory, open '/home/caroulder/AFLplusplus/.git/refs/remotes/origin/stable'
2025-06-05 15:37:28.755 [info] > git rev-parse refs/remotes/origin/stable [1ms]
2025-06-05 15:37:28.830 [info] > git status -z -uall [44ms]
2025-06-05 15:37:28.849 [info] > git for-each-ref --format=%(refname)%00%(upstream:short)%00%(objectname)%00%(upstream:track)%00%(upstream:remotename)%00%(upstream:remoteref) refs/heads/stable refs/remotes/stable [3ms]
2025-06-05 15:37:28.861 [info] > git config --local branch.stable.vscode-merge-base [4ms]
2025-06-05 15:37:28.896 [info] > git for-each-ref --format=%(refname)%00%(upstream:short)%00%(objectname)%00%(upstream:track)%00%(upstream:remotename)%00%(upstream:remoteref) refs/heads/origin/stable refs/remotes/origin/stable [3ms]
2025-06-05 15:37:29.359 [info] > git rev-parse --show-toplevel [4ms]
2025-06-05 15:37:29.368 [info] > git rev-parse --show-toplevel [2ms]
2025-06-05 15:37:29.376 [info] > git rev-parse --show-toplevel [2ms]
2025-06-05 15:37:29.386 [info] > git rev-parse --show-toplevel [2ms]
2025-06-05 15:37:29.403 [info] > git rev-parse --show-toplevel [6ms]
2025-06-05 15:37:29.412 [info] > git rev-parse --show-toplevel [2ms]
2025-06-05 15:37:29.420 [info] > git rev-parse --show-toplevel [1ms]
2025-06-05 15:37:29.428 [info] > git rev-parse --show-toplevel [1ms]
2025-06-05 15:37:29.433 [info] > git rev-parse --show-toplevel [0ms]
2025-06-05 15:37:33.902 [info] > git config --get commit.template [40ms]
2025-06-05 15:37:33.904 [info] > git for-each-ref --format=%(refname)%00%(upstream:short)%00%(objectname)%00%(upstream:track)%00%(upstream:remotename)%00%(upstream:remoteref) refs/heads/stable refs/remotes/stable [3ms]
2025-06-05 15:37:33.917 [warning] [Git][revParse] Unable to read file: ENOENT: no such file or directory, open '/home/caroulder/AFLplusplus/.git/refs/remotes/origin/stable'
2025-06-05 15:37:33.921 [info] > git rev-parse refs/remotes/origin/stable [4ms]
2025-06-05 15:37:33.982 [info] > git status -z -uall [56ms]
2025-06-05 15:37:34.015 [info] > git for-each-ref --format=%(refname)%00%(upstream:short)%00%(objectname)%00%(upstream:track)%00%(upstream:remotename)%00%(upstream:remoteref) refs/heads/stable refs/remotes/stable [13ms]
2025-06-05 15:37:34.038 [info] > git config --local branch.stable.vscode-merge-base [10ms]
2025-06-05 15:37:34.053 [info] > git for-each-ref --format=%(refname)%00%(upstream:short)%00%(objectname)%00%(upstream:track)%00%(upstream:remotename)%00%(upstream:remoteref) refs/heads/origin/stable refs/remotes/origin/stable [4ms]
2025-06-05 15:37:34.573 [info] > git rev-parse --show-toplevel [26ms]
2025-06-05 15:37:34.582 [info] > git rev-parse --show-toplevel [0ms]
2025-06-05 15:37:34.593 [info] > git rev-parse --show-toplevel [2ms]
2025-06-05 15:37:34.604 [info] > git rev-parse --show-toplevel [2ms]
2025-06-05 15:37:34.630 [info] > git rev-parse --show-toplevel [6ms]
2025-06-05 15:37:34.656 [info] > git rev-parse --show-toplevel [1ms]
2025-06-05 15:37:34.700 [info] > git rev-parse --show-toplevel [3ms]
2025-06-05 15:37:34.709 [info] > git rev-parse --show-toplevel [2ms]
2025-06-05 15:37:34.723 [info] > git rev-parse --show-toplevel [4ms]
2025-06-05 15:37:39.092 [info] > git config --get commit.template [68ms]
2025-06-05 15:37:39.093 [info] > git for-each-ref --format=%(refname)%00%(upstream:short)%00%(objectname)%00%(upstream:track)%00%(upstream:remotename)%00%(upstream:remoteref) refs/heads/stable refs/remotes/stable [2ms]
2025-06-05 15:37:39.102 [warning] [Git][revParse] Unable to read file: ENOENT: no such file or directory, open '/home/caroulder/AFLplusplus/.git/refs/remotes/origin/stable'
2025-06-05 15:37:39.103 [info] > git rev-parse refs/remotes/origin/stable [1ms]
2025-06-05 15:37:39.239 [info] > git status -z -uall [115ms]
2025-06-05 15:37:39.272 [info] > git for-each-ref --format=%(refname)%00%(upstream:short)%00%(objectname)%00%(upstream:track)%00%(upstream:remotename)%00%(upstream:remoteref) refs/heads/stable refs/remotes/stable [11ms]
2025-06-05 15:37:39.322 [info] > git config --local branch.stable.vscode-merge-base [25ms]
2025-06-05 15:37:39.507 [info] > git for-each-ref --format=%(refname)%00%(upstream:short)%00%(objectname)%00%(upstream:track)%00%(upstream:remotename)%00%(upstream:remoteref) refs/heads/origin/stable refs/remotes/origin/stable [168ms]
2025-06-05 15:37:39.780 [info] > git rev-parse --show-toplevel [2ms]
2025-06-05 15:37:39.794 [info] > git rev-parse --show-toplevel [2ms]
2025-06-05 15:37:39.806 [info] > git rev-parse --show-toplevel [3ms]
2025-06-05 15:37:39.825 [info] > git rev-parse --show-toplevel [6ms]
2025-06-05 15:37:39.841 [info] > git rev-parse --show-toplevel [5ms]
2025-06-05 15:37:39.856 [info] > git rev-parse --show-toplevel [4ms]
2025-06-05 15:37:39.867 [info] > git rev-parse --show-toplevel [4ms]
2025-06-05 15:37:39.875 [info] > git rev-parse --show-toplevel [3ms]
2025-06-05 15:37:39.885 [info] > git rev-parse --show-toplevel [1ms]
2025-06-05 15:37:44.275 [info] > git config --get commit.template [0ms]
2025-06-05 15:37:44.279 [info] > git for-each-ref --format=%(refname)%00%(upstream:short)%00%(objectname)%00%(upstream:track)%00%(upstream:remotename)%00%(upstream:remoteref) refs/heads/stable refs/remotes/stable [1ms]
2025-06-05 15:37:44.281 [warning] [Git][revParse] Unable to read file: ENOENT: no such file or directory, open '/home/caroulder/AFLplusplus/.git/refs/remotes/origin/stable'
2025-06-05 15:37:44.282 [info] > git rev-parse refs/remotes/origin/stable [1ms]
2025-06-05 15:37:44.287 [info] > git status -z -uall [3ms]
2025-06-05 15:37:44.292 [info] > git for-each-ref --format=%(refname)%00%(upstream:short)%00%(objectname)%00%(upstream:track)%00%(upstream:remotename)%00%(upstream:remoteref) refs/heads/stable refs/remotes/stable [2ms]
2025-06-05 15:37:44.296 [info] > git config --local branch.stable.vscode-merge-base [1ms]
2025-06-05 15:37:44.299 [info] > git for-each-ref --format=%(refname)%00%(upstream:short)%00%(objectname)%00%(upstream:track)%00%(upstream:remotename)%00%(upstream:remoteref) refs/heads/origin/stable refs/remotes/origin/stable [0ms]
2025-06-05 15:37:44.794 [info] > git rev-parse --show-toplevel [1ms]
2025-06-05 15:37:44.798 [info] > git rev-parse --show-toplevel [1ms]
2025-06-05 15:37:44.801 [info] > git rev-parse --show-toplevel [1ms]
2025-06-05 15:37:44.804 [info] > git rev-parse --show-toplevel [1ms]
2025-06-05 15:37:44.806 [info] > git rev-parse --show-toplevel [0ms]
2025-06-05 15:37:44.809 [info] > git rev-parse --show-toplevel [0ms]
2025-06-05 15:37:44.812 [info] > git rev-parse --show-toplevel [1ms]
2025-06-05 15:37:44.816 [info] > git rev-parse --show-toplevel [1ms]
2025-06-05 15:37:44.819 [info] > git rev-parse --show-toplevel [1ms]
2025-06-05 15:37:49.301 [info] > git config --get commit.template [5ms]
2025-06-05 15:37:49.301 [info] > git for-each-ref --format=%(refname)%00%(upstream:short)%00%(objectname)%00%(upstream:track)%00%(upstream:remotename)%00%(upstream:remoteref) refs/heads/stable refs/remotes/stable [2ms]
2025-06-05 15:37:49.304 [warning] [Git][revParse] Unable to read file: ENOENT: no such file or directory, open '/home/caroulder/AFLplusplus/.git/refs/remotes/origin/stable'
2025-06-05 15:37:49.305 [info] > git rev-parse refs/remotes/origin/stable [1ms]
2025-06-05 15:37:49.311 [info] > git status -z -uall [3ms]
2025-06-05 15:37:49.316 [info] > git for-each-ref --format=%(refname)%00%(upstream:short)%00%(objectname)%00%(upstream:track)%00%(upstream:remotename)%00%(upstream:remoteref) refs/heads/stable refs/remotes/stable [1ms]
2025-06-05 15:37:49.319 [info] > git config --local branch.stable.vscode-merge-base [1ms]
2025-06-05 15:37:49.322 [info] > git for-each-ref --format=%(refname)%00%(upstream:short)%00%(objectname)%00%(upstream:track)%00%(upstream:remotename)%00%(upstream:remoteref) refs/heads/origin/stable refs/remotes/origin/stable [0ms]
2025-06-05 15:37:49.820 [info] > git rev-parse --show-toplevel [1ms]
2025-06-05 15:37:49.823 [info] > git rev-parse --show-toplevel [1ms]
2025-06-05 15:37:49.826 [info] > git rev-parse --show-toplevel [1ms]
2025-06-05 15:37:49.829 [info] > git rev-parse --show-toplevel [1ms]
2025-06-05 15:37:49.832 [info] > git rev-parse --show-toplevel [1ms]
2025-06-05 15:37:49.836 [info] > git rev-parse --show-toplevel [0ms]
2025-06-05 15:37:49.838 [info] > git rev-parse --show-toplevel [0ms]
2025-06-05 15:37:49.841 [info] > git rev-parse --show-toplevel [1ms]
2025-06-05 15:37:49.843 [info] > git rev-parse --show-toplevel [0ms]
2025-06-05 15:37:54.323 [info] > git config --get commit.template [2ms]
2025-06-05 15:37:54.326 [info] > git for-each-ref --format=%(refname)%00%(upstream:short)%00%(objectname)%00%(upstream:track)%00%(upstream:remotename)%00%(upstream:remoteref) refs/heads/stable refs/remotes/stable [1ms]
2025-06-05 15:37:54.329 [warning] [Git][revParse] Unable to read file: ENOENT: no such file or directory, open '/home/caroulder/AFLplusplus/.git/refs/remotes/origin/stable'
2025-06-05 15:37:54.329 [info] > git rev-parse refs/remotes/origin/stable [0ms]
2025-06-05 15:37:54.335 [info] > git status -z -uall [4ms]
2025-06-05 15:37:54.340 [info] > git for-each-ref --format=%(refname)%00%(upstream:short)%00%(objectname)%00%(upstream:track)%00%(upstream:remotename)%00%(upstream:remoteref) refs/heads/stable refs/remotes/stable [2ms]
2025-06-05 15:37:54.344 [info] > git config --local branch.stable.vscode-merge-base [1ms]
2025-06-05 15:37:54.347 [info] > git for-each-ref --format=%(refname)%00%(upstream:short)%00%(objectname)%00%(upstream:track)%00%(upstream:remotename)%00%(upstream:remoteref) refs/heads/origin/stable refs/remotes/origin/stable [1ms]
2025-06-05 15:37:54.845 [info] > git rev-parse --show-toplevel [1ms]
2025-06-05 15:37:54.848 [info] > git rev-parse --show-toplevel [1ms]
2025-06-05 15:37:54.852 [info] > git rev-parse --show-toplevel [1ms]
2025-06-05 15:37:54.854 [info] > git rev-parse --show-toplevel [0ms]
2025-06-05 15:37:54.857 [info] > git rev-parse --show-toplevel [0ms]
2025-06-05 15:37:54.860 [info] > git rev-parse --show-toplevel [0ms]
2025-06-05 15:37:54.863 [info] > git rev-parse --show-toplevel [1ms]
2025-06-05 15:37:54.866 [info] > git rev-parse --show-toplevel [1ms]
2025-06-05 15:37:54.869 [info] > git rev-parse --show-toplevel [1ms]
2025-06-05 15:37:59.346 [info] > git config --get commit.template [1ms]
2025-06-05 15:37:59.351 [info] > git for-each-ref --format=%(refname)%00%(upstream:short)%00%(objectname)%00%(upstream:track)%00%(upstream:remotename)%00%(upstream:remoteref) refs/heads/stable refs/remotes/stable [1ms]
2025-06-05 15:37:59.359 [warning] [Git][revParse] Unable to read file: ENOENT: no such file or directory, open '/home/caroulder/AFLplusplus/.git/refs/remotes/origin/stable'
2025-06-05 15:37:59.359 [info] > git rev-parse refs/remotes/origin/stable [0ms]
2025-06-05 15:37:59.369 [info] > git status -z -uall [5ms]
2025-06-05 15:37:59.376 [info] > git for-each-ref --format=%(refname)%00%(upstream:short)%00%(objectname)%00%(upstream:track)%00%(upstream:remotename)%00%(upstream:remoteref) refs/heads/stable refs/remotes/stable [2ms]
2025-06-05 15:37:59.383 [info] > git config --local branch.stable.vscode-merge-base [1ms]
2025-06-05 15:37:59.390 [info] > git for-each-ref --format=%(refname)%00%(upstream:short)%00%(objectname)%00%(upstream:track)%00%(upstream:remotename)%00%(upstream:remoteref) refs/heads/origin/stable refs/remotes/origin/stable [0ms]
2025-06-05 15:37:59.879 [info] > git rev-parse --show-toplevel [1ms]
2025-06-05 15:37:59.883 [info] > git rev-parse --show-toplevel [1ms]
2025-06-05 15:37:59.887 [info] > git rev-parse --show-toplevel [1ms]
2025-06-05 15:37:59.892 [info] > git rev-parse --show-toplevel [0ms]
2025-06-05 15:37:59.896 [info] > git rev-parse --show-toplevel [1ms]
2025-06-05 15:37:59.899 [info] > git rev-parse --show-toplevel [1ms]
2025-06-05 15:37:59.902 [info] > git rev-parse --show-toplevel [1ms]
2025-06-05 15:37:59.906 [info] > git rev-parse --show-toplevel [1ms]
2025-06-05 15:37:59.909 [info] > git rev-parse --show-toplevel [0ms]
2025-06-05 15:38:10.042 [info] > git check-ignore -v -z --stdin [1ms]
2025-06-05 20:05:09.130 [info] > git config --get commit.template [4ms]
2025-06-05 20:05:09.130 [info] > git for-each-ref --format=%(refname)%00%(upstream:short)%00%(objectname)%00%(upstream:track)%00%(upstream:remotename)%00%(upstream:remoteref) refs/heads/stable refs/remotes/stable [1ms]
2025-06-05 20:05:09.134 [warning] [Git][revParse] Unable to read file: ENOENT: no such file or directory, open '/home/caroulder/AFLplusplus/.git/refs/remotes/origin/stable'
2025-06-05 20:05:09.135 [info] > git rev-parse refs/remotes/origin/stable [1ms]
2025-06-05 20:05:09.141 [info] > git status -z -uall [4ms]
2025-06-05 20:05:09.147 [info] > git for-each-ref --format=%(refname)%00%(upstream:short)%00%(objectname)%00%(upstream:track)%00%(upstream:remotename)%00%(upstream:remoteref) refs/heads/stable refs/remotes/stable [3ms]
2025-06-05 20:05:09.153 [info] > git config --local branch.stable.vscode-merge-base [2ms]
2025-06-05 20:05:09.157 [info] > git for-each-ref --format=%(refname)%00%(upstream:short)%00%(objectname)%00%(upstream:track)%00%(upstream:remotename)%00%(upstream:remoteref) refs/heads/origin/stable refs/remotes/origin/stable [0ms]
2025-06-05 20:05:09.650 [info] > git rev-parse --show-toplevel [1ms]
2025-06-05 20:05:09.653 [info] > git rev-parse --show-toplevel [0ms]
2025-06-05 20:05:09.657 [info] > git rev-parse --show-toplevel [0ms]
2025-06-05 20:05:09.660 [info] > git rev-parse --show-toplevel [0ms]
2025-06-05 20:05:09.664 [info] > git rev-parse --show-toplevel [1ms]
2025-06-05 20:05:09.666 [info] > git rev-parse --show-toplevel [0ms]
2025-06-05 20:05:09.669 [info] > git rev-parse --show-toplevel [0ms]
2025-06-05 20:05:09.672 [info] > git rev-parse --show-toplevel [0ms]
2025-06-05 20:05:09.675 [info] > git rev-parse --show-toplevel [0ms]
2025-06-05 21:15:19.366 [info] > git config --get commit.template [4ms]
2025-06-05 21:15:19.367 [info] > git for-each-ref --format=%(refname)%00%(upstream:short)%00%(objectname)%00%(upstream:track)%00%(upstream:remotename)%00%(upstream:remoteref) refs/heads/stable refs/remotes/stable [1ms]
2025-06-05 21:15:19.370 [warning] [Git][revParse] Unable to read file: ENOENT: no such file or directory, open '/home/caroulder/AFLplusplus/.git/refs/remotes/origin/stable'
2025-06-05 21:15:19.370 [info] > git rev-parse refs/remotes/origin/stable [0ms]
2025-06-05 21:15:19.377 [info] > git status -z -uall [4ms]
2025-06-05 21:15:19.384 [info] > git for-each-ref --format=%(refname)%00%(upstream:short)%00%(objectname)%00%(upstream:track)%00%(upstream:remotename)%00%(upstream:remoteref) refs/heads/stable refs/remotes/stable [2ms]
2025-06-05 21:15:19.388 [info] > git config --local branch.stable.vscode-merge-base [2ms]
2025-06-05 21:15:19.392 [info] > git for-each-ref --format=%(refname)%00%(upstream:short)%00%(objectname)%00%(upstream:track)%00%(upstream:remotename)%00%(upstream:remoteref) refs/heads/origin/stable refs/remotes/origin/stable [1ms]
2025-06-05 21:15:19.889 [info] > git rev-parse --show-toplevel [1ms]
2025-06-05 21:15:19.893 [info] > git rev-parse --show-toplevel [0ms]
2025-06-05 21:15:19.897 [info] > git rev-parse --show-toplevel [1ms]
2025-06-05 21:15:19.901 [info] > git rev-parse --show-toplevel [1ms]
2025-06-05 21:15:19.904 [info] > git rev-parse --show-toplevel [1ms]
2025-06-05 21:15:19.907 [info] > git rev-parse --show-toplevel [1ms]
2025-06-05 21:15:19.910 [info] > git rev-parse --show-toplevel [1ms]
2025-06-05 21:15:19.913 [info] > git rev-parse --show-toplevel [0ms]
2025-06-05 21:15:19.916 [info] > git rev-parse --show-toplevel [1ms]
2025-06-05 21:15:24.399 [info] > git config --get commit.template [5ms]
2025-06-05 21:15:24.400 [info] > git for-each-ref --format=%(refname)%00%(upstream:short)%00%(objectname)%00%(upstream:track)%00%(upstream:remotename)%00%(upstream:remoteref) refs/heads/stable refs/remotes/stable [1ms]
2025-06-05 21:15:24.402 [warning] [Git][revParse] Unable to read file: ENOENT: no such file or directory, open '/home/caroulder/AFLplusplus/.git/refs/remotes/origin/stable'
2025-06-05 21:15:24.403 [info] > git rev-parse refs/remotes/origin/stable [1ms]
2025-06-05 21:15:24.409 [info] > git status -z -uall [4ms]
2025-06-05 21:15:24.415 [info] > git for-each-ref --format=%(refname)%00%(upstream:short)%00%(objectname)%00%(upstream:track)%00%(upstream:remotename)%00%(upstream:remoteref) refs/heads/stable refs/remotes/stable [3ms]
2025-06-05 21:15:24.419 [info] > git config --local branch.stable.vscode-merge-base [1ms]
2025-06-05 21:15:24.436 [info] > git for-each-ref --format=%(refname)%00%(upstream:short)%00%(objectname)%00%(upstream:track)%00%(upstream:remotename)%00%(upstream:remoteref) refs/heads/origin/stable refs/remotes/origin/stable [1ms]
2025-06-05 21:15:24.922 [info] > git rev-parse --show-toplevel [1ms]
2025-06-05 21:15:24.927 [info] > git rev-parse --show-toplevel [0ms]
2025-06-05 21:15:24.930 [info] > git rev-parse --show-toplevel [1ms]
2025-06-05 21:15:24.933 [info] > git rev-parse --show-toplevel [1ms]
2025-06-05 21:15:24.935 [info] > git rev-parse --show-toplevel [0ms]
2025-06-05 21:15:24.938 [info] > git rev-parse --show-toplevel [0ms]
2025-06-05 21:15:24.941 [info] > git rev-parse --show-toplevel [1ms]
2025-06-05 21:15:24.944 [info] > git rev-parse --show-toplevel [1ms]
2025-06-05 21:15:24.947 [info] > git rev-parse --show-toplevel [1ms]
2025-06-05 21:15:29.424 [info] > git config --get commit.template [2ms]
2025-06-05 21:15:29.427 [info] > git for-each-ref --format=%(refname)%00%(upstream:short)%00%(objectname)%00%(upstream:track)%00%(upstream:remotename)%00%(upstream:remoteref) refs/heads/stable refs/remotes/stable [1ms]
2025-06-05 21:15:29.429 [warning] [Git][revParse] Unable to read file: ENOENT: no such file or directory, open '/home/caroulder/AFLplusplus/.git/refs/remotes/origin/stable'
2025-06-05 21:15:29.429 [info] > git rev-parse refs/remotes/origin/stable [0ms]
2025-06-05 21:15:29.435 [info] > git status -z -uall [3ms]
2025-06-05 21:15:29.441 [info] > git for-each-ref --format=%(refname)%00%(upstream:short)%00%(objectname)%00%(upstream:track)%00%(upstream:remotename)%00%(upstream:remoteref) refs/heads/stable refs/remotes/stable [3ms]
2025-06-05 21:15:29.444 [info] > git config --local branch.stable.vscode-merge-base [1ms]
2025-06-05 21:15:29.448 [info] > git for-each-ref --format=%(refname)%00%(upstream:short)%00%(objectname)%00%(upstream:track)%00%(upstream:remotename)%00%(upstream:remoteref) refs/heads/origin/stable refs/remotes/origin/stable [1ms]
2025-06-05 21:15:29.946 [info] > git rev-parse --show-toplevel [1ms]
2025-06-05 21:15:29.950 [info] > git rev-parse --show-toplevel [0ms]
2025-06-05 21:15:29.953 [info] > git rev-parse --show-toplevel [0ms]
2025-06-05 21:15:29.955 [info] > git rev-parse --show-toplevel [0ms]
2025-06-05 21:15:29.958 [info] > git rev-parse --show-toplevel [1ms]
2025-06-05 21:15:29.960 [info] > git rev-parse --show-toplevel [0ms]
2025-06-05 21:15:29.963 [info] > git rev-parse --show-toplevel [1ms]
2025-06-05 21:15:29.965 [info] > git rev-parse --show-toplevel [0ms]
2025-06-05 21:15:29.968 [info] > git rev-parse --show-toplevel [1ms]
2025-06-05 21:15:34.450 [info] > git config --get commit.template [1ms]
2025-06-05 21:15:34.453 [info] > git for-each-ref --format=%(refname)%00%(upstream:short)%00%(objectname)%00%(upstream:track)%00%(upstream:remotename)%00%(upstream:remoteref) refs/heads/stable refs/remotes/stable [1ms]
2025-06-05 21:15:34.456 [warning] [Git][revParse] Unable to read file: ENOENT: no such file or directory, open '/home/caroulder/AFLplusplus/.git/refs/remotes/origin/stable'
2025-06-05 21:15:34.457 [info] > git rev-parse refs/remotes/origin/stable [0ms]
2025-06-05 21:15:34.462 [info] > git status -z -uall [3ms]
2025-06-05 21:15:34.468 [info] > git for-each-ref --format=%(refname)%00%(upstream:short)%00%(objectname)%00%(upstream:track)%00%(upstream:remotename)%00%(upstream:remoteref) refs/heads/stable refs/remotes/stable [3ms]
2025-06-05 21:15:34.472 [info] > git config --local branch.stable.vscode-merge-base [1ms]
2025-06-05 21:15:34.475 [info] > git for-each-ref --format=%(refname)%00%(upstream:short)%00%(objectname)%00%(upstream:track)%00%(upstream:remotename)%00%(upstream:remoteref) refs/heads/origin/stable refs/remotes/origin/stable [0ms]
2025-06-05 21:15:34.973 [info] > git rev-parse --show-toplevel [1ms]
2025-06-05 21:15:34.977 [info] > git rev-parse --show-toplevel [0ms]
2025-06-05 21:15:34.981 [info] > git rev-parse --show-toplevel [1ms]
2025-06-05 21:15:34.984 [info] > git rev-parse --show-toplevel [1ms]
2025-06-05 21:15:34.986 [info] > git rev-parse --show-toplevel [0ms]
2025-06-05 21:15:34.989 [info] > git rev-parse --show-toplevel [1ms]
2025-06-05 21:15:34.992 [info] > git rev-parse --show-toplevel [1ms]
2025-06-05 21:15:34.994 [info] > git rev-parse --show-toplevel [0ms]
2025-06-05 21:15:34.997 [info] > git rev-parse --show-toplevel [0ms]
2025-06-05 21:15:39.479 [info] > git config --get commit.template [3ms]
2025-06-05 21:15:39.482 [info] > git check-ignore -v -z --stdin [0ms]
2025-06-05 21:15:39.483 [info] > git for-each-ref --format=%(refname)%00%(upstream:short)%00%(objectname)%00%(upstream:track)%00%(upstream:remotename)%00%(upstream:remoteref) refs/heads/stable refs/remotes/stable [5ms]
2025-06-05 21:15:39.485 [warning] [Git][revParse] Unable to read file: ENOENT: no such file or directory, open '/home/caroulder/AFLplusplus/.git/refs/remotes/origin/stable'
2025-06-05 21:15:39.486 [info] > git rev-parse refs/remotes/origin/stable [1ms]
2025-06-05 21:15:39.492 [info] > git status -z -uall [4ms]
2025-06-05 21:15:39.499 [info] > git for-each-ref --format=%(refname)%00%(upstream:short)%00%(objectname)%00%(upstream:track)%00%(upstream:remotename)%00%(upstream:remoteref) refs/heads/stable refs/remotes/stable [3ms]
2025-06-05 21:15:39.503 [info] > git config --local branch.stable.vscode-merge-base [1ms]
2025-06-05 21:15:39.507 [info] > git for-each-ref --format=%(refname)%00%(upstream:short)%00%(objectname)%00%(upstream:track)%00%(upstream:remotename)%00%(upstream:remoteref) refs/heads/origin/stable refs/remotes/origin/stable [1ms]
2025-06-05 21:15:40.006 [info] > git rev-parse --show-toplevel [1ms]
2025-06-05 21:15:40.010 [info] > git rev-parse --show-toplevel [0ms]
2025-06-05 21:15:40.013 [info] > git rev-parse --show-toplevel [0ms]
2025-06-05 21:15:40.016 [info] > git rev-parse --show-toplevel [1ms]
2025-06-05 21:15:40.019 [info] > git rev-parse --show-toplevel [1ms]
2025-06-05 21:15:40.021 [info] > git rev-parse --show-toplevel [0ms]
2025-06-05 21:15:40.024 [info] > git rev-parse --show-toplevel [1ms]
2025-06-05 21:15:40.027 [info] > git rev-parse --show-toplevel [1ms]
2025-06-05 21:15:40.029 [info] > git rev-parse --show-toplevel [0ms]
2025-06-05 21:15:40.252 [info] > git check-ignore -v -z --stdin [0ms]
2025-06-05 21:15:44.508 [info] > git config --get commit.template [3ms]
2025-06-05 21:15:44.509 [info] > git for-each-ref --format=%(refname)%00%(upstream:short)%00%(objectname)%00%(upstream:track)%00%(upstream:remotename)%00%(upstream:remoteref) refs/heads/stable refs/remotes/stable [1ms]
2025-06-05 21:15:44.511 [warning] [Git][revParse] Unable to read file: ENOENT: no such file or directory, open '/home/caroulder/AFLplusplus/.git/refs/remotes/origin/stable'
2025-06-05 21:15:44.515 [info] > git rev-parse refs/remotes/origin/stable [4ms]
2025-06-05 21:15:44.521 [info] > git status -z -uall [4ms]
2025-06-05 21:15:44.528 [info] > git for-each-ref --format=%(refname)%00%(upstream:short)%00%(objectname)%00%(upstream:track)%00%(upstream:remotename)%00%(upstream:remoteref) refs/heads/stable refs/remotes/stable [4ms]
2025-06-05 21:15:44.532 [info] > git config --local branch.stable.vscode-merge-base [1ms]
2025-06-05 21:15:44.536 [info] > git for-each-ref --format=%(refname)%00%(upstream:short)%00%(objectname)%00%(upstream:track)%00%(upstream:remotename)%00%(upstream:remoteref) refs/heads/origin/stable refs/remotes/origin/stable [1ms]
2025-06-05 21:15:45.028 [info] > git rev-parse --show-toplevel [0ms]
2025-06-05 21:15:45.032 [info] > git rev-parse --show-toplevel [0ms]
2025-06-05 21:15:45.035 [info] > git rev-parse --show-toplevel [1ms]
2025-06-05 21:15:45.037 [info] > git rev-parse --show-toplevel [0ms]
2025-06-05 21:15:45.040 [info] > git rev-parse --show-toplevel [0ms]
2025-06-05 21:15:45.043 [info] > git rev-parse --show-toplevel [1ms]
2025-06-05 21:15:45.046 [info] > git rev-parse --show-toplevel [0ms]
2025-06-05 21:15:45.048 [info] > git rev-parse --show-toplevel [0ms]
2025-06-05 21:15:45.051 [info] > git rev-parse --show-toplevel [1ms]
2025-06-05 21:15:49.534 [info] > git config --get commit.template [0ms]
2025-06-05 21:15:49.537 [info] > git for-each-ref --format=%(refname)%00%(upstream:short)%00%(objectname)%00%(upstream:track)%00%(upstream:remotename)%00%(upstream:remoteref) refs/heads/stable refs/remotes/stable [0ms]
2025-06-05 21:15:49.540 [warning] [Git][revParse] Unable to read file: ENOENT: no such file or directory, open '/home/caroulder/AFLplusplus/.git/refs/remotes/origin/stable'
2025-06-05 21:15:49.540 [info] > git rev-parse refs/remotes/origin/stable [0ms]
2025-06-05 21:15:49.547 [info] > git status -z -uall [4ms]
2025-06-05 21:15:49.552 [info] > git for-each-ref --format=%(refname)%00%(upstream:short)%00%(objectname)%00%(upstream:track)%00%(upstream:remotename)%00%(upstream:remoteref) refs/heads/stable refs/remotes/stable [2ms]
2025-06-05 21:15:49.556 [info] > git config --local branch.stable.vscode-merge-base [2ms]
2025-06-05 21:15:49.560 [info] > git for-each-ref --format=%(refname)%00%(upstream:short)%00%(objectname)%00%(upstream:track)%00%(upstream:remotename)%00%(upstream:remoteref) refs/heads/origin/stable refs/remotes/origin/stable [1ms]
2025-06-05 21:15:50.064 [info] > git rev-parse --show-toplevel [2ms]
2025-06-05 21:15:50.068 [info] > git rev-parse --show-toplevel [0ms]
2025-06-05 21:15:50.072 [info] > git rev-parse --show-toplevel [1ms]
2025-06-05 21:15:50.075 [info] > git rev-parse --show-toplevel [1ms]
2025-06-05 21:15:50.078 [info] > git rev-parse --show-toplevel [0ms]
2025-06-05 21:15:50.080 [info] > git rev-parse --show-toplevel [0ms]
2025-06-05 21:15:50.083 [info] > git rev-parse --show-toplevel [1ms]
2025-06-05 21:15:50.085 [info] > git rev-parse --show-toplevel [0ms]
2025-06-05 21:15:50.088 [info] > git rev-parse --show-toplevel [1ms]
2025-06-05 21:15:50.395 [info] > git check-ignore -v -z --stdin [1ms]
2025-06-05 21:15:51.301 [info] > git check-ignore -v -z --stdin [1ms]
2025-06-05 21:15:54.561 [info] > git config --get commit.template [1ms]
2025-06-05 21:15:54.564 [info] > git for-each-ref --format=%(refname)%00%(upstream:short)%00%(objectname)%00%(upstream:track)%00%(upstream:remotename)%00%(upstream:remoteref) refs/heads/stable refs/remotes/stable [0ms]
2025-06-05 21:15:54.567 [warning] [Git][revParse] Unable to read file: ENOENT: no such file or directory, open '/home/caroulder/AFLplusplus/.git/refs/remotes/origin/stable'
2025-06-05 21:15:54.567 [info] > git rev-parse refs/remotes/origin/stable [0ms]
2025-06-05 21:15:54.573 [info] > git status -z -uall [4ms]
2025-06-05 21:15:54.582 [info] > git for-each-ref --format=%(refname)%00%(upstream:short)%00%(objectname)%00%(upstream:track)%00%(upstream:remotename)%00%(upstream:remoteref) refs/heads/stable refs/remotes/stable [4ms]
2025-06-05 21:15:54.585 [info] > git config --local branch.stable.vscode-merge-base [1ms]
2025-06-05 21:15:54.588 [info] > git for-each-ref --format=%(refname)%00%(upstream:short)%00%(objectname)%00%(upstream:track)%00%(upstream:remotename)%00%(upstream:remoteref) refs/heads/origin/stable refs/remotes/origin/stable [0ms]
2025-06-05 21:15:55.082 [info] > git rev-parse --show-toplevel [1ms]
2025-06-05 21:15:55.085 [info] > git rev-parse --show-toplevel [1ms]
2025-06-05 21:15:55.089 [info] > git rev-parse --show-toplevel [0ms]
2025-06-05 21:15:55.092 [info] > git rev-parse --show-toplevel [0ms]
2025-06-05 21:15:55.095 [info] > git rev-parse --show-toplevel [0ms]
2025-06-05 21:15:55.098 [info] > git rev-parse --show-toplevel [0ms]
2025-06-05 21:15:55.101 [info] > git rev-parse --show-toplevel [1ms]
2025-06-05 21:15:55.106 [info] > git rev-parse --show-toplevel [3ms]
2025-06-05 21:15:55.110 [info] > git rev-parse --show-toplevel [1ms]
2025-06-05 21:15:59.591 [info] > git config --get commit.template [1ms]
2025-06-05 21:15:59.596 [info] > git for-each-ref --format=%(refname)%00%(upstream:short)%00%(objectname)%00%(upstream:track)%00%(upstream:remotename)%00%(upstream:remoteref) refs/heads/stable refs/remotes/stable [1ms]
2025-06-05 21:15:59.598 [warning] [Git][revParse] Unable to read file: ENOENT: no such file or directory, open '/home/caroulder/AFLplusplus/.git/refs/remotes/origin/stable'
2025-06-05 21:15:59.599 [info] > git rev-parse refs/remotes/origin/stable [1ms]
2025-06-05 21:15:59.605 [info] > git status -z -uall [4ms]
2025-06-05 21:15:59.610 [info] > git for-each-ref --format=%(refname)%00%(upstream:short)%00%(objectname)%00%(upstream:track)%00%(upstream:remotename)%00%(upstream:remoteref) refs/heads/stable refs/remotes/stable [2ms]
2025-06-05 21:15:59.614 [info] > git config --local branch.stable.vscode-merge-base [2ms]
2025-06-05 21:15:59.617 [info] > git for-each-ref --format=%(refname)%00%(upstream:short)%00%(objectname)%00%(upstream:track)%00%(upstream:remotename)%00%(upstream:remoteref) refs/heads/origin/stable refs/remotes/origin/stable [1ms]
2025-06-05 21:16:00.119 [info] > git rev-parse --show-toplevel [0ms]
2025-06-05 21:16:00.124 [info] > git rev-parse --show-toplevel [1ms]
2025-06-05 21:16:00.127 [info] > git rev-parse --show-toplevel [1ms]
2025-06-05 21:16:00.130 [info] > git rev-parse --show-toplevel [1ms]
2025-06-05 21:16:00.134 [info] > git rev-parse --show-toplevel [1ms]
2025-06-05 21:16:00.137 [info] > git rev-parse --show-toplevel [1ms]
2025-06-05 21:16:00.140 [info] > git rev-parse --show-toplevel [1ms]
2025-06-05 21:16:00.143 [info] > git rev-parse --show-toplevel [1ms]
2025-06-05 21:16:00.146 [info] > git rev-parse --show-toplevel [1ms]
2025-06-05 21:16:04.619 [info] > git config --get commit.template [4ms]
2025-06-05 21:16:04.620 [info] > git for-each-ref --format=%(refname)%00%(upstream:short)%00%(objectname)%00%(upstream:track)%00%(upstream:remotename)%00%(upstream:remoteref) refs/heads/stable refs/remotes/stable [2ms]
2025-06-05 21:16:04.623 [warning] [Git][revParse] Unable to read file: ENOENT: no such file or directory, open '/home/caroulder/AFLplusplus/.git/refs/remotes/origin/stable'
2025-06-05 21:16:04.623 [info] > git rev-parse refs/remotes/origin/stable [0ms]
2025-06-05 21:16:04.630 [info] > git status -z -uall [4ms]
2025-06-05 21:16:04.635 [info] > git for-each-ref --format=%(refname)%00%(upstream:short)%00%(objectname)%00%(upstream:track)%00%(upstream:remotename)%00%(upstream:remoteref) refs/heads/stable refs/remotes/stable [2ms]
2025-06-05 21:16:04.640 [info] > git config --local branch.stable.vscode-merge-base [1ms]
2025-06-05 21:16:04.643 [info] > git for-each-ref --format=%(refname)%00%(upstream:short)%00%(objectname)%00%(upstream:track)%00%(upstream:remotename)%00%(upstream:remoteref) refs/heads/origin/stable refs/remotes/origin/stable [0ms]
2025-06-05 21:16:05.138 [info] > git rev-parse --show-toplevel [1ms]
2025-06-05 21:16:05.142 [info] > git rev-parse --show-toplevel [1ms]
2025-06-05 21:16:05.146 [info] > git rev-parse --show-toplevel [0ms]
2025-06-05 21:16:05.150 [info] > git rev-parse --show-toplevel [1ms]
2025-06-05 21:16:05.155 [info] > git rev-parse --show-toplevel [1ms]
2025-06-05 21:16:05.158 [info] > git rev-parse --show-toplevel [0ms]
2025-06-05 21:16:05.161 [info] > git rev-parse --show-toplevel [1ms]
2025-06-05 21:16:05.164 [info] > git rev-parse --show-toplevel [1ms]
2025-06-05 21:16:05.167 [info] > git rev-parse --show-toplevel [0ms]
2025-06-06 19:33:19.823 [info] > git config --get commit.template [1ms]
2025-06-06 19:33:19.829 [info] > git for-each-ref --format=%(refname)%00%(upstream:short)%00%(objectname)%00%(upstream:track)%00%(upstream:remotename)%00%(upstream:remoteref) refs/heads/stable refs/remotes/stable [1ms]
2025-06-06 19:33:19.832 [warning] [Git][revParse] Unable to read file: ENOENT: no such file or directory, open '/home/caroulder/AFLplusplus/.git/refs/remotes/origin/stable'
2025-06-06 19:33:19.833 [info] > git rev-parse refs/remotes/origin/stable [1ms]
2025-06-06 19:33:19.845 [info] > git status -z -uall [10ms]
2025-06-06 19:33:19.851 [info] > git for-each-ref --format=%(refname)%00%(upstream:short)%00%(objectname)%00%(upstream:track)%00%(upstream:remotename)%00%(upstream:remoteref) refs/heads/stable refs/remotes/stable [2ms]
2025-06-06 19:33:19.856 [info] > git config --local branch.stable.vscode-merge-base [2ms]
2025-06-06 19:33:19.859 [info] > git for-each-ref --format=%(refname)%00%(upstream:short)%00%(objectname)%00%(upstream:track)%00%(upstream:remotename)%00%(upstream:remoteref) refs/heads/origin/stable refs/remotes/origin/stable [1ms]
2025-06-06 19:33:20.354 [info] > git rev-parse --show-toplevel [1ms]
2025-06-06 19:33:20.358 [info] > git rev-parse --show-toplevel [1ms]
2025-06-06 19:33:20.361 [info] > git rev-parse --show-toplevel [1ms]
2025-06-06 19:33:20.364 [info] > git rev-parse --show-toplevel [1ms]
2025-06-06 19:33:20.367 [info] > git rev-parse --show-toplevel [0ms]
2025-06-06 19:33:20.369 [info] > git rev-parse --show-toplevel [0ms]
2025-06-06 19:33:20.374 [info] > git rev-parse --show-toplevel [1ms]
2025-06-06 19:33:20.379 [info] > git rev-parse --show-toplevel [1ms]
2025-06-06 19:33:20.383 [info] > git rev-parse --show-toplevel [0ms]
2025-06-06 19:33:24.861 [info] > git config --get commit.template [3ms]
2025-06-06 19:33:24.862 [info] > git for-each-ref --format=%(refname)%00%(upstream:short)%00%(objectname)%00%(upstream:track)%00%(upstream:remotename)%00%(upstream:remoteref) refs/heads/stable refs/remotes/stable [0ms]
2025-06-06 19:33:24.864 [warning] [Git][revParse] Unable to read file: ENOENT: no such file or directory, open '/home/caroulder/AFLplusplus/.git/refs/remotes/origin/stable'
2025-06-06 19:33:24.864 [info] > git rev-parse refs/remotes/origin/stable [0ms]
2025-06-06 19:33:24.871 [info] > git status -z -uall [4ms]
2025-06-06 19:33:24.877 [info] > git for-each-ref --format=%(refname)%00%(upstream:short)%00%(objectname)%00%(upstream:track)%00%(upstream:remotename)%00%(upstream:remoteref) refs/heads/stable refs/remotes/stable [3ms]
2025-06-06 19:33:24.882 [info] > git config --local branch.stable.vscode-merge-base [2ms]
2025-06-06 19:33:24.885 [info] > git for-each-ref --format=%(refname)%00%(upstream:short)%00%(objectname)%00%(upstream:track)%00%(upstream:remotename)%00%(upstream:remoteref) refs/heads/origin/stable refs/remotes/origin/stable [1ms]
2025-06-06 19:33:25.167 [info] > git check-ignore -v -z --stdin [1ms]
2025-06-06 19:33:25.381 [info] > git rev-parse --show-toplevel [0ms]
2025-06-06 19:33:25.386 [info] > git rev-parse --show-toplevel [2ms]
2025-06-06 19:33:25.389 [info] > git rev-parse --show-toplevel [1ms]
2025-06-06 19:33:25.392 [info] > git rev-parse --show-toplevel [1ms]
2025-06-06 19:33:25.395 [info] > git rev-parse --show-toplevel [1ms]
2025-06-06 19:33:25.398 [info] > git rev-parse --show-toplevel [1ms]
2025-06-06 19:33:25.400 [info] > git rev-parse --show-toplevel [0ms]
2025-06-06 19:33:25.404 [info] > git rev-parse --show-toplevel [1ms]
2025-06-06 19:33:25.407 [info] > git rev-parse --show-toplevel [0ms]
2025-06-06 19:33:27.881 [info] > git check-ignore -v -z --stdin [1ms]
2025-06-06 19:33:29.140 [info] > git show --textconv :README.md [3ms]
2025-06-06 19:33:29.142 [info] > git ls-files --stage -- /home/caroulder/AFLplusplus/README.md [2ms]
2025-06-06 19:33:29.155 [info] > git cat-file -s b8c2d95ebde9b248b4a0aa9e83945ded77ccb4f5 [2ms]
2025-06-06 19:33:29.886 [info] > git config --get commit.template [3ms]
2025-06-06 19:33:29.887 [info] > git for-each-ref --format=%(refname)%00%(upstream:short)%00%(objectname)%00%(upstream:track)%00%(upstream:remotename)%00%(upstream:remoteref) refs/heads/stable refs/remotes/stable [1ms]
2025-06-06 19:33:29.890 [warning] [Git][revParse] Unable to read file: ENOENT: no such file or directory, open '/home/caroulder/AFLplusplus/.git/refs/remotes/origin/stable'
2025-06-06 19:33:29.890 [info] > git rev-parse refs/remotes/origin/stable [0ms]
2025-06-06 19:33:29.897 [info] > git status -z -uall [4ms]
2025-06-06 19:33:29.903 [info] > git for-each-ref --format=%(refname)%00%(upstream:short)%00%(objectname)%00%(upstream:track)%00%(upstream:remotename)%00%(upstream:remoteref) refs/heads/stable refs/remotes/stable [3ms]
2025-06-06 19:33:29.908 [info] > git config --local branch.stable.vscode-merge-base [1ms]
2025-06-06 19:33:29.912 [info] > git for-each-ref --format=%(refname)%00%(upstream:short)%00%(objectname)%00%(upstream:track)%00%(upstream:remotename)%00%(upstream:remoteref) refs/heads/origin/stable refs/remotes/origin/stable [1ms]
2025-06-06 19:33:30.406 [info] > git rev-parse --show-toplevel [1ms]
2025-06-06 19:33:30.410 [info] > git rev-parse --show-toplevel [0ms]
2025-06-06 19:33:30.414 [info] > git rev-parse --show-toplevel [0ms]
2025-06-06 19:33:30.420 [info] > git rev-parse --show-toplevel [1ms]
2025-06-06 19:33:30.423 [info] > git rev-parse --show-toplevel [0ms]
2025-06-06 19:33:30.427 [info] > git rev-parse --show-toplevel [0ms]
2025-06-06 19:33:30.430 [info] > git rev-parse --show-toplevel [0ms]
2025-06-06 19:33:30.434 [info] > git rev-parse --show-toplevel [0ms]
2025-06-06 19:33:30.438 [info] > git rev-parse --show-toplevel [1ms]
2025-06-06 19:33:34.928 [info] > git config --get commit.template [14ms]
2025-06-06 19:33:34.931 [info] > git for-each-ref --format=%(refname)%00%(upstream:short)%00%(objectname)%00%(upstream:track)%00%(upstream:remotename)%00%(upstream:remoteref) refs/heads/stable refs/remotes/stable [0ms]
2025-06-06 19:33:34.934 [warning] [Git][revParse] Unable to read file: ENOENT: no such file or directory, open '/home/caroulder/AFLplusplus/.git/refs/remotes/origin/stable'
2025-06-06 19:33:34.934 [info] > git rev-parse refs/remotes/origin/stable [0ms]
2025-06-06 19:33:34.940 [info] > git status -z -uall [4ms]
2025-06-06 19:33:34.945 [info] > git for-each-ref --format=%(refname)%00%(upstream:short)%00%(objectname)%00%(upstream:track)%00%(upstream:remotename)%00%(upstream:remoteref) refs/heads/stable refs/remotes/stable [2ms]
2025-06-06 19:33:34.949 [info] > git config --local branch.stable.vscode-merge-base [1ms]
2025-06-06 19:33:34.952 [info] > git for-each-ref --format=%(refname)%00%(upstream:short)%00%(objectname)%00%(upstream:track)%00%(upstream:remotename)%00%(upstream:remoteref) refs/heads/origin/stable refs/remotes/origin/stable [1ms]
2025-06-06 19:33:35.453 [info] > git rev-parse --show-toplevel [1ms]
2025-06-06 19:33:35.457 [info] > git rev-parse --show-toplevel [0ms]
2025-06-06 19:33:35.460 [info] > git rev-parse --show-toplevel [0ms]
2025-06-06 19:33:35.463 [info] > git rev-parse --show-toplevel [1ms]
2025-06-06 19:33:35.465 [info] > git rev-parse --show-toplevel [0ms]
2025-06-06 19:33:35.468 [info] > git rev-parse --show-toplevel [1ms]
2025-06-06 19:33:35.470 [info] > git rev-parse --show-toplevel [0ms]
2025-06-06 19:33:35.473 [info] > git rev-parse --show-toplevel [1ms]
2025-06-06 19:33:35.476 [info] > git rev-parse --show-toplevel [1ms]
2025-06-06 19:33:39.955 [info] > git config --get commit.template [3ms]
2025-06-06 19:33:39.955 [info] > git for-each-ref --format=%(refname)%00%(upstream:short)%00%(objectname)%00%(upstream:track)%00%(upstream:remotename)%00%(upstream:remoteref) refs/heads/stable refs/remotes/stable [0ms]
2025-06-06 19:33:39.958 [warning] [Git][revParse] Unable to read file: ENOENT: no such file or directory, open '/home/caroulder/AFLplusplus/.git/refs/remotes/origin/stable'
2025-06-06 19:33:39.958 [info] > git rev-parse refs/remotes/origin/stable [0ms]
2025-06-06 19:33:39.964 [info] > git status -z -uall [4ms]
2025-06-06 19:33:39.970 [info] > git for-each-ref --format=%(refname)%00%(upstream:short)%00%(objectname)%00%(upstream:track)%00%(upstream:remotename)%00%(upstream:remoteref) refs/heads/stable refs/remotes/stable [2ms]
2025-06-06 19:33:39.974 [info] > git config --local branch.stable.vscode-merge-base [1ms]
2025-06-06 19:33:39.977 [info] > git for-each-ref --format=%(refname)%00%(upstream:short)%00%(objectname)%00%(upstream:track)%00%(upstream:remotename)%00%(upstream:remoteref) refs/heads/origin/stable refs/remotes/origin/stable [1ms]
2025-06-06 19:33:40.480 [info] > git rev-parse --show-toplevel [2ms]
2025-06-06 19:33:40.484 [info] > git rev-parse --show-toplevel [1ms]
2025-06-06 19:33:40.487 [info] > git rev-parse --show-toplevel [1ms]
2025-06-06 19:33:40.490 [info] > git rev-parse --show-toplevel [0ms]
2025-06-06 19:33:40.492 [info] > git rev-parse --show-toplevel [0ms]
2025-06-06 19:33:40.495 [info] > git rev-parse --show-toplevel [0ms]
2025-06-06 19:33:40.498 [info] > git rev-parse --show-toplevel [0ms]
2025-06-06 19:33:40.501 [info] > git rev-parse --show-toplevel [1ms]
2025-06-06 19:33:40.503 [info] > git rev-parse --show-toplevel [0ms]
2025-06-06 19:33:44.981 [info] > git config --get commit.template [2ms]
2025-06-06 19:33:44.985 [info] > git for-each-ref --format=%(refname)%00%(upstream:short)%00%(objectname)%00%(upstream:track)%00%(upstream:remotename)%00%(upstream:remoteref) refs/heads/stable refs/remotes/stable [0ms]
2025-06-06 19:33:44.987 [warning] [Git][revParse] Unable to read file: ENOENT: no such file or directory, open '/home/caroulder/AFLplusplus/.git/refs/remotes/origin/stable'
2025-06-06 19:33:44.988 [info] > git rev-parse refs/remotes/origin/stable [0ms]
2025-06-06 19:33:44.995 [info] > git status -z -uall [4ms]
2025-06-06 19:33:45.000 [info] > git for-each-ref --format=%(refname)%00%(upstream:short)%00%(objectname)%00%(upstream:track)%00%(upstream:remotename)%00%(upstream:remoteref) refs/heads/stable refs/remotes/stable [2ms]
2025-06-06 19:33:45.003 [info] > git config --local branch.stable.vscode-merge-base [0ms]
2025-06-06 19:33:45.008 [info] > git for-each-ref --format=%(refname)%00%(upstream:short)%00%(objectname)%00%(upstream:track)%00%(upstream:remotename)%00%(upstream:remoteref) refs/heads/origin/stable refs/remotes/origin/stable [2ms]
2025-06-06 19:33:45.507 [info] > git rev-parse --show-toplevel [1ms]
2025-06-06 19:33:45.512 [info] > git rev-parse --show-toplevel [1ms]
2025-06-06 19:33:45.515 [info] > git rev-parse --show-toplevel [0ms]
2025-06-06 19:33:45.518 [info] > git rev-parse --show-toplevel [0ms]
2025-06-06 19:33:45.521 [info] > git rev-parse --show-toplevel [1ms]
2025-06-06 19:33:45.524 [info] > git rev-parse --show-toplevel [1ms]
2025-06-06 19:33:45.526 [info] > git rev-parse --show-toplevel [0ms]
2025-06-06 19:33:45.530 [info] > git rev-parse --show-toplevel [1ms]
2025-06-06 19:33:45.533 [info] > git rev-parse --show-toplevel [1ms]
2025-06-06 19:33:50.017 [info] > git config --get commit.template [4ms]
2025-06-06 19:33:50.018 [info] > git for-each-ref --format=%(refname)%00%(upstream:short)%00%(objectname)%00%(upstream:track)%00%(upstream:remotename)%00%(upstream:remoteref) refs/heads/stable refs/remotes/stable [1ms]
2025-06-06 19:33:50.020 [warning] [Git][revParse] Unable to read file: ENOENT: no such file or directory, open '/home/caroulder/AFLplusplus/.git/refs/remotes/origin/stable'
2025-06-06 19:33:50.021 [info] > git rev-parse refs/remotes/origin/stable [1ms]
2025-06-06 19:33:50.027 [info] > git status -z -uall [4ms]
2025-06-06 19:33:50.032 [info] > git for-each-ref --format=%(refname)%00%(upstream:short)%00%(objectname)%00%(upstream:track)%00%(upstream:remotename)%00%(upstream:remoteref) refs/heads/stable refs/remotes/stable [2ms]
2025-06-06 19:33:50.036 [info] > git config --local branch.stable.vscode-merge-base [1ms]
2025-06-06 19:33:50.039 [info] > git for-each-ref --format=%(refname)%00%(upstream:short)%00%(objectname)%00%(upstream:track)%00%(upstream:remotename)%00%(upstream:remoteref) refs/heads/origin/stable refs/remotes/origin/stable [1ms]
2025-06-06 19:33:50.541 [info] > git rev-parse --show-toplevel [2ms]
2025-06-06 19:33:50.545 [info] > git rev-parse --show-toplevel [1ms]
2025-06-06 19:33:50.548 [info] > git rev-parse --show-toplevel [0ms]
2025-06-06 19:33:50.551 [info] > git rev-parse --show-toplevel [0ms]
2025-06-06 19:33:50.554 [info] > git rev-parse --show-toplevel [1ms]
2025-06-06 19:33:50.556 [info] > git rev-parse --show-toplevel [0ms]
2025-06-06 19:33:50.559 [info] > git rev-parse --show-toplevel [1ms]
2025-06-06 19:33:50.561 [info] > git rev-parse --show-toplevel [0ms]
2025-06-06 19:33:50.564 [info] > git rev-parse --show-toplevel [1ms]
2025-06-06 19:33:55.048 [info] > git config --get commit.template [4ms]
2025-06-06 19:33:55.049 [info] > git for-each-ref --format=%(refname)%00%(upstream:short)%00%(objectname)%00%(upstream:track)%00%(upstream:remotename)%00%(upstream:remoteref) refs/heads/stable refs/remotes/stable [1ms]
2025-06-06 19:33:55.051 [warning] [Git][revParse] Unable to read file: ENOENT: no such file or directory, open '/home/caroulder/AFLplusplus/.git/refs/remotes/origin/stable'
2025-06-06 19:33:55.052 [info] > git rev-parse refs/remotes/origin/stable [1ms]
2025-06-06 19:33:55.057 [info] > git status -z -uall [3ms]
2025-06-06 19:33:55.062 [info] > git for-each-ref --format=%(refname)%00%(upstream:short)%00%(objectname)%00%(upstream:track)%00%(upstream:remotename)%00%(upstream:remoteref) refs/heads/stable refs/remotes/stable [2ms]
2025-06-06 19:33:55.066 [info] > git config --local branch.stable.vscode-merge-base [2ms]
2025-06-06 19:33:55.069 [info] > git for-each-ref --format=%(refname)%00%(upstream:short)%00%(objectname)%00%(upstream:track)%00%(upstream:remotename)%00%(upstream:remoteref) refs/heads/origin/stable refs/remotes/origin/stable [1ms]
2025-06-06 19:33:55.575 [info] > git rev-parse --show-toplevel [5ms]
2025-06-06 19:33:55.578 [info] > git rev-parse --show-toplevel [0ms]
2025-06-06 19:33:55.581 [info] > git rev-parse --show-toplevel [0ms]
2025-06-06 19:33:55.584 [info] > git rev-parse --show-toplevel [1ms]
2025-06-06 19:33:55.587 [info] > git rev-parse --show-toplevel [0ms]
2025-06-06 19:33:55.590 [info] > git rev-parse --show-toplevel [0ms]
2025-06-06 19:33:55.593 [info] > git rev-parse --show-toplevel [0ms]
2025-06-06 19:33:55.596 [info] > git rev-parse --show-toplevel [0ms]
2025-06-06 19:33:55.599 [info] > git rev-parse --show-toplevel [1ms]
2025-06-06 19:34:00.080 [info] > git config --get commit.template [4ms]
2025-06-06 19:34:00.081 [info] > git for-each-ref --format=%(refname)%00%(upstream:short)%00%(objectname)%00%(upstream:track)%00%(upstream:remotename)%00%(upstream:remoteref) refs/heads/stable refs/remotes/stable [1ms]
2025-06-06 19:34:00.084 [warning] [Git][revParse] Unable to read file: ENOENT: no such file or directory, open '/home/caroulder/AFLplusplus/.git/refs/remotes/origin/stable'
2025-06-06 19:34:00.084 [info] > git rev-parse refs/remotes/origin/stable [0ms]
2025-06-06 19:34:00.090 [info] > git status -z -uall [3ms]
2025-06-06 19:34:00.096 [info] > git for-each-ref --format=%(refname)%00%(upstream:short)%00%(objectname)%00%(upstream:track)%00%(upstream:remotename)%00%(upstream:remoteref) refs/heads/stable refs/remotes/stable [3ms]
2025-06-06 19:34:00.100 [info] > git config --local branch.stable.vscode-merge-base [1ms]
2025-06-06 19:34:00.103 [info] > git for-each-ref --format=%(refname)%00%(upstream:short)%00%(objectname)%00%(upstream:track)%00%(upstream:remotename)%00%(upstream:remoteref) refs/heads/origin/stable refs/remotes/origin/stable [1ms]
2025-06-06 19:34:00.602 [info] > git rev-parse --show-toplevel [1ms]
2025-06-06 19:34:00.606 [info] > git rev-parse --show-toplevel [1ms]
2025-06-06 19:34:00.609 [info] > git rev-parse --show-toplevel [0ms]
2025-06-06 19:34:00.612 [info] > git rev-parse --show-toplevel [0ms]
2025-06-06 19:34:00.615 [info] > git rev-parse --show-toplevel [0ms]
2025-06-06 19:34:00.618 [info] > git rev-parse --show-toplevel [1ms]
2025-06-06 19:34:00.621 [info] > git rev-parse --show-toplevel [1ms]
2025-06-06 19:34:00.623 [info] > git rev-parse --show-toplevel [0ms]
2025-06-06 19:34:00.626 [info] > git rev-parse --show-toplevel [0ms]
2025-06-06 19:34:05.108 [info] > git config --get commit.template [2ms]
2025-06-06 19:34:05.111 [info] > git for-each-ref --format=%(refname)%00%(upstream:short)%00%(objectname)%00%(upstream:track)%00%(upstream:remotename)%00%(upstream:remoteref) refs/heads/stable refs/remotes/stable [1ms]
2025-06-06 19:34:05.114 [warning] [Git][revParse] Unable to read file: ENOENT: no such file or directory, open '/home/caroulder/AFLplusplus/.git/refs/remotes/origin/stable'
2025-06-06 19:34:05.114 [info] > git rev-parse refs/remotes/origin/stable [1ms]
2025-06-06 19:34:05.120 [info] > git status -z -uall [4ms]
2025-06-06 19:34:05.125 [info] > git for-each-ref --format=%(refname)%00%(upstream:short)%00%(objectname)%00%(upstream:track)%00%(upstream:remotename)%00%(upstream:remoteref) refs/heads/stable refs/remotes/stable [2ms]
2025-06-06 19:34:05.129 [info] > git config --local branch.stable.vscode-merge-base [2ms]
2025-06-06 19:34:05.132 [info] > git for-each-ref --format=%(refname)%00%(upstream:short)%00%(objectname)%00%(upstream:track)%00%(upstream:remotename)%00%(upstream:remoteref) refs/heads/origin/stable refs/remotes/origin/stable [1ms]
2025-06-06 19:34:05.630 [info] > git rev-parse --show-toplevel [1ms]
2025-06-06 19:34:05.634 [info] > git rev-parse --show-toplevel [1ms]
2025-06-06 19:34:05.637 [info] > git rev-parse --show-toplevel [0ms]
2025-06-06 19:34:05.640 [info] > git rev-parse --show-toplevel [1ms]
2025-06-06 19:34:05.643 [info] > git rev-parse --show-toplevel [1ms]
2025-06-06 19:34:05.645 [info] > git rev-parse --show-toplevel [0ms]
2025-06-06 19:34:05.648 [info] > git rev-parse --show-toplevel [1ms]
2025-06-06 19:34:05.651 [info] > git rev-parse --show-toplevel [1ms]
2025-06-06 19:34:05.653 [info] > git rev-parse --show-toplevel [0ms]
2025-06-06 19:34:10.135 [info] > git config --get commit.template [1ms]
2025-06-06 19:34:10.139 [info] > git for-each-ref --format=%(refname)%00%(upstream:short)%00%(objectname)%00%(upstream:track)%00%(upstream:remotename)%00%(upstream:remoteref) refs/heads/stable refs/remotes/stable [1ms]
2025-06-06 19:34:10.141 [warning] [Git][revParse] Unable to read file: ENOENT: no such file or directory, open '/home/caroulder/AFLplusplus/.git/refs/remotes/origin/stable'
2025-06-06 19:34:10.142 [info] > git rev-parse refs/remotes/origin/stable [1ms]
2025-06-06 19:34:10.148 [info] > git status -z -uall [4ms]
2025-06-06 19:34:10.153 [info] > git for-each-ref --format=%(refname)%00%(upstream:short)%00%(objectname)%00%(upstream:track)%00%(upstream:remotename)%00%(upstream:remoteref) refs/heads/stable refs/remotes/stable [2ms]
2025-06-06 19:34:10.157 [info] > git config --local branch.stable.vscode-merge-base [1ms]
2025-06-06 19:34:10.160 [info] > git for-each-ref --format=%(refname)%00%(upstream:short)%00%(objectname)%00%(upstream:track)%00%(upstream:remotename)%00%(upstream:remoteref) refs/heads/origin/stable refs/remotes/origin/stable [1ms]
2025-06-06 19:34:10.657 [info] > git rev-parse --show-toplevel [0ms]
2025-06-06 19:34:10.661 [info] > git rev-parse --show-toplevel [1ms]
2025-06-06 19:34:10.679 [info] > git rev-parse --show-toplevel [16ms]
2025-06-06 19:34:10.682 [info] > git rev-parse --show-toplevel [0ms]
2025-06-06 19:34:10.685 [info] > git rev-parse --show-toplevel [0ms]
2025-06-06 19:34:10.688 [info] > git rev-parse --show-toplevel [1ms]
2025-06-06 19:34:10.691 [info] > git rev-parse --show-toplevel [1ms]
2025-06-06 19:34:10.694 [info] > git rev-parse --show-toplevel [1ms]
2025-06-06 19:34:10.697 [info] > git rev-parse --show-toplevel [0ms]
2025-06-06 19:34:15.166 [info] > git config --get commit.template [1ms]
2025-06-06 19:34:15.169 [info] > git for-each-ref --format=%(refname)%00%(upstream:short)%00%(objectname)%00%(upstream:track)%00%(upstream:remotename)%00%(upstream:remoteref) refs/heads/stable refs/remotes/stable [0ms]
2025-06-06 19:34:15.171 [warning] [Git][revParse] Unable to read file: ENOENT: no such file or directory, open '/home/caroulder/AFLplusplus/.git/refs/remotes/origin/stable'
2025-06-06 19:34:15.172 [info] > git rev-parse refs/remotes/origin/stable [1ms]
2025-06-06 19:34:15.177 [info] > git status -z -uall [3ms]
2025-06-06 19:34:15.190 [info] > git for-each-ref --format=%(refname)%00%(upstream:short)%00%(objectname)%00%(upstream:track)%00%(upstream:remotename)%00%(upstream:remoteref) refs/heads/stable refs/remotes/stable [2ms]
2025-06-06 19:34:15.193 [info] > git config --local branch.stable.vscode-merge-base [0ms]
2025-06-06 19:34:15.198 [info] > git for-each-ref --format=%(refname)%00%(upstream:short)%00%(objectname)%00%(upstream:track)%00%(upstream:remotename)%00%(upstream:remoteref) refs/heads/origin/stable refs/remotes/origin/stable [1ms]
2025-06-06 19:34:15.704 [info] > git rev-parse --show-toplevel [1ms]
2025-06-06 19:34:15.720 [info] > git rev-parse --show-toplevel [0ms]
2025-06-06 19:34:15.726 [info] > git rev-parse --show-toplevel [1ms]
2025-06-06 19:34:15.731 [info] > git rev-parse --show-toplevel [1ms]
2025-06-06 19:34:15.736 [info] > git rev-parse --show-toplevel [1ms]
2025-06-06 19:34:15.739 [info] > git rev-parse --show-toplevel [0ms]
2025-06-06 19:34:15.742 [info] > git rev-parse --show-toplevel [1ms]
2025-06-06 19:34:15.745 [info] > git rev-parse --show-toplevel [1ms]
2025-06-06 19:34:15.747 [info] > git rev-parse --show-toplevel [0ms]
2025-06-06 19:34:20.202 [info] > git config --get commit.template [3ms]
2025-06-06 19:34:20.203 [info] > git for-each-ref --format=%(refname)%00%(upstream:short)%00%(objectname)%00%(upstream:track)%00%(upstream:remotename)%00%(upstream:remoteref) refs/heads/stable refs/remotes/stable [1ms]
2025-06-06 19:34:20.205 [warning] [Git][revParse] Unable to read file: ENOENT: no such file or directory, open '/home/caroulder/AFLplusplus/.git/refs/remotes/origin/stable'
2025-06-06 19:34:20.205 [info] > git rev-parse refs/remotes/origin/stable [0ms]
2025-06-06 19:34:20.211 [info] > git status -z -uall [4ms]
2025-06-06 19:34:20.225 [info] > git for-each-ref --format=%(refname)%00%(upstream:short)%00%(objectname)%00%(upstream:track)%00%(upstream:remotename)%00%(upstream:remoteref) refs/heads/stable refs/remotes/stable [2ms]
2025-06-06 19:34:20.229 [info] > git config --local branch.stable.vscode-merge-base [2ms]
2025-06-06 19:34:20.232 [info] > git for-each-ref --format=%(refname)%00%(upstream:short)%00%(objectname)%00%(upstream:track)%00%(upstream:remotename)%00%(upstream:remoteref) refs/heads/origin/stable refs/remotes/origin/stable [1ms]
2025-06-06 19:34:20.736 [info] > git rev-parse --show-toplevel [1ms]
2025-06-06 19:34:20.740 [info] > git rev-parse --show-toplevel [0ms]
2025-06-06 19:34:20.743 [info] > git rev-parse --show-toplevel [0ms]
2025-06-06 19:34:20.746 [info] > git rev-parse --show-toplevel [1ms]
2025-06-06 19:34:20.749 [info] > git rev-parse --show-toplevel [1ms]
2025-06-06 19:34:20.751 [info] > git rev-parse --show-toplevel [0ms]
2025-06-06 19:34:20.754 [info] > git rev-parse --show-toplevel [1ms]
2025-06-06 19:34:20.757 [info] > git rev-parse --show-toplevel [0ms]
2025-06-06 19:34:20.759 [info] > git rev-parse --show-toplevel [0ms]
2025-06-06 19:34:25.242 [info] > git config --get commit.template [2ms]
2025-06-06 19:34:25.245 [info] > git for-each-ref --format=%(refname)%00%(upstream:short)%00%(objectname)%00%(upstream:track)%00%(upstream:remotename)%00%(upstream:remoteref) refs/heads/stable refs/remotes/stable [1ms]
2025-06-06 19:34:25.247 [warning] [Git][revParse] Unable to read file: ENOENT: no such file or directory, open '/home/caroulder/AFLplusplus/.git/refs/remotes/origin/stable'
2025-06-06 19:34:25.248 [info] > git rev-parse refs/remotes/origin/stable [1ms]
2025-06-06 19:34:25.254 [info] > git status -z -uall [4ms]
2025-06-06 19:34:25.259 [info] > git for-each-ref --format=%(refname)%00%(upstream:short)%00%(objectname)%00%(upstream:track)%00%(upstream:remotename)%00%(upstream:remoteref) refs/heads/stable refs/remotes/stable [2ms]
2025-06-06 19:34:25.263 [info] > git config --local branch.stable.vscode-merge-base [1ms]
2025-06-06 19:34:25.266 [info] > git for-each-ref --format=%(refname)%00%(upstream:short)%00%(objectname)%00%(upstream:track)%00%(upstream:remotename)%00%(upstream:remoteref) refs/heads/origin/stable refs/remotes/origin/stable [1ms]
2025-06-06 19:34:25.766 [info] > git rev-parse --show-toplevel [1ms]
2025-06-06 19:34:25.771 [info] > git rev-parse --show-toplevel [1ms]
2025-06-06 19:34:25.774 [info] > git rev-parse --show-toplevel [1ms]
2025-06-06 19:34:25.776 [info] > git rev-parse --show-toplevel [0ms]
2025-06-06 19:34:25.779 [info] > git rev-parse --show-toplevel [0ms]
2025-06-06 19:34:25.782 [info] > git rev-parse --show-toplevel [1ms]
2025-06-06 19:34:25.784 [info] > git rev-parse --show-toplevel [0ms]
2025-06-06 19:34:25.788 [info] > git rev-parse --show-toplevel [1ms]
2025-06-06 19:34:25.792 [info] > git rev-parse --show-toplevel [0ms]
2025-06-06 19:34:30.271 [info] > git config --get commit.template [1ms]
2025-06-06 19:34:30.274 [info] > git for-each-ref --format=%(refname)%00%(upstream:short)%00%(objectname)%00%(upstream:track)%00%(upstream:remotename)%00%(upstream:remoteref) refs/heads/stable refs/remotes/stable [1ms]
2025-06-06 19:34:30.276 [warning] [Git][revParse] Unable to read file: ENOENT: no such file or directory, open '/home/caroulder/AFLplusplus/.git/refs/remotes/origin/stable'
2025-06-06 19:34:30.277 [info] > git rev-parse refs/remotes/origin/stable [1ms]
2025-06-06 19:34:30.282 [info] > git status -z -uall [3ms]
2025-06-06 19:34:30.289 [info] > git for-each-ref --format=%(refname)%00%(upstream:short)%00%(objectname)%00%(upstream:track)%00%(upstream:remotename)%00%(upstream:remoteref) refs/heads/stable refs/remotes/stable [3ms]
2025-06-06 19:34:30.292 [info] > git config --local branch.stable.vscode-merge-base [1ms]
2025-06-06 19:34:30.295 [info] > git for-each-ref --format=%(refname)%00%(upstream:short)%00%(objectname)%00%(upstream:track)%00%(upstream:remotename)%00%(upstream:remoteref) refs/heads/origin/stable refs/remotes/origin/stable [0ms]
2025-06-06 19:34:30.792 [info] > git rev-parse --show-toplevel [0ms]
2025-06-06 19:34:30.797 [info] > git rev-parse --show-toplevel [1ms]
2025-06-06 19:34:30.801 [info] > git rev-parse --show-toplevel [1ms]
2025-06-06 19:34:30.804 [info] > git rev-parse --show-toplevel [1ms]
2025-06-06 19:34:30.807 [info] > git rev-parse --show-toplevel [1ms]
2025-06-06 19:34:30.809 [info] > git rev-parse --show-toplevel [0ms]
2025-06-06 19:34:30.812 [info] > git rev-parse --show-toplevel [1ms]
2025-06-06 19:34:30.815 [info] > git rev-parse --show-toplevel [1ms]
2025-06-06 19:34:30.817 [info] > git rev-parse --show-toplevel [0ms]
2025-06-06 19:34:35.299 [info] > git config --get commit.template [1ms]
2025-06-06 19:34:35.304 [info] > git for-each-ref --format=%(refname)%00%(upstream:short)%00%(objectname)%00%(upstream:track)%00%(upstream:remotename)%00%(upstream:remoteref) refs/heads/stable refs/remotes/stable [1ms]
2025-06-06 19:34:35.307 [warning] [Git][revParse] Unable to read file: ENOENT: no such file or directory, open '/home/caroulder/AFLplusplus/.git/refs/remotes/origin/stable'
2025-06-06 19:34:35.308 [info] > git rev-parse refs/remotes/origin/stable [1ms]
2025-06-06 19:34:35.314 [info] > git status -z -uall [4ms]
2025-06-06 19:34:35.319 [info] > git for-each-ref --format=%(refname)%00%(upstream:short)%00%(objectname)%00%(upstream:track)%00%(upstream:remotename)%00%(upstream:remoteref) refs/heads/stable refs/remotes/stable [2ms]
2025-06-06 19:34:35.323 [info] > git config --local branch.stable.vscode-merge-base [1ms]
2025-06-06 19:34:35.326 [info] > git for-each-ref --format=%(refname)%00%(upstream:short)%00%(objectname)%00%(upstream:track)%00%(upstream:remotename)%00%(upstream:remoteref) refs/heads/origin/stable refs/remotes/origin/stable [1ms]
2025-06-06 19:34:35.827 [info] > git rev-parse --show-toplevel [1ms]
2025-06-06 19:34:35.832 [info] > git rev-parse --show-toplevel [1ms]
2025-06-06 19:34:35.835 [info] > git rev-parse --show-toplevel [1ms]
2025-06-06 19:34:35.838 [info] > git rev-parse --show-toplevel [1ms]
2025-06-06 19:34:35.840 [info] > git rev-parse --show-toplevel [0ms]
2025-06-06 19:34:35.843 [info] > git rev-parse --show-toplevel [0ms]
2025-06-06 19:34:35.847 [info] > git rev-parse --show-toplevel [1ms]
2025-06-06 19:34:35.850 [info] > git rev-parse --show-toplevel [1ms]
2025-06-06 19:34:35.853 [info] > git rev-parse --show-toplevel [1ms]
2025-06-06 19:34:40.328 [info] > git config --get commit.template [3ms]
2025-06-06 19:34:40.332 [info] > git for-each-ref --format=%(refname)%00%(upstream:short)%00%(objectname)%00%(upstream:track)%00%(upstream:remotename)%00%(upstream:remoteref) refs/heads/stable refs/remotes/stable [1ms]
2025-06-06 19:34:40.334 [warning] [Git][revParse] Unable to read file: ENOENT: no such file or directory, open '/home/caroulder/AFLplusplus/.git/refs/remotes/origin/stable'
2025-06-06 19:34:40.335 [info] > git rev-parse refs/remotes/origin/stable [1ms]
2025-06-06 19:34:40.340 [info] > git status -z -uall [3ms]
2025-06-06 19:34:40.346 [info] > git for-each-ref --format=%(refname)%00%(upstream:short)%00%(objectname)%00%(upstream:track)%00%(upstream:remotename)%00%(upstream:remoteref) refs/heads/stable refs/remotes/stable [3ms]
2025-06-06 19:34:40.349 [info] > git config --local branch.stable.vscode-merge-base [1ms]
2025-06-06 19:34:40.352 [info] > git for-each-ref --format=%(refname)%00%(upstream:short)%00%(objectname)%00%(upstream:track)%00%(upstream:remotename)%00%(upstream:remoteref) refs/heads/origin/stable refs/remotes/origin/stable [0ms]
2025-06-06 19:34:40.852 [info] > git rev-parse --show-toplevel [1ms]
2025-06-06 19:34:40.858 [info] > git rev-parse --show-toplevel [1ms]
2025-06-06 19:34:40.862 [info] > git rev-parse --show-toplevel [1ms]
2025-06-06 19:34:40.865 [info] > git rev-parse --show-toplevel [1ms]
2025-06-06 19:34:40.867 [info] > git rev-parse --show-toplevel [0ms]
2025-06-06 19:34:40.870 [info] > git rev-parse --show-toplevel [1ms]
2025-06-06 19:34:40.872 [info] > git rev-parse --show-toplevel [0ms]
2025-06-06 19:34:40.875 [info] > git rev-parse --show-toplevel [0ms]
2025-06-06 19:34:40.878 [info] > git rev-parse --show-toplevel [0ms]
2025-06-06 19:34:45.363 [info] > git config --get commit.template [10ms]
2025-06-06 19:34:45.367 [info] > git for-each-ref --format=%(refname)%00%(upstream:short)%00%(objectname)%00%(upstream:track)%00%(upstream:remotename)%00%(upstream:remoteref) refs/heads/stable refs/remotes/stable [1ms]
2025-06-06 19:34:45.369 [warning] [Git][revParse] Unable to read file: ENOENT: no such file or directory, open '/home/caroulder/AFLplusplus/.git/refs/remotes/origin/stable'
2025-06-06 19:34:45.370 [info] > git rev-parse refs/remotes/origin/stable [1ms]
2025-06-06 19:34:45.376 [info] > git status -z -uall [4ms]
2025-06-06 19:34:45.381 [info] > git for-each-ref --format=%(refname)%00%(upstream:short)%00%(objectname)%00%(upstream:track)%00%(upstream:remotename)%00%(upstream:remoteref) refs/heads/stable refs/remotes/stable [2ms]
2025-06-06 19:34:45.384 [info] > git config --local branch.stable.vscode-merge-base [1ms]
2025-06-06 19:34:45.387 [info] > git for-each-ref --format=%(refname)%00%(upstream:short)%00%(objectname)%00%(upstream:track)%00%(upstream:remotename)%00%(upstream:remoteref) refs/heads/origin/stable refs/remotes/origin/stable [0ms]
2025-06-06 19:34:45.886 [info] > git rev-parse --show-toplevel [1ms]
2025-06-06 19:34:45.891 [info] > git rev-parse --show-toplevel [1ms]
2025-06-06 19:34:45.895 [info] > git rev-parse --show-toplevel [0ms]
2025-06-06 19:34:45.899 [info] > git rev-parse --show-toplevel [1ms]
2025-06-06 19:34:45.902 [info] > git rev-parse --show-toplevel [0ms]
2025-06-06 19:34:45.905 [info] > git rev-parse --show-toplevel [1ms]
2025-06-06 19:34:45.908 [info] > git rev-parse --show-toplevel [1ms]
2025-06-06 19:34:45.910 [info] > git rev-parse --show-toplevel [0ms]
2025-06-06 19:34:45.913 [info] > git rev-parse --show-toplevel [0ms]
2025-06-06 19:34:50.395 [info] > git config --get commit.template [2ms]
2025-06-06 19:34:50.399 [info] > git for-each-ref --format=%(refname)%00%(upstream:short)%00%(objectname)%00%(upstream:track)%00%(upstream:remotename)%00%(upstream:remoteref) refs/heads/stable refs/remotes/stable [1ms]
2025-06-06 19:34:50.401 [warning] [Git][revParse] Unable to read file: ENOENT: no such file or directory, open '/home/caroulder/AFLplusplus/.git/refs/remotes/origin/stable'
2025-06-06 19:34:50.402 [info] > git rev-parse refs/remotes/origin/stable [1ms]
2025-06-06 19:34:50.407 [info] > git status -z -uall [3ms]
2025-06-06 19:34:50.413 [info] > git for-each-ref --format=%(refname)%00%(upstream:short)%00%(objectname)%00%(upstream:track)%00%(upstream:remotename)%00%(upstream:remoteref) refs/heads/stable refs/remotes/stable [3ms]
2025-06-06 19:34:50.417 [info] > git config --local branch.stable.vscode-merge-base [1ms]
2025-06-06 19:34:50.420 [info] > git for-each-ref --format=%(refname)%00%(upstream:short)%00%(objectname)%00%(upstream:track)%00%(upstream:remotename)%00%(upstream:remoteref) refs/heads/origin/stable refs/remotes/origin/stable [1ms]
2025-06-06 19:34:50.920 [info] > git rev-parse --show-toplevel [1ms]
2025-06-06 19:34:50.923 [info] > git rev-parse --show-toplevel [0ms]
2025-06-06 19:34:50.926 [info] > git rev-parse --show-toplevel [0ms]
2025-06-06 19:34:50.928 [info] > git rev-parse --show-toplevel [0ms]
2025-06-06 19:34:50.931 [info] > git rev-parse --show-toplevel [0ms]
2025-06-06 19:34:50.934 [info] > git rev-parse --show-toplevel [1ms]
2025-06-06 19:34:50.936 [info] > git rev-parse --show-toplevel [0ms]
2025-06-06 19:34:50.939 [info] > git rev-parse --show-toplevel [0ms]
2025-06-06 19:34:50.942 [info] > git rev-parse --show-toplevel [1ms]
2025-06-06 19:34:55.431 [info] > git config --get commit.template [6ms]
2025-06-06 19:34:55.431 [info] > git for-each-ref --format=%(refname)%00%(upstream:short)%00%(objectname)%00%(upstream:track)%00%(upstream:remotename)%00%(upstream:remoteref) refs/heads/stable refs/remotes/stable [1ms]
2025-06-06 19:34:55.434 [warning] [Git][revParse] Unable to read file: ENOENT: no such file or directory, open '/home/caroulder/AFLplusplus/.git/refs/remotes/origin/stable'
2025-06-06 19:34:55.434 [info] > git rev-parse refs/remotes/origin/stable [0ms]
2025-06-06 19:34:55.441 [info] > git status -z -uall [4ms]
2025-06-06 19:34:55.446 [info] > git for-each-ref --format=%(refname)%00%(upstream:short)%00%(objectname)%00%(upstream:track)%00%(upstream:remotename)%00%(upstream:remoteref) refs/heads/stable refs/remotes/stable [2ms]
2025-06-06 19:34:55.449 [info] > git config --local branch.stable.vscode-merge-base [0ms]
2025-06-06 19:34:55.452 [info] > git for-each-ref --format=%(refname)%00%(upstream:short)%00%(objectname)%00%(upstream:track)%00%(upstream:remotename)%00%(upstream:remoteref) refs/heads/origin/stable refs/remotes/origin/stable [0ms]
2025-06-06 19:34:55.950 [info] > git rev-parse --show-toplevel [1ms]
2025-06-06 19:34:55.953 [info] > git rev-parse --show-toplevel [0ms]
2025-06-06 19:34:55.956 [info] > git rev-parse --show-toplevel [0ms]
2025-06-06 19:34:55.959 [info] > git rev-parse --show-toplevel [0ms]
2025-06-06 19:34:55.962 [info] > git rev-parse --show-toplevel [1ms]
2025-06-06 19:34:55.965 [info] > git rev-parse --show-toplevel [1ms]
2025-06-06 19:34:55.967 [info] > git rev-parse --show-toplevel [0ms]
2025-06-06 19:34:55.970 [info] > git rev-parse --show-toplevel [0ms]
2025-06-06 19:34:55.973 [info] > git rev-parse --show-toplevel [1ms]
2025-06-06 19:35:00.455 [info] > git config --get commit.template [4ms]
2025-06-06 19:35:00.456 [info] > git for-each-ref --format=%(refname)%00%(upstream:short)%00%(objectname)%00%(upstream:track)%00%(upstream:remotename)%00%(upstream:remoteref) refs/heads/stable refs/remotes/stable [1ms]
2025-06-06 19:35:00.458 [warning] [Git][revParse] Unable to read file: ENOENT: no such file or directory, open '/home/caroulder/AFLplusplus/.git/refs/remotes/origin/stable'
2025-06-06 19:35:00.458 [info] > git rev-parse refs/remotes/origin/stable [0ms]
2025-06-06 19:35:00.464 [info] > git status -z -uall [4ms]
2025-06-06 19:35:00.469 [info] > git for-each-ref --format=%(refname)%00%(upstream:short)%00%(objectname)%00%(upstream:track)%00%(upstream:remotename)%00%(upstream:remoteref) refs/heads/stable refs/remotes/stable [2ms]
2025-06-06 19:35:00.473 [info] > git config --local branch.stable.vscode-merge-base [2ms]
2025-06-06 19:35:00.476 [info] > git for-each-ref --format=%(refname)%00%(upstream:short)%00%(objectname)%00%(upstream:track)%00%(upstream:remotename)%00%(upstream:remoteref) refs/heads/origin/stable refs/remotes/origin/stable [1ms]
2025-06-06 19:35:00.980 [info] > git rev-parse --show-toplevel [5ms]
2025-06-06 19:35:00.983 [info] > git rev-parse --show-toplevel [0ms]
2025-06-06 19:35:00.985 [info] > git rev-parse --show-toplevel [0ms]
2025-06-06 19:35:00.988 [info] > git rev-parse --show-toplevel [0ms]
2025-06-06 19:35:00.991 [info] > git rev-parse --show-toplevel [1ms]
2025-06-06 19:35:00.993 [info] > git rev-parse --show-toplevel [0ms]
2025-06-06 19:35:00.997 [info] > git rev-parse --show-toplevel [1ms]
2025-06-06 19:35:01.000 [info] > git rev-parse --show-toplevel [1ms]
2025-06-06 19:35:01.003 [info] > git rev-parse --show-toplevel [1ms]
2025-06-06 19:35:05.478 [info] > git config --get commit.template [1ms]
2025-06-06 19:35:05.481 [info] > git for-each-ref --format=%(refname)%00%(upstream:short)%00%(objectname)%00%(upstream:track)%00%(upstream:remotename)%00%(upstream:remoteref) refs/heads/stable refs/remotes/stable [1ms]
2025-06-06 19:35:05.484 [warning] [Git][revParse] Unable to read file: ENOENT: no such file or directory, open '/home/caroulder/AFLplusplus/.git/refs/remotes/origin/stable'
2025-06-06 19:35:05.484 [info] > git rev-parse refs/remotes/origin/stable [0ms]
2025-06-06 19:35:05.490 [info] > git status -z -uall [4ms]
2025-06-06 19:35:05.495 [info] > git for-each-ref --format=%(refname)%00%(upstream:short)%00%(objectname)%00%(upstream:track)%00%(upstream:remotename)%00%(upstream:remoteref) refs/heads/stable refs/remotes/stable [2ms]
2025-06-06 19:35:05.498 [info] > git config --local branch.stable.vscode-merge-base [1ms]
2025-06-06 19:35:05.501 [info] > git for-each-ref --format=%(refname)%00%(upstream:short)%00%(objectname)%00%(upstream:track)%00%(upstream:remotename)%00%(upstream:remoteref) refs/heads/origin/stable refs/remotes/origin/stable [1ms]
2025-06-06 19:35:06.002 [info] > git rev-parse --show-toplevel [1ms]
2025-06-06 19:35:06.006 [info] > git rev-parse --show-toplevel [1ms]
2025-06-06 19:35:06.009 [info] > git rev-parse --show-toplevel [1ms]
2025-06-06 19:35:06.012 [info] > git rev-parse --show-toplevel [1ms]
2025-06-06 19:35:06.016 [info] > git rev-parse --show-toplevel [1ms]
2025-06-06 19:35:06.019 [info] > git rev-parse --show-toplevel [1ms]
2025-06-06 19:35:06.021 [info] > git rev-parse --show-toplevel [0ms]
2025-06-06 19:35:06.024 [info] > git rev-parse --show-toplevel [1ms]
2025-06-06 19:35:06.027 [info] > git rev-parse --show-toplevel [1ms]
2025-06-06 19:35:10.518 [info] > git config --get commit.template [14ms]
2025-06-06 19:35:10.522 [info] > git for-each-ref --format=%(refname)%00%(upstream:short)%00%(objectname)%00%(upstream:track)%00%(upstream:remotename)%00%(upstream:remoteref) refs/heads/stable refs/remotes/stable [1ms]
2025-06-06 19:35:10.524 [warning] [Git][revParse] Unable to read file: ENOENT: no such file or directory, open '/home/caroulder/AFLplusplus/.git/refs/remotes/origin/stable'
2025-06-06 19:35:10.524 [info] > git rev-parse refs/remotes/origin/stable [0ms]
2025-06-06 19:35:10.530 [info] > git status -z -uall [3ms]
2025-06-06 19:35:10.535 [info] > git for-each-ref --format=%(refname)%00%(upstream:short)%00%(objectname)%00%(upstream:track)%00%(upstream:remotename)%00%(upstream:remoteref) refs/heads/stable refs/remotes/stable [2ms]
2025-06-06 19:35:10.541 [info] > git config --local branch.stable.vscode-merge-base [1ms]
2025-06-06 19:35:10.548 [info] > git for-each-ref --format=%(refname)%00%(upstream:short)%00%(objectname)%00%(upstream:track)%00%(upstream:remotename)%00%(upstream:remoteref) refs/heads/origin/stable refs/remotes/origin/stable [1ms]
2025-06-06 19:35:11.040 [info] > git rev-parse --show-toplevel [1ms]
2025-06-06 19:35:11.043 [info] > git rev-parse --show-toplevel [1ms]
2025-06-06 19:35:11.046 [info] > git rev-parse --show-toplevel [1ms]
2025-06-06 19:35:11.048 [info] > git rev-parse --show-toplevel [0ms]
2025-06-06 19:35:11.051 [info] > git rev-parse --show-toplevel [0ms]
2025-06-06 19:35:11.054 [info] > git rev-parse --show-toplevel [1ms]
2025-06-06 19:35:11.056 [info] > git rev-parse --show-toplevel [0ms]
2025-06-06 19:35:11.059 [info] > git rev-parse --show-toplevel [0ms]
2025-06-06 19:35:11.062 [info] > git rev-parse --show-toplevel [0ms]
2025-06-06 19:35:15.553 [info] > git config --get commit.template [5ms]
2025-06-06 19:35:15.553 [info] > git for-each-ref --format=%(refname)%00%(upstream:short)%00%(objectname)%00%(upstream:track)%00%(upstream:remotename)%00%(upstream:remoteref) refs/heads/stable refs/remotes/stable [0ms]
2025-06-06 19:35:15.556 [warning] [Git][revParse] Unable to read file: ENOENT: no such file or directory, open '/home/caroulder/AFLplusplus/.git/refs/remotes/origin/stable'
2025-06-06 19:35:15.557 [info] > git rev-parse refs/remotes/origin/stable [1ms]
2025-06-06 19:35:15.563 [info] > git status -z -uall [4ms]
2025-06-06 19:35:15.569 [info] > git for-each-ref --format=%(refname)%00%(upstream:short)%00%(objectname)%00%(upstream:track)%00%(upstream:remotename)%00%(upstream:remoteref) refs/heads/stable refs/remotes/stable [3ms]
2025-06-06 19:35:15.572 [info] > git config --local branch.stable.vscode-merge-base [1ms]
2025-06-06 19:35:15.575 [info] > git for-each-ref --format=%(refname)%00%(upstream:short)%00%(objectname)%00%(upstream:track)%00%(upstream:remotename)%00%(upstream:remoteref) refs/heads/origin/stable refs/remotes/origin/stable [1ms]
2025-06-06 19:35:16.074 [info] > git rev-parse --show-toplevel [0ms]
2025-06-06 19:35:16.077 [info] > git rev-parse --show-toplevel [0ms]
2025-06-06 19:35:16.080 [info] > git rev-parse --show-toplevel [0ms]
2025-06-06 19:35:16.082 [info] > git rev-parse --show-toplevel [0ms]
2025-06-06 19:35:16.085 [info] > git rev-parse --show-toplevel [1ms]
2025-06-06 19:35:16.088 [info] > git rev-parse --show-toplevel [1ms]
2025-06-06 19:35:16.091 [info] > git rev-parse --show-toplevel [1ms]
2025-06-06 19:35:16.093 [info] > git rev-parse --show-toplevel [0ms]
2025-06-06 19:35:16.096 [info] > git rev-parse --show-toplevel [1ms]
2025-06-06 19:35:20.602 [info] > git config --get commit.template [17ms]
2025-06-06 19:35:20.604 [info] > git for-each-ref --format=%(refname)%00%(upstream:short)%00%(objectname)%00%(upstream:track)%00%(upstream:remotename)%00%(upstream:remoteref) refs/heads/stable refs/remotes/stable [4ms]
2025-06-06 19:35:20.614 [warning] [Git][revParse] Unable to read file: ENOENT: no such file or directory, open '/home/caroulder/AFLplusplus/.git/refs/remotes/origin/stable'
2025-06-06 19:35:20.617 [info] > git rev-parse refs/remotes/origin/stable [3ms]
2025-06-06 19:35:20.665 [info] > git status -z -uall [22ms]
2025-06-06 19:35:20.713 [info] > git for-each-ref --format=%(refname)%00%(upstream:short)%00%(objectname)%00%(upstream:track)%00%(upstream:remotename)%00%(upstream:remoteref) refs/heads/stable refs/remotes/stable [24ms]
2025-06-06 19:35:20.731 [info] > git config --local branch.stable.vscode-merge-base [7ms]
2025-06-06 19:35:20.753 [info] > git for-each-ref --format=%(refname)%00%(upstream:short)%00%(objectname)%00%(upstream:track)%00%(upstream:remotename)%00%(upstream:remoteref) refs/heads/origin/stable refs/remotes/origin/stable [4ms]
2025-06-06 19:35:21.197 [info] > git rev-parse --show-toplevel [1ms]
2025-06-06 19:35:21.201 [info] > git rev-parse --show-toplevel [0ms]
2025-06-06 19:35:21.205 [info] > git rev-parse --show-toplevel [1ms]
2025-06-06 19:35:21.208 [info] > git rev-parse --show-toplevel [1ms]
2025-06-06 19:35:21.212 [info] > git rev-parse --show-toplevel [1ms]
2025-06-06 19:35:21.215 [info] > git rev-parse --show-toplevel [0ms]
2025-06-06 19:35:21.218 [info] > git rev-parse --show-toplevel [1ms]
2025-06-06 19:35:21.221 [info] > git rev-parse --show-toplevel [1ms]
2025-06-06 19:35:21.224 [info] > git rev-parse --show-toplevel [1ms]
2025-06-06 19:35:25.721 [info] > git config --get commit.template [4ms]
2025-06-06 19:35:25.721 [info] > git for-each-ref --format=%(refname)%00%(upstream:short)%00%(objectname)%00%(upstream:track)%00%(upstream:remotename)%00%(upstream:remoteref) refs/heads/stable refs/remotes/stable [0ms]
2025-06-06 19:35:25.724 [warning] [Git][revParse] Unable to read file: ENOENT: no such file or directory, open '/home/caroulder/AFLplusplus/.git/refs/remotes/origin/stable'
2025-06-06 19:35:25.724 [info] > git rev-parse refs/remotes/origin/stable [0ms]
2025-06-06 19:35:25.731 [info] > git status -z -uall [4ms]
2025-06-06 19:35:25.736 [info] > git for-each-ref --format=%(refname)%00%(upstream:short)%00%(objectname)%00%(upstream:track)%00%(upstream:remotename)%00%(upstream:remoteref) refs/heads/stable refs/remotes/stable [2ms]
2025-06-06 19:35:25.740 [info] > git config --local branch.stable.vscode-merge-base [2ms]
2025-06-06 19:35:25.743 [info] > git for-each-ref --format=%(refname)%00%(upstream:short)%00%(objectname)%00%(upstream:track)%00%(upstream:remotename)%00%(upstream:remoteref) refs/heads/origin/stable refs/remotes/origin/stable [1ms]
2025-06-06 19:35:26.247 [info] > git rev-parse --show-toplevel [2ms]
2025-06-06 19:35:26.252 [info] > git rev-parse --show-toplevel [1ms]
2025-06-06 19:35:26.255 [info] > git rev-parse --show-toplevel [0ms]
2025-06-06 19:35:26.258 [info] > git rev-parse --show-toplevel [0ms]
2025-06-06 19:35:26.261 [info] > git rev-parse --show-toplevel [1ms]
2025-06-06 19:35:26.264 [info] > git rev-parse --show-toplevel [1ms]
2025-06-06 19:35:26.266 [info] > git rev-parse --show-toplevel [0ms]
2025-06-06 19:35:26.269 [info] > git rev-parse --show-toplevel [0ms]
2025-06-06 19:35:26.272 [info] > git rev-parse --show-toplevel [1ms]
2025-06-06 19:35:30.742 [info] > git config --get commit.template [1ms]
2025-06-06 19:35:30.746 [info] > git for-each-ref --format=%(refname)%00%(upstream:short)%00%(objectname)%00%(upstream:track)%00%(upstream:remotename)%00%(upstream:remoteref) refs/heads/stable refs/remotes/stable [1ms]
2025-06-06 19:35:30.748 [warning] [Git][revParse] Unable to read file: ENOENT: no such file or directory, open '/home/caroulder/AFLplusplus/.git/refs/remotes/origin/stable'
2025-06-06 19:35:30.749 [info] > git rev-parse refs/remotes/origin/stable [1ms]
2025-06-06 19:35:30.755 [info] > git status -z -uall [4ms]
2025-06-06 19:35:30.761 [info] > git for-each-ref --format=%(refname)%00%(upstream:short)%00%(objectname)%00%(upstream:track)%00%(upstream:remotename)%00%(upstream:remoteref) refs/heads/stable refs/remotes/stable [3ms]
2025-06-06 19:35:30.765 [info] > git config --local branch.stable.vscode-merge-base [1ms]
2025-06-06 19:35:30.768 [info] > git for-each-ref --format=%(refname)%00%(upstream:short)%00%(objectname)%00%(upstream:track)%00%(upstream:remotename)%00%(upstream:remoteref) refs/heads/origin/stable refs/remotes/origin/stable [1ms]
2025-06-06 19:35:31.272 [info] > git rev-parse --show-toplevel [1ms]
2025-06-06 19:35:31.277 [info] > git rev-parse --show-toplevel [1ms]
2025-06-06 19:35:31.281 [info] > git rev-parse --show-toplevel [1ms]
2025-06-06 19:35:31.284 [info] > git rev-parse --show-toplevel [1ms]
2025-06-06 19:35:31.286 [info] > git rev-parse --show-toplevel [0ms]
2025-06-06 19:35:31.289 [info] > git rev-parse --show-toplevel [0ms]
2025-06-06 19:35:31.292 [info] > git rev-parse --show-toplevel [1ms]
2025-06-06 19:35:31.295 [info] > git rev-parse --show-toplevel [1ms]
2025-06-06 19:35:31.297 [info] > git rev-parse --show-toplevel [0ms]
2025-06-06 19:35:35.772 [info] > git config --get commit.template [1ms]
2025-06-06 19:35:35.775 [info] > git for-each-ref --format=%(refname)%00%(upstream:short)%00%(objectname)%00%(upstream:track)%00%(upstream:remotename)%00%(upstream:remoteref) refs/heads/stable refs/remotes/stable [0ms]
2025-06-06 19:35:35.778 [warning] [Git][revParse] Unable to read file: ENOENT: no such file or directory, open '/home/caroulder/AFLplusplus/.git/refs/remotes/origin/stable'
2025-06-06 19:35:35.778 [info] > git rev-parse refs/remotes/origin/stable [0ms]
2025-06-06 19:35:35.784 [info] > git status -z -uall [4ms]
2025-06-06 19:35:35.789 [info] > git for-each-ref --format=%(refname)%00%(upstream:short)%00%(objectname)%00%(upstream:track)%00%(upstream:remotename)%00%(upstream:remoteref) refs/heads/stable refs/remotes/stable [2ms]
2025-06-06 19:35:35.793 [info] > git config --local branch.stable.vscode-merge-base [1ms]
2025-06-06 19:35:35.795 [info] > git for-each-ref --format=%(refname)%00%(upstream:short)%00%(objectname)%00%(upstream:track)%00%(upstream:remotename)%00%(upstream:remoteref) refs/heads/origin/stable refs/remotes/origin/stable [0ms]
2025-06-06 19:35:36.295 [info] > git rev-parse --show-toplevel [1ms]
2025-06-06 19:35:36.299 [info] > git rev-parse --show-toplevel [1ms]
2025-06-06 19:35:36.301 [info] > git rev-parse --show-toplevel [0ms]
2025-06-06 19:35:36.304 [info] > git rev-parse --show-toplevel [0ms]
2025-06-06 19:35:36.307 [info] > git rev-parse --show-toplevel [0ms]
2025-06-06 19:35:36.310 [info] > git rev-parse --show-toplevel [1ms]
2025-06-06 19:35:36.313 [info] > git rev-parse --show-toplevel [1ms]
2025-06-06 19:35:36.315 [info] > git rev-parse --show-toplevel [0ms]
2025-06-06 19:35:36.318 [info] > git rev-parse --show-toplevel [0ms]
2025-06-06 19:35:40.800 [info] > git config --get commit.template [1ms]
2025-06-06 19:35:40.804 [info] > git for-each-ref --format=%(refname)%00%(upstream:short)%00%(objectname)%00%(upstream:track)%00%(upstream:remotename)%00%(upstream:remoteref) refs/heads/stable refs/remotes/stable [0ms]
2025-06-06 19:35:40.807 [warning] [Git][revParse] Unable to read file: ENOENT: no such file or directory, open '/home/caroulder/AFLplusplus/.git/refs/remotes/origin/stable'
2025-06-06 19:35:40.807 [info] > git rev-parse refs/remotes/origin/stable [0ms]
2025-06-06 19:35:40.813 [info] > git status -z -uall [3ms]
2025-06-06 19:35:40.818 [info] > git for-each-ref --format=%(refname)%00%(upstream:short)%00%(objectname)%00%(upstream:track)%00%(upstream:remotename)%00%(upstream:remoteref) refs/heads/stable refs/remotes/stable [2ms]
2025-06-06 19:35:40.822 [info] > git config --local branch.stable.vscode-merge-base [1ms]
2025-06-06 19:35:40.825 [info] > git for-each-ref --format=%(refname)%00%(upstream:short)%00%(objectname)%00%(upstream:track)%00%(upstream:remotename)%00%(upstream:remoteref) refs/heads/origin/stable refs/remotes/origin/stable [1ms]
2025-06-06 19:35:41.327 [info] > git rev-parse --show-toplevel [2ms]
2025-06-06 19:35:41.332 [info] > git rev-parse --show-toplevel [1ms]
2025-06-06 19:35:41.335 [info] > git rev-parse --show-toplevel [0ms]
2025-06-06 19:35:41.339 [info] > git rev-parse --show-toplevel [1ms]
2025-06-06 19:35:41.341 [info] > git rev-parse --show-toplevel [0ms]
2025-06-06 19:35:41.344 [info] > git rev-parse --show-toplevel [0ms]
2025-06-06 19:35:41.347 [info] > git rev-parse --show-toplevel [0ms]
2025-06-06 19:35:41.350 [info] > git rev-parse --show-toplevel [1ms]
2025-06-06 19:35:41.353 [info] > git rev-parse --show-toplevel [1ms]
2025-06-06 19:35:45.829 [info] > git config --get commit.template [1ms]
2025-06-06 19:35:45.832 [info] > git for-each-ref --format=%(refname)%00%(upstream:short)%00%(objectname)%00%(upstream:track)%00%(upstream:remotename)%00%(upstream:remoteref) refs/heads/stable refs/remotes/stable [0ms]
2025-06-06 19:35:45.835 [warning] [Git][revParse] Unable to read file: ENOENT: no such file or directory, open '/home/caroulder/AFLplusplus/.git/refs/remotes/origin/stable'
2025-06-06 19:35:45.836 [info] > git rev-parse refs/remotes/origin/stable [1ms]
2025-06-06 19:35:45.842 [info] > git status -z -uall [4ms]
2025-06-06 19:35:45.847 [info] > git for-each-ref --format=%(refname)%00%(upstream:short)%00%(objectname)%00%(upstream:track)%00%(upstream:remotename)%00%(upstream:remoteref) refs/heads/stable refs/remotes/stable [2ms]
2025-06-06 19:35:45.851 [info] > git config --local branch.stable.vscode-merge-base [1ms]
2025-06-06 19:35:45.854 [info] > git for-each-ref --format=%(refname)%00%(upstream:short)%00%(objectname)%00%(upstream:track)%00%(upstream:remotename)%00%(upstream:remoteref) refs/heads/origin/stable refs/remotes/origin/stable [1ms]
2025-06-06 19:35:46.353 [info] > git rev-parse --show-toplevel [1ms]
2025-06-06 19:35:46.356 [info] > git rev-parse --show-toplevel [1ms]
2025-06-06 19:35:46.359 [info] > git rev-parse --show-toplevel [1ms]
2025-06-06 19:35:46.361 [info] > git rev-parse --show-toplevel [0ms]
2025-06-06 19:35:46.364 [info] > git rev-parse --show-toplevel [0ms]
2025-06-06 19:35:46.367 [info] > git rev-parse --show-toplevel [0ms]
2025-06-06 19:35:46.370 [info] > git rev-parse --show-toplevel [1ms]
2025-06-06 19:35:46.373 [info] > git rev-parse --show-toplevel [1ms]
2025-06-06 19:35:46.375 [info] > git rev-parse --show-toplevel [0ms]
2025-06-06 19:35:50.858 [info] > git config --get commit.template [3ms]
2025-06-06 19:35:50.858 [info] > git for-each-ref --format=%(refname)%00%(upstream:short)%00%(objectname)%00%(upstream:track)%00%(upstream:remotename)%00%(upstream:remoteref) refs/heads/stable refs/remotes/stable [0ms]
2025-06-06 19:35:50.861 [warning] [Git][revParse] Unable to read file: ENOENT: no such file or directory, open '/home/caroulder/AFLplusplus/.git/refs/remotes/origin/stable'
2025-06-06 19:35:50.862 [info] > git rev-parse refs/remotes/origin/stable [1ms]
2025-06-06 19:35:50.867 [info] > git status -z -uall [3ms]
2025-06-06 19:35:50.872 [info] > git for-each-ref --format=%(refname)%00%(upstream:short)%00%(objectname)%00%(upstream:track)%00%(upstream:remotename)%00%(upstream:remoteref) refs/heads/stable refs/remotes/stable [2ms]
2025-06-06 19:35:50.876 [info] > git config --local branch.stable.vscode-merge-base [1ms]
2025-06-06 19:35:50.881 [info] > git for-each-ref --format=%(refname)%00%(upstream:short)%00%(objectname)%00%(upstream:track)%00%(upstream:remotename)%00%(upstream:remoteref) refs/heads/origin/stable refs/remotes/origin/stable [2ms]
2025-06-06 19:35:51.375 [info] > git rev-parse --show-toplevel [1ms]
2025-06-06 19:35:51.378 [info] > git rev-parse --show-toplevel [0ms]
2025-06-06 19:35:51.382 [info] > git rev-parse --show-toplevel [1ms]
2025-06-06 19:35:51.384 [info] > git rev-parse --show-toplevel [0ms]
2025-06-06 19:35:51.387 [info] > git rev-parse --show-toplevel [0ms]
2025-06-06 19:35:51.390 [info] > git rev-parse --show-toplevel [1ms]
2025-06-06 19:35:51.393 [info] > git rev-parse --show-toplevel [1ms]
2025-06-06 19:35:51.395 [info] > git rev-parse --show-toplevel [0ms]
2025-06-06 19:35:51.398 [info] > git rev-parse --show-toplevel [1ms]
2025-06-06 19:35:55.879 [info] > git config --get commit.template [1ms]
2025-06-06 19:35:55.883 [info] > git for-each-ref --format=%(refname)%00%(upstream:short)%00%(objectname)%00%(upstream:track)%00%(upstream:remotename)%00%(upstream:remoteref) refs/heads/stable refs/remotes/stable [0ms]
2025-06-06 19:35:55.885 [warning] [Git][revParse] Unable to read file: ENOENT: no such file or directory, open '/home/caroulder/AFLplusplus/.git/refs/remotes/origin/stable'
2025-06-06 19:35:55.886 [info] > git rev-parse refs/remotes/origin/stable [1ms]
2025-06-06 19:35:55.892 [info] > git status -z -uall [4ms]
2025-06-06 19:35:55.897 [info] > git for-each-ref --format=%(refname)%00%(upstream:short)%00%(objectname)%00%(upstream:track)%00%(upstream:remotename)%00%(upstream:remoteref) refs/heads/stable refs/remotes/stable [2ms]
2025-06-06 19:35:55.904 [info] > git config --local branch.stable.vscode-merge-base [4ms]
2025-06-06 19:35:55.909 [info] > git for-each-ref --format=%(refname)%00%(upstream:short)%00%(objectname)%00%(upstream:track)%00%(upstream:remotename)%00%(upstream:remoteref) refs/heads/origin/stable refs/remotes/origin/stable [1ms]
2025-06-06 19:35:56.404 [info] > git rev-parse --show-toplevel [1ms]
2025-06-06 19:35:56.407 [info] > git rev-parse --show-toplevel [0ms]
2025-06-06 19:35:56.410 [info] > git rev-parse --show-toplevel [0ms]
2025-06-06 19:35:56.413 [info] > git rev-parse --show-toplevel [1ms]
2025-06-06 19:35:56.415 [info] > git rev-parse --show-toplevel [0ms]
2025-06-06 19:35:56.418 [info] > git rev-parse --show-toplevel [1ms]
2025-06-06 19:35:56.421 [info] > git rev-parse --show-toplevel [1ms]
2025-06-06 19:35:56.423 [info] > git rev-parse --show-toplevel [0ms]
2025-06-06 19:35:56.425 [info] > git rev-parse --show-toplevel [0ms]
2025-06-06 19:36:00.916 [info] > git config --get commit.template [1ms]
2025-06-06 19:36:00.920 [info] > git for-each-ref --format=%(refname)%00%(upstream:short)%00%(objectname)%00%(upstream:track)%00%(upstream:remotename)%00%(upstream:remoteref) refs/heads/stable refs/remotes/stable [1ms]
2025-06-06 19:36:00.922 [warning] [Git][revParse] Unable to read file: ENOENT: no such file or directory, open '/home/caroulder/AFLplusplus/.git/refs/remotes/origin/stable'
2025-06-06 19:36:00.923 [info] > git rev-parse refs/remotes/origin/stable [1ms]
2025-06-06 19:36:00.928 [info] > git status -z -uall [3ms]
2025-06-06 19:36:00.933 [info] > git for-each-ref --format=%(refname)%00%(upstream:short)%00%(objectname)%00%(upstream:track)%00%(upstream:remotename)%00%(upstream:remoteref) refs/heads/stable refs/remotes/stable [1ms]
2025-06-06 19:36:00.937 [info] > git config --local branch.stable.vscode-merge-base [1ms]
2025-06-06 19:36:00.940 [info] > git for-each-ref --format=%(refname)%00%(upstream:short)%00%(objectname)%00%(upstream:track)%00%(upstream:remotename)%00%(upstream:remoteref) refs/heads/origin/stable refs/remotes/origin/stable [1ms]
2025-06-06 19:36:01.439 [info] > git rev-parse --show-toplevel [0ms]
2025-06-06 19:36:01.442 [info] > git rev-parse --show-toplevel [0ms]
2025-06-06 19:36:01.445 [info] > git rev-parse --show-toplevel [0ms]
2025-06-06 19:36:01.448 [info] > git rev-parse --show-toplevel [1ms]
2025-06-06 19:36:01.450 [info] > git rev-parse --show-toplevel [0ms]
2025-06-06 19:36:01.453 [info] > git rev-parse --show-toplevel [0ms]
2025-06-06 19:36:01.456 [info] > git rev-parse --show-toplevel [1ms]
2025-06-06 19:36:01.459 [info] > git rev-parse --show-toplevel [1ms]
2025-06-06 19:36:01.461 [info] > git rev-parse --show-toplevel [0ms]
2025-06-06 19:36:05.944 [info] > git for-each-ref --format=%(refname)%00%(upstream:short)%00%(objectname)%00%(upstream:track)%00%(upstream:remotename)%00%(upstream:remoteref) refs/heads/stable refs/remotes/stable [0ms]
2025-06-06 19:36:05.945 [info] > git config --get commit.template [4ms]
2025-06-06 19:36:05.947 [warning] [Git][revParse] Unable to read file: ENOENT: no such file or directory, open '/home/caroulder/AFLplusplus/.git/refs/remotes/origin/stable'
2025-06-06 19:36:05.948 [info] > git rev-parse refs/remotes/origin/stable [1ms]
2025-06-06 19:36:05.954 [info] > git status -z -uall [4ms]
2025-06-06 19:36:05.959 [info] > git for-each-ref --format=%(refname)%00%(upstream:short)%00%(objectname)%00%(upstream:track)%00%(upstream:remotename)%00%(upstream:remoteref) refs/heads/stable refs/remotes/stable [2ms]
2025-06-06 19:36:05.963 [info] > git config --local branch.stable.vscode-merge-base [1ms]
2025-06-06 19:36:05.966 [info] > git for-each-ref --format=%(refname)%00%(upstream:short)%00%(objectname)%00%(upstream:track)%00%(upstream:remotename)%00%(upstream:remoteref) refs/heads/origin/stable refs/remotes/origin/stable [1ms]
2025-06-06 19:36:06.468 [info] > git rev-parse --show-toplevel [1ms]
2025-06-06 19:36:06.473 [info] > git rev-parse --show-toplevel [1ms]
2025-06-06 19:36:06.476 [info] > git rev-parse --show-toplevel [0ms]
2025-06-06 19:36:06.480 [info] > git rev-parse --show-toplevel [1ms]
2025-06-06 19:36:06.482 [info] > git rev-parse --show-toplevel [0ms]
2025-06-06 19:36:06.485 [info] > git rev-parse --show-toplevel [1ms]
2025-06-06 19:36:06.488 [info] > git rev-parse --show-toplevel [1ms]
2025-06-06 19:36:06.491 [info] > git rev-parse --show-toplevel [1ms]
2025-06-06 19:36:06.493 [info] > git rev-parse --show-toplevel [0ms]
2025-06-06 19:36:10.969 [info] > git config --get commit.template [2ms]
2025-06-06 19:36:10.973 [info] > git for-each-ref --format=%(refname)%00%(upstream:short)%00%(objectname)%00%(upstream:track)%00%(upstream:remotename)%00%(upstream:remoteref) refs/heads/stable refs/remotes/stable [1ms]
2025-06-06 19:36:10.976 [warning] [Git][revParse] Unable to read file: ENOENT: no such file or directory, open '/home/caroulder/AFLplusplus/.git/refs/remotes/origin/stable'
2025-06-06 19:36:10.977 [info] > git rev-parse refs/remotes/origin/stable [0ms]
2025-06-06 19:36:10.985 [info] > git status -z -uall [5ms]
2025-06-06 19:36:10.994 [info] > git for-each-ref --format=%(refname)%00%(upstream:short)%00%(objectname)%00%(upstream:track)%00%(upstream:remotename)%00%(upstream:remoteref) refs/heads/stable refs/remotes/stable [5ms]
2025-06-06 19:36:10.998 [info] > git config --local branch.stable.vscode-merge-base [1ms]
2025-06-06 19:36:11.001 [info] > git for-each-ref --format=%(refname)%00%(upstream:short)%00%(objectname)%00%(upstream:track)%00%(upstream:remotename)%00%(upstream:remoteref) refs/heads/origin/stable refs/remotes/origin/stable [0ms]
2025-06-06 19:36:11.501 [info] > git rev-parse --show-toplevel [1ms]
2025-06-06 19:36:11.505 [info] > git rev-parse --show-toplevel [0ms]
2025-06-06 19:36:11.509 [info] > git rev-parse --show-toplevel [1ms]
2025-06-06 19:36:11.512 [info] > git rev-parse --show-toplevel [1ms]
2025-06-06 19:36:11.515 [info] > git rev-parse --show-toplevel [1ms]
2025-06-06 19:36:11.518 [info] > git rev-parse --show-toplevel [0ms]
2025-06-06 19:36:11.521 [info] > git rev-parse --show-toplevel [1ms]
2025-06-06 19:36:11.524 [info] > git rev-parse --show-toplevel [1ms]
2025-06-06 19:36:11.526 [info] > git rev-parse --show-toplevel [0ms]
2025-06-06 19:36:16.006 [info] > git config --get commit.template [2ms]
2025-06-06 19:36:16.009 [info] > git for-each-ref --format=%(refname)%00%(upstream:short)%00%(objectname)%00%(upstream:track)%00%(upstream:remotename)%00%(upstream:remoteref) refs/heads/stable refs/remotes/stable [0ms]
2025-06-06 19:36:16.011 [warning] [Git][revParse] Unable to read file: ENOENT: no such file or directory, open '/home/caroulder/AFLplusplus/.git/refs/remotes/origin/stable'
2025-06-06 19:36:16.012 [info] > git rev-parse refs/remotes/origin/stable [1ms]
2025-06-06 19:36:16.017 [info] > git status -z -uall [3ms]
2025-06-06 19:36:16.023 [info] > git for-each-ref --format=%(refname)%00%(upstream:short)%00%(objectname)%00%(upstream:track)%00%(upstream:remotename)%00%(upstream:remoteref) refs/heads/stable refs/remotes/stable [2ms]
2025-06-06 19:36:16.026 [info] > git config --local branch.stable.vscode-merge-base [1ms]
2025-06-06 19:36:16.030 [info] > git for-each-ref --format=%(refname)%00%(upstream:short)%00%(objectname)%00%(upstream:track)%00%(upstream:remotename)%00%(upstream:remoteref) refs/heads/origin/stable refs/remotes/origin/stable [1ms]
2025-06-06 19:36:16.532 [info] > git rev-parse --show-toplevel [1ms]
2025-06-06 19:36:16.536 [info] > git rev-parse --show-toplevel [1ms]
2025-06-06 19:36:16.539 [info] > git rev-parse --show-toplevel [0ms]
2025-06-06 19:36:16.542 [info] > git rev-parse --show-toplevel [1ms]
2025-06-06 19:36:16.545 [info] > git rev-parse --show-toplevel [1ms]
2025-06-06 19:36:16.548 [info] > git rev-parse --show-toplevel [1ms]
2025-06-06 19:36:16.551 [info] > git rev-parse --show-toplevel [0ms]
2025-06-06 19:36:16.554 [info] > git rev-parse --show-toplevel [1ms]
2025-06-06 19:36:16.557 [info] > git rev-parse --show-toplevel [1ms]
2025-06-06 19:36:21.041 [info] > git config --get commit.template [5ms]
2025-06-06 19:36:21.041 [info] > git for-each-ref --format=%(refname)%00%(upstream:short)%00%(objectname)%00%(upstream:track)%00%(upstream:remotename)%00%(upstream:remoteref) refs/heads/stable refs/remotes/stable [1ms]
2025-06-06 19:36:21.044 [warning] [Git][revParse] Unable to read file: ENOENT: no such file or directory, open '/home/caroulder/AFLplusplus/.git/refs/remotes/origin/stable'
2025-06-06 19:36:21.045 [info] > git rev-parse refs/remotes/origin/stable [1ms]
2025-06-06 19:36:21.051 [info] > git status -z -uall [4ms]
2025-06-06 19:36:21.056 [info] > git for-each-ref --format=%(refname)%00%(upstream:short)%00%(objectname)%00%(upstream:track)%00%(upstream:remotename)%00%(upstream:remoteref) refs/heads/stable refs/remotes/stable [2ms]
2025-06-06 19:36:21.060 [info] > git config --local branch.stable.vscode-merge-base [2ms]
2025-06-06 19:36:21.063 [info] > git for-each-ref --format=%(refname)%00%(upstream:short)%00%(objectname)%00%(upstream:track)%00%(upstream:remotename)%00%(upstream:remoteref) refs/heads/origin/stable refs/remotes/origin/stable [1ms]
2025-06-06 19:36:21.562 [info] > git rev-parse --show-toplevel [1ms]
2025-06-06 19:36:21.565 [info] > git rev-parse --show-toplevel [1ms]
2025-06-06 19:36:21.568 [info] > git rev-parse --show-toplevel [1ms]
2025-06-06 19:36:21.570 [info] > git rev-parse --show-toplevel [0ms]
2025-06-06 19:36:21.573 [info] > git rev-parse --show-toplevel [1ms]
2025-06-06 19:36:21.575 [info] > git rev-parse --show-toplevel [0ms]
2025-06-06 19:36:21.578 [info] > git rev-parse --show-toplevel [1ms]
2025-06-06 19:36:21.580 [info] > git rev-parse --show-toplevel [0ms]
2025-06-06 19:36:21.583 [info] > git rev-parse --show-toplevel [1ms]
2025-06-06 19:36:26.067 [info] > git config --get commit.template [3ms]
2025-06-06 19:36:26.068 [info] > git for-each-ref --format=%(refname)%00%(upstream:short)%00%(objectname)%00%(upstream:track)%00%(upstream:remotename)%00%(upstream:remoteref) refs/heads/stable refs/remotes/stable [1ms]
2025-06-06 19:36:26.070 [warning] [Git][revParse] Unable to read file: ENOENT: no such file or directory, open '/home/caroulder/AFLplusplus/.git/refs/remotes/origin/stable'
2025-06-06 19:36:26.071 [info] > git rev-parse refs/remotes/origin/stable [1ms]
2025-06-06 19:36:26.076 [info] > git status -z -uall [3ms]
2025-06-06 19:36:26.082 [info] > git for-each-ref --format=%(refname)%00%(upstream:short)%00%(objectname)%00%(upstream:track)%00%(upstream:remotename)%00%(upstream:remoteref) refs/heads/stable refs/remotes/stable [2ms]
2025-06-06 19:36:26.086 [info] > git config --local branch.stable.vscode-merge-base [1ms]
2025-06-06 19:36:26.089 [info] > git for-each-ref --format=%(refname)%00%(upstream:short)%00%(objectname)%00%(upstream:track)%00%(upstream:remotename)%00%(upstream:remoteref) refs/heads/origin/stable refs/remotes/origin/stable [0ms]
2025-06-06 19:36:26.590 [info] > git rev-parse --show-toplevel [1ms]
2025-06-06 19:36:26.593 [info] > git rev-parse --show-toplevel [1ms]
2025-06-06 19:36:26.597 [info] > git rev-parse --show-toplevel [1ms]
2025-06-06 19:36:26.600 [info] > git rev-parse --show-toplevel [1ms]
2025-06-06 19:36:26.603 [info] > git rev-parse --show-toplevel [0ms]
2025-06-06 19:36:26.605 [info] > git rev-parse --show-toplevel [0ms]
2025-06-06 19:36:26.608 [info] > git rev-parse --show-toplevel [1ms]
2025-06-06 19:36:26.611 [info] > git rev-parse --show-toplevel [1ms]
2025-06-06 19:36:26.614 [info] > git rev-parse --show-toplevel [1ms]
2025-06-06 19:36:31.090 [info] > git config --get commit.template [0ms]
2025-06-06 19:36:31.094 [info] > git for-each-ref --format=%(refname)%00%(upstream:short)%00%(objectname)%00%(upstream:track)%00%(upstream:remotename)%00%(upstream:remoteref) refs/heads/stable refs/remotes/stable [1ms]
2025-06-06 19:36:31.096 [warning] [Git][revParse] Unable to read file: ENOENT: no such file or directory, open '/home/caroulder/AFLplusplus/.git/refs/remotes/origin/stable'
2025-06-06 19:36:31.096 [info] > git rev-parse refs/remotes/origin/stable [0ms]
2025-06-06 19:36:31.102 [info] > git status -z -uall [4ms]
2025-06-06 19:36:31.107 [info] > git for-each-ref --format=%(refname)%00%(upstream:short)%00%(objectname)%00%(upstream:track)%00%(upstream:remotename)%00%(upstream:remoteref) refs/heads/stable refs/remotes/stable [1ms]
2025-06-06 19:36:31.112 [info] > git config --local branch.stable.vscode-merge-base [2ms]
2025-06-06 19:36:31.115 [info] > git for-each-ref --format=%(refname)%00%(upstream:short)%00%(objectname)%00%(upstream:track)%00%(upstream:remotename)%00%(upstream:remoteref) refs/heads/origin/stable refs/remotes/origin/stable [1ms]
2025-06-06 19:36:31.613 [info] > git rev-parse --show-toplevel [1ms]
2025-06-06 19:36:31.616 [info] > git rev-parse --show-toplevel [0ms]
2025-06-06 19:36:31.619 [info] > git rev-parse --show-toplevel [1ms]
2025-06-06 19:36:31.622 [info] > git rev-parse --show-toplevel [1ms]
2025-06-06 19:36:31.625 [info] > git rev-parse --show-toplevel [1ms]
2025-06-06 19:36:31.628 [info] > git rev-parse --show-toplevel [1ms]
2025-06-06 19:36:31.631 [info] > git rev-parse --show-toplevel [1ms]
2025-06-06 19:36:31.634 [info] > git rev-parse --show-toplevel [1ms]
2025-06-06 19:36:31.636 [info] > git rev-parse --show-toplevel [0ms]
2025-06-06 19:36:36.115 [info] > git config --get commit.template [1ms]
2025-06-06 19:36:36.118 [info] > git for-each-ref --format=%(refname)%00%(upstream:short)%00%(objectname)%00%(upstream:track)%00%(upstream:remotename)%00%(upstream:remoteref) refs/heads/stable refs/remotes/stable [0ms]
2025-06-06 19:36:36.121 [warning] [Git][revParse] Unable to read file: ENOENT: no such file or directory, open '/home/caroulder/AFLplusplus/.git/refs/remotes/origin/stable'
2025-06-06 19:36:36.121 [info] > git rev-parse refs/remotes/origin/stable [0ms]
2025-06-06 19:36:36.127 [info] > git status -z -uall [4ms]
2025-06-06 19:36:36.132 [info] > git for-each-ref --format=%(refname)%00%(upstream:short)%00%(objectname)%00%(upstream:track)%00%(upstream:remotename)%00%(upstream:remoteref) refs/heads/stable refs/remotes/stable [2ms]
2025-06-06 19:36:36.135 [info] > git config --local branch.stable.vscode-merge-base [1ms]
2025-06-06 19:36:36.138 [info] > git for-each-ref --format=%(refname)%00%(upstream:short)%00%(objectname)%00%(upstream:track)%00%(upstream:remotename)%00%(upstream:remoteref) refs/heads/origin/stable refs/remotes/origin/stable [0ms]
2025-06-06 19:36:36.636 [info] > git rev-parse --show-toplevel [1ms]
2025-06-06 19:36:36.640 [info] > git rev-parse --show-toplevel [0ms]
2025-06-06 19:36:36.643 [info] > git rev-parse --show-toplevel [0ms]
2025-06-06 19:36:36.646 [info] > git rev-parse --show-toplevel [0ms]
2025-06-06 19:36:36.649 [info] > git rev-parse --show-toplevel [0ms]
2025-06-06 19:36:36.652 [info] > git rev-parse --show-toplevel [0ms]
2025-06-06 19:36:36.655 [info] > git rev-parse --show-toplevel [0ms]
2025-06-06 19:36:36.658 [info] > git rev-parse --show-toplevel [0ms]
2025-06-06 19:36:36.661 [info] > git rev-parse --show-toplevel [1ms]
2025-06-06 19:36:41.145 [info] > git config --get commit.template [3ms]
2025-06-06 19:36:41.146 [info] > git for-each-ref --format=%(refname)%00%(upstream:short)%00%(objectname)%00%(upstream:track)%00%(upstream:remotename)%00%(upstream:remoteref) refs/heads/stable refs/remotes/stable [1ms]
2025-06-06 19:36:41.148 [warning] [Git][revParse] Unable to read file: ENOENT: no such file or directory, open '/home/caroulder/AFLplusplus/.git/refs/remotes/origin/stable'
2025-06-06 19:36:41.149 [info] > git rev-parse refs/remotes/origin/stable [1ms]
2025-06-06 19:36:41.154 [info] > git status -z -uall [3ms]
2025-06-06 19:36:41.160 [info] > git for-each-ref --format=%(refname)%00%(upstream:short)%00%(objectname)%00%(upstream:track)%00%(upstream:remotename)%00%(upstream:remoteref) refs/heads/stable refs/remotes/stable [3ms]
2025-06-06 19:36:41.163 [info] > git config --local branch.stable.vscode-merge-base [1ms]
2025-06-06 19:36:41.167 [info] > git for-each-ref --format=%(refname)%00%(upstream:short)%00%(objectname)%00%(upstream:track)%00%(upstream:remotename)%00%(upstream:remoteref) refs/heads/origin/stable refs/remotes/origin/stable [1ms]
2025-06-06 19:36:41.666 [info] > git rev-parse --show-toplevel [1ms]
2025-06-06 19:36:41.669 [info] > git rev-parse --show-toplevel [0ms]
2025-06-06 19:36:41.673 [info] > git rev-parse --show-toplevel [1ms]
2025-06-06 19:36:41.676 [info] > git rev-parse --show-toplevel [1ms]
2025-06-06 19:36:41.679 [info] > git rev-parse --show-toplevel [0ms]
2025-06-06 19:36:41.682 [info] > git rev-parse --show-toplevel [0ms]
2025-06-06 19:36:41.685 [info] > git rev-parse --show-toplevel [1ms]
2025-06-06 19:36:41.687 [info] > git rev-parse --show-toplevel [0ms]
2025-06-06 19:36:41.690 [info] > git rev-parse --show-toplevel [0ms]
2025-06-06 19:36:46.175 [info] > git config --get commit.template [4ms]
2025-06-06 19:36:46.175 [info] > git for-each-ref --format=%(refname)%00%(upstream:short)%00%(objectname)%00%(upstream:track)%00%(upstream:remotename)%00%(upstream:remoteref) refs/heads/stable refs/remotes/stable [0ms]
2025-06-06 19:36:46.178 [warning] [Git][revParse] Unable to read file: ENOENT: no such file or directory, open '/home/caroulder/AFLplusplus/.git/refs/remotes/origin/stable'
2025-06-06 19:36:46.178 [info] > git rev-parse refs/remotes/origin/stable [0ms]
2025-06-06 19:36:46.185 [info] > git status -z -uall [5ms]
2025-06-06 19:36:46.191 [info] > git for-each-ref --format=%(refname)%00%(upstream:short)%00%(objectname)%00%(upstream:track)%00%(upstream:remotename)%00%(upstream:remoteref) refs/heads/stable refs/remotes/stable [3ms]
2025-06-06 19:36:46.195 [info] > git config --local branch.stable.vscode-merge-base [1ms]
2025-06-06 19:36:46.198 [info] > git for-each-ref --format=%(refname)%00%(upstream:short)%00%(objectname)%00%(upstream:track)%00%(upstream:remotename)%00%(upstream:remoteref) refs/heads/origin/stable refs/remotes/origin/stable [1ms]
2025-06-06 19:36:46.699 [info] > git rev-parse --show-toplevel [1ms]
2025-06-06 19:36:46.703 [info] > git rev-parse --show-toplevel [0ms]
2025-06-06 19:36:46.706 [info] > git rev-parse --show-toplevel [1ms]
2025-06-06 19:36:46.708 [info] > git rev-parse --show-toplevel [0ms]
2025-06-06 19:36:46.711 [info] > git rev-parse --show-toplevel [1ms]
2025-06-06 19:36:46.713 [info] > git rev-parse --show-toplevel [0ms]
2025-06-06 19:36:46.716 [info] > git rev-parse --show-toplevel [1ms]
2025-06-06 19:36:46.719 [info] > git rev-parse --show-toplevel [1ms]
2025-06-06 19:36:46.721 [info] > git rev-parse --show-toplevel [0ms]
2025-06-06 19:36:51.200 [info] > git config --get commit.template [4ms]
2025-06-06 19:36:51.201 [info] > git for-each-ref --format=%(refname)%00%(upstream:short)%00%(objectname)%00%(upstream:track)%00%(upstream:remotename)%00%(upstream:remoteref) refs/heads/stable refs/remotes/stable [1ms]
2025-06-06 19:36:51.203 [warning] [Git][revParse] Unable to read file: ENOENT: no such file or directory, open '/home/caroulder/AFLplusplus/.git/refs/remotes/origin/stable'
2025-06-06 19:36:51.203 [info] > git rev-parse refs/remotes/origin/stable [0ms]
2025-06-06 19:36:51.210 [info] > git status -z -uall [4ms]
2025-06-06 19:36:51.215 [info] > git for-each-ref --format=%(refname)%00%(upstream:short)%00%(objectname)%00%(upstream:track)%00%(upstream:remotename)%00%(upstream:remoteref) refs/heads/stable refs/remotes/stable [2ms]
2025-06-06 19:36:51.222 [info] > git config --local branch.stable.vscode-merge-base [1ms]
2025-06-06 19:36:51.229 [info] > git for-each-ref --format=%(refname)%00%(upstream:short)%00%(objectname)%00%(upstream:track)%00%(upstream:remotename)%00%(upstream:remoteref) refs/heads/origin/stable refs/remotes/origin/stable [2ms]
2025-06-06 19:36:51.722 [info] > git rev-parse --show-toplevel [1ms]
2025-06-06 19:36:51.726 [info] > git rev-parse --show-toplevel [0ms]
2025-06-06 19:36:51.730 [info] > git rev-parse --show-toplevel [1ms]
2025-06-06 19:36:51.733 [info] > git rev-parse --show-toplevel [1ms]
2025-06-06 19:36:51.736 [info] > git rev-parse --show-toplevel [0ms]
2025-06-06 19:36:51.739 [info] > git rev-parse --show-toplevel [0ms]
2025-06-06 19:36:51.741 [info] > git rev-parse --show-toplevel [0ms]
2025-06-06 19:36:51.744 [info] > git rev-parse --show-toplevel [1ms]
2025-06-06 19:36:51.746 [info] > git rev-parse --show-toplevel [0ms]
2025-06-06 19:36:56.224 [info] > git config --get commit.template [4ms]
2025-06-06 19:36:56.225 [info] > git for-each-ref --format=%(refname)%00%(upstream:short)%00%(objectname)%00%(upstream:track)%00%(upstream:remotename)%00%(upstream:remoteref) refs/heads/stable refs/remotes/stable [1ms]
2025-06-06 19:36:56.227 [warning] [Git][revParse] Unable to read file: ENOENT: no such file or directory, open '/home/caroulder/AFLplusplus/.git/refs/remotes/origin/stable'
2025-06-06 19:36:56.228 [info] > git rev-parse refs/remotes/origin/stable [1ms]
2025-06-06 19:36:56.233 [info] > git status -z -uall [3ms]
2025-06-06 19:36:56.240 [info] > git for-each-ref --format=%(refname)%00%(upstream:short)%00%(objectname)%00%(upstream:track)%00%(upstream:remotename)%00%(upstream:remoteref) refs/heads/stable refs/remotes/stable [3ms]
2025-06-06 19:36:56.246 [info] > git config --local branch.stable.vscode-merge-base [1ms]
2025-06-06 19:36:56.250 [info] > git for-each-ref --format=%(refname)%00%(upstream:short)%00%(objectname)%00%(upstream:track)%00%(upstream:remotename)%00%(upstream:remoteref) refs/heads/origin/stable refs/remotes/origin/stable [0ms]
2025-06-06 19:36:56.290 [info] > git check-ignore -v -z --stdin [1ms]
2025-06-06 19:36:56.742 [info] > git rev-parse --show-toplevel [1ms]
2025-06-06 19:36:56.745 [info] > git rev-parse --show-toplevel [0ms]
2025-06-06 19:36:56.748 [info] > git rev-parse --show-toplevel [0ms]
2025-06-06 19:36:56.751 [info] > git rev-parse --show-toplevel [0ms]
2025-06-06 19:36:56.754 [info] > git rev-parse --show-toplevel [1ms]
2025-06-06 19:36:56.757 [info] > git rev-parse --show-toplevel [1ms]
2025-06-06 19:36:56.759 [info] > git rev-parse --show-toplevel [0ms]
2025-06-06 19:36:56.762 [info] > git rev-parse --show-toplevel [0ms]
2025-06-06 19:36:56.766 [info] > git rev-parse --show-toplevel [0ms]
2025-06-06 19:37:01.248 [info] > git config --get commit.template [1ms]
2025-06-06 19:37:01.252 [info] > git for-each-ref --format=%(refname)%00%(upstream:short)%00%(objectname)%00%(upstream:track)%00%(upstream:remotename)%00%(upstream:remoteref) refs/heads/stable refs/remotes/stable [1ms]
2025-06-06 19:37:01.254 [warning] [Git][revParse] Unable to read file: ENOENT: no such file or directory, open '/home/caroulder/AFLplusplus/.git/refs/remotes/origin/stable'
2025-06-06 19:37:01.254 [info] > git rev-parse refs/remotes/origin/stable [0ms]
2025-06-06 19:37:01.260 [info] > git status -z -uall [4ms]
2025-06-06 19:37:01.265 [info] > git for-each-ref --format=%(refname)%00%(upstream:short)%00%(objectname)%00%(upstream:track)%00%(upstream:remotename)%00%(upstream:remoteref) refs/heads/stable refs/remotes/stable [2ms]
2025-06-06 19:37:01.270 [info] > git config --local branch.stable.vscode-merge-base [1ms]
2025-06-06 19:37:01.273 [info] > git for-each-ref --format=%(refname)%00%(upstream:short)%00%(objectname)%00%(upstream:track)%00%(upstream:remotename)%00%(upstream:remoteref) refs/heads/origin/stable refs/remotes/origin/stable [0ms]
2025-06-06 19:37:01.774 [info] > git rev-parse --show-toplevel [1ms]
2025-06-06 19:37:01.779 [info] > git rev-parse --show-toplevel [1ms]
2025-06-06 19:37:01.783 [info] > git rev-parse --show-toplevel [1ms]
2025-06-06 19:37:01.786 [info] > git rev-parse --show-toplevel [1ms]
2025-06-06 19:37:01.789 [info] > git rev-parse --show-toplevel [1ms]
2025-06-06 19:37:01.792 [info] > git rev-parse --show-toplevel [1ms]
2025-06-06 19:37:01.794 [info] > git rev-parse --show-toplevel [0ms]
2025-06-06 19:37:01.797 [info] > git rev-parse --show-toplevel [0ms]
2025-06-06 19:37:01.800 [info] > git rev-parse --show-toplevel [1ms]
2025-06-06 19:37:03.048 [info] > git ls-files --stage -- /home/caroulder/AFLplusplus/docs/fuzzing_in_depth.md [1ms]
2025-06-06 19:37:03.052 [info] > git cat-file -s fea9ca0b86f5c229007d51905ad8deeabc3a720a [1ms]
2025-06-06 19:37:03.054 [info] > git show --textconv :docs/fuzzing_in_depth.md [11ms]
2025-06-06 19:37:06.281 [info] > git config --get commit.template [4ms]
2025-06-06 19:37:06.282 [info] > git for-each-ref --format=%(refname)%00%(upstream:short)%00%(objectname)%00%(upstream:track)%00%(upstream:remotename)%00%(upstream:remoteref) refs/heads/stable refs/remotes/stable [1ms]
2025-06-06 19:37:06.285 [warning] [Git][revParse] Unable to read file: ENOENT: no such file or directory, open '/home/caroulder/AFLplusplus/.git/refs/remotes/origin/stable'
2025-06-06 19:37:06.285 [info] > git rev-parse refs/remotes/origin/stable [0ms]
2025-06-06 19:37:06.292 [info] > git status -z -uall [4ms]
2025-06-06 19:37:06.297 [info] > git for-each-ref --format=%(refname)%00%(upstream:short)%00%(objectname)%00%(upstream:track)%00%(upstream:remotename)%00%(upstream:remoteref) refs/heads/stable refs/remotes/stable [2ms]
2025-06-06 19:37:06.301 [info] > git config --local branch.stable.vscode-merge-base [1ms]
2025-06-06 19:37:06.304 [info] > git for-each-ref --format=%(refname)%00%(upstream:short)%00%(objectname)%00%(upstream:track)%00%(upstream:remotename)%00%(upstream:remoteref) refs/heads/origin/stable refs/remotes/origin/stable [1ms]
2025-06-06 19:37:06.804 [info] > git rev-parse --show-toplevel [1ms]
2025-06-06 19:37:06.808 [info] > git rev-parse --show-toplevel [1ms]
2025-06-06 19:37:06.811 [info] > git rev-parse --show-toplevel [1ms]
2025-06-06 19:37:06.814 [info] > git rev-parse --show-toplevel [1ms]
2025-06-06 19:37:06.817 [info] > git rev-parse --show-toplevel [1ms]
2025-06-06 19:37:06.819 [info] > git rev-parse --show-toplevel [0ms]
2025-06-06 19:37:06.822 [info] > git rev-parse --show-toplevel [0ms]
2025-06-06 19:37:06.825 [info] > git rev-parse --show-toplevel [1ms]
2025-06-06 19:37:06.827 [info] > git rev-parse --show-toplevel [0ms]
2025-06-06 19:37:11.310 [info] > git config --get commit.template [3ms]
2025-06-06 19:37:11.311 [info] > git for-each-ref --format=%(refname)%00%(upstream:short)%00%(objectname)%00%(upstream:track)%00%(upstream:remotename)%00%(upstream:remoteref) refs/heads/stable refs/remotes/stable [1ms]
2025-06-06 19:37:11.314 [warning] [Git][revParse] Unable to read file: ENOENT: no such file or directory, open '/home/caroulder/AFLplusplus/.git/refs/remotes/origin/stable'
2025-06-06 19:37:11.314 [info] > git rev-parse refs/remotes/origin/stable [0ms]
2025-06-06 19:37:11.320 [info] > git status -z -uall [4ms]
2025-06-06 19:37:11.326 [info] > git for-each-ref --format=%(refname)%00%(upstream:short)%00%(objectname)%00%(upstream:track)%00%(upstream:remotename)%00%(upstream:remoteref) refs/heads/stable refs/remotes/stable [2ms]
2025-06-06 19:37:11.331 [info] > git config --local branch.stable.vscode-merge-base [1ms]
2025-06-06 19:37:11.334 [info] > git for-each-ref --format=%(refname)%00%(upstream:short)%00%(objectname)%00%(upstream:track)%00%(upstream:remotename)%00%(upstream:remoteref) refs/heads/origin/stable refs/remotes/origin/stable [1ms]
2025-06-06 19:37:11.830 [info] > git rev-parse --show-toplevel [0ms]
2025-06-06 19:37:11.834 [info] > git rev-parse --show-toplevel [1ms]
2025-06-06 19:37:11.838 [info] > git rev-parse --show-toplevel [0ms]
2025-06-06 19:37:11.842 [info] > git rev-parse --show-toplevel [0ms]
2025-06-06 19:37:11.844 [info] > git rev-parse --show-toplevel [0ms]
2025-06-06 19:37:11.847 [info] > git rev-parse --show-toplevel [0ms]
2025-06-06 19:37:11.850 [info] > git rev-parse --show-toplevel [1ms]
2025-06-06 19:37:11.853 [info] > git rev-parse --show-toplevel [1ms]
2025-06-06 19:37:11.856 [info] > git rev-parse --show-toplevel [0ms]
2025-06-06 19:37:16.336 [info] > git config --get commit.template [1ms]
2025-06-06 19:37:16.340 [info] > git for-each-ref --format=%(refname)%00%(upstream:short)%00%(objectname)%00%(upstream:track)%00%(upstream:remotename)%00%(upstream:remoteref) refs/heads/stable refs/remotes/stable [1ms]
2025-06-06 19:37:16.342 [warning] [Git][revParse] Unable to read file: ENOENT: no such file or directory, open '/home/caroulder/AFLplusplus/.git/refs/remotes/origin/stable'
2025-06-06 19:37:16.343 [info] > git rev-parse refs/remotes/origin/stable [1ms]
2025-06-06 19:37:16.349 [info] > git status -z -uall [4ms]
2025-06-06 19:37:16.355 [info] > git for-each-ref --format=%(refname)%00%(upstream:short)%00%(objectname)%00%(upstream:track)%00%(upstream:remotename)%00%(upstream:remoteref) refs/heads/stable refs/remotes/stable [3ms]
2025-06-06 19:37:16.358 [info] > git config --local branch.stable.vscode-merge-base [1ms]
2025-06-06 19:37:16.361 [info] > git for-each-ref --format=%(refname)%00%(upstream:short)%00%(objectname)%00%(upstream:track)%00%(upstream:remotename)%00%(upstream:remoteref) refs/heads/origin/stable refs/remotes/origin/stable [1ms]
2025-06-06 19:37:16.860 [info] > git rev-parse --show-toplevel [1ms]
2025-06-06 19:37:16.864 [info] > git rev-parse --show-toplevel [1ms]
2025-06-06 19:37:16.867 [info] > git rev-parse --show-toplevel [0ms]
2025-06-06 19:37:16.870 [info] > git rev-parse --show-toplevel [1ms]
2025-06-06 19:37:16.872 [info] > git rev-parse --show-toplevel [0ms]
2025-06-06 19:37:16.875 [info] > git rev-parse --show-toplevel [1ms]
2025-06-06 19:37:16.878 [info] > git rev-parse --show-toplevel [1ms]
2025-06-06 19:37:16.881 [info] > git rev-parse --show-toplevel [0ms]
2025-06-06 19:37:16.884 [info] > git rev-parse --show-toplevel [1ms]
2025-06-06 19:37:21.366 [info] > git config --get commit.template [1ms]
2025-06-06 19:37:21.369 [info] > git for-each-ref --format=%(refname)%00%(upstream:short)%00%(objectname)%00%(upstream:track)%00%(upstream:remotename)%00%(upstream:remoteref) refs/heads/stable refs/remotes/stable [0ms]
2025-06-06 19:37:21.372 [warning] [Git][revParse] Unable to read file: ENOENT: no such file or directory, open '/home/caroulder/AFLplusplus/.git/refs/remotes/origin/stable'
2025-06-06 19:37:21.372 [info] > git rev-parse refs/remotes/origin/stable [0ms]
2025-06-06 19:37:21.378 [info] > git status -z -uall [4ms]
2025-06-06 19:37:21.382 [info] > git for-each-ref --format=%(refname)%00%(upstream:short)%00%(objectname)%00%(upstream:track)%00%(upstream:remotename)%00%(upstream:remoteref) refs/heads/stable refs/remotes/stable [2ms]
2025-06-06 19:37:21.385 [info] > git config --local branch.stable.vscode-merge-base [0ms]
2025-06-06 19:37:21.389 [info] > git for-each-ref --format=%(refname)%00%(upstream:short)%00%(objectname)%00%(upstream:track)%00%(upstream:remotename)%00%(upstream:remoteref) refs/heads/origin/stable refs/remotes/origin/stable [1ms]
2025-06-06 19:37:21.892 [info] > git rev-parse --show-toplevel [1ms]
2025-06-06 19:37:21.896 [info] > git rev-parse --show-toplevel [1ms]
2025-06-06 19:37:21.899 [info] > git rev-parse --show-toplevel [1ms]
2025-06-06 19:37:21.902 [info] > git rev-parse --show-toplevel [1ms]
2025-06-06 19:37:21.904 [info] > git rev-parse --show-toplevel [0ms]
2025-06-06 19:37:21.907 [info] > git rev-parse --show-toplevel [0ms]
2025-06-06 19:37:21.909 [info] > git rev-parse --show-toplevel [0ms]
2025-06-06 19:37:21.912 [info] > git rev-parse --show-toplevel [0ms]
2025-06-06 19:37:21.915 [info] > git rev-parse --show-toplevel [1ms]
2025-06-06 19:37:26.396 [info] > git for-each-ref --format=%(refname)%00%(upstream:short)%00%(objectname)%00%(upstream:track)%00%(upstream:remotename)%00%(upstream:remoteref) refs/heads/stable refs/remotes/stable [0ms]
2025-06-06 19:37:26.396 [info] > git config --get commit.template [3ms]
2025-06-06 19:37:26.399 [warning] [Git][revParse] Unable to read file: ENOENT: no such file or directory, open '/home/caroulder/AFLplusplus/.git/refs/remotes/origin/stable'
2025-06-06 19:37:26.399 [info] > git rev-parse refs/remotes/origin/stable [0ms]
2025-06-06 19:37:26.405 [info] > git status -z -uall [3ms]
2025-06-06 19:37:26.410 [info] > git for-each-ref --format=%(refname)%00%(upstream:short)%00%(objectname)%00%(upstream:track)%00%(upstream:remotename)%00%(upstream:remoteref) refs/heads/stable refs/remotes/stable [2ms]
2025-06-06 19:37:26.413 [info] > git config --local branch.stable.vscode-merge-base [1ms]
2025-06-06 19:37:26.416 [info] > git for-each-ref --format=%(refname)%00%(upstream:short)%00%(objectname)%00%(upstream:track)%00%(upstream:remotename)%00%(upstream:remoteref) refs/heads/origin/stable refs/remotes/origin/stable [1ms]
2025-06-06 19:37:26.919 [info] > git rev-parse --show-toplevel [1ms]
2025-06-06 19:37:26.922 [info] > git rev-parse --show-toplevel [0ms]
2025-06-06 19:37:26.925 [info] > git rev-parse --show-toplevel [0ms]
2025-06-06 19:37:26.928 [info] > git rev-parse --show-toplevel [0ms]
2025-06-06 19:37:26.931 [info] > git rev-parse --show-toplevel [0ms]
2025-06-06 19:37:26.934 [info] > git rev-parse --show-toplevel [1ms]
2025-06-06 19:37:26.936 [info] > git rev-parse --show-toplevel [0ms]
2025-06-06 19:37:26.939 [info] > git rev-parse --show-toplevel [0ms]
2025-06-06 19:37:26.942 [info] > git rev-parse --show-toplevel [1ms]
2025-06-06 19:37:31.420 [info] > git config --get commit.template [1ms]
2025-06-06 19:37:31.424 [info] > git for-each-ref --format=%(refname)%00%(upstream:short)%00%(objectname)%00%(upstream:track)%00%(upstream:remotename)%00%(upstream:remoteref) refs/heads/stable refs/remotes/stable [1ms]
2025-06-06 19:37:31.426 [warning] [Git][revParse] Unable to read file: ENOENT: no such file or directory, open '/home/caroulder/AFLplusplus/.git/refs/remotes/origin/stable'
2025-06-06 19:37:31.427 [info] > git rev-parse refs/remotes/origin/stable [1ms]
2025-06-06 19:37:31.433 [info] > git status -z -uall [4ms]
2025-06-06 19:37:31.437 [info] > git for-each-ref --format=%(refname)%00%(upstream:short)%00%(objectname)%00%(upstream:track)%00%(upstream:remotename)%00%(upstream:remoteref) refs/heads/stable refs/remotes/stable [1ms]
2025-06-06 19:37:31.441 [info] > git config --local branch.stable.vscode-merge-base [2ms]
2025-06-06 19:37:31.444 [info] > git for-each-ref --format=%(refname)%00%(upstream:short)%00%(objectname)%00%(upstream:track)%00%(upstream:remotename)%00%(upstream:remoteref) refs/heads/origin/stable refs/remotes/origin/stable [1ms]
2025-06-06 19:37:31.945 [info] > git rev-parse --show-toplevel [1ms]
2025-06-06 19:37:31.950 [info] > git rev-parse --show-toplevel [1ms]
2025-06-06 19:37:31.952 [info] > git rev-parse --show-toplevel [0ms]
2025-06-06 19:37:31.954 [info] > git rev-parse --show-toplevel [0ms]
2025-06-06 19:37:31.957 [info] > git rev-parse --show-toplevel [1ms]
2025-06-06 19:37:31.960 [info] > git rev-parse --show-toplevel [1ms]
2025-06-06 19:37:31.962 [info] > git rev-parse --show-toplevel [0ms]
2025-06-06 19:37:31.965 [info] > git rev-parse --show-toplevel [0ms]
2025-06-06 19:37:31.967 [info] > git rev-parse --show-toplevel [1ms]
2025-06-06 19:37:36.452 [info] > git config --get commit.template [3ms]
2025-06-06 19:37:36.452 [info] > git for-each-ref --format=%(refname)%00%(upstream:short)%00%(objectname)%00%(upstream:track)%00%(upstream:remotename)%00%(upstream:remoteref) refs/heads/stable refs/remotes/stable [0ms]
2025-06-06 19:37:36.455 [warning] [Git][revParse] Unable to read file: ENOENT: no such file or directory, open '/home/caroulder/AFLplusplus/.git/refs/remotes/origin/stable'
2025-06-06 19:37:36.455 [info] > git rev-parse refs/remotes/origin/stable [0ms]
2025-06-06 19:37:36.461 [info] > git status -z -uall [4ms]
2025-06-06 19:37:36.466 [info] > git for-each-ref --format=%(refname)%00%(upstream:short)%00%(objectname)%00%(upstream:track)%00%(upstream:remotename)%00%(upstream:remoteref) refs/heads/stable refs/remotes/stable [2ms]
2025-06-06 19:37:36.470 [info] > git config --local branch.stable.vscode-merge-base [2ms]
2025-06-06 19:37:36.473 [info] > git for-each-ref --format=%(refname)%00%(upstream:short)%00%(objectname)%00%(upstream:track)%00%(upstream:remotename)%00%(upstream:remoteref) refs/heads/origin/stable refs/remotes/origin/stable [1ms]
2025-06-06 19:37:36.975 [info] > git rev-parse --show-toplevel [1ms]
2025-06-06 19:37:36.980 [info] > git rev-parse --show-toplevel [1ms]
2025-06-06 19:37:36.984 [info] > git rev-parse --show-toplevel [1ms]
2025-06-06 19:37:36.986 [info] > git rev-parse --show-toplevel [0ms]
2025-06-06 19:37:36.989 [info] > git rev-parse --show-toplevel [1ms]
2025-06-06 19:37:36.991 [info] > git rev-parse --show-toplevel [0ms]
2025-06-06 19:37:36.994 [info] > git rev-parse --show-toplevel [1ms]
2025-06-06 19:37:36.996 [info] > git rev-parse --show-toplevel [0ms]
2025-06-06 19:37:36.999 [info] > git rev-parse --show-toplevel [1ms]
2025-06-06 19:37:41.480 [info] > git config --get commit.template [4ms]
2025-06-06 19:37:41.480 [info] > git for-each-ref --format=%(refname)%00%(upstream:short)%00%(objectname)%00%(upstream:track)%00%(upstream:remotename)%00%(upstream:remoteref) refs/heads/stable refs/remotes/stable [0ms]
2025-06-06 19:37:41.483 [warning] [Git][revParse] Unable to read file: ENOENT: no such file or directory, open '/home/caroulder/AFLplusplus/.git/refs/remotes/origin/stable'
2025-06-06 19:37:41.484 [info] > git rev-parse refs/remotes/origin/stable [1ms]
2025-06-06 19:37:41.490 [info] > git status -z -uall [5ms]
2025-06-06 19:37:41.495 [info] > git for-each-ref --format=%(refname)%00%(upstream:short)%00%(objectname)%00%(upstream:track)%00%(upstream:remotename)%00%(upstream:remoteref) refs/heads/stable refs/remotes/stable [2ms]
2025-06-06 19:37:41.498 [info] > git config --local branch.stable.vscode-merge-base [1ms]
2025-06-06 19:37:41.501 [info] > git for-each-ref --format=%(refname)%00%(upstream:short)%00%(objectname)%00%(upstream:track)%00%(upstream:remotename)%00%(upstream:remoteref) refs/heads/origin/stable refs/remotes/origin/stable [1ms]
2025-06-06 19:37:42.001 [info] > git rev-parse --show-toplevel [1ms]
2025-06-06 19:37:42.010 [info] > git rev-parse --show-toplevel [1ms]
2025-06-06 19:37:42.013 [info] > git rev-parse --show-toplevel [1ms]
2025-06-06 19:37:42.015 [info] > git rev-parse --show-toplevel [0ms]
2025-06-06 19:37:42.018 [info] > git rev-parse --show-toplevel [0ms]
2025-06-06 19:37:42.021 [info] > git rev-parse --show-toplevel [1ms]
2025-06-06 19:37:42.023 [info] > git rev-parse --show-toplevel [0ms]
2025-06-06 19:37:42.026 [info] > git rev-parse --show-toplevel [0ms]
2025-06-06 19:37:42.029 [info] > git rev-parse --show-toplevel [1ms]
2025-06-06 19:37:46.507 [info] > git config --get commit.template [1ms]
2025-06-06 19:37:46.511 [info] > git for-each-ref --format=%(refname)%00%(upstream:short)%00%(objectname)%00%(upstream:track)%00%(upstream:remotename)%00%(upstream:remoteref) refs/heads/stable refs/remotes/stable [1ms]
2025-06-06 19:37:46.513 [warning] [Git][revParse] Unable to read file: ENOENT: no such file or directory, open '/home/caroulder/AFLplusplus/.git/refs/remotes/origin/stable'
2025-06-06 19:37:46.514 [info] > git rev-parse refs/remotes/origin/stable [1ms]
2025-06-06 19:37:46.519 [info] > git status -z -uall [4ms]
2025-06-06 19:37:46.550 [info] > git for-each-ref --format=%(refname)%00%(upstream:short)%00%(objectname)%00%(upstream:track)%00%(upstream:remotename)%00%(upstream:remoteref) refs/heads/stable refs/remotes/stable [28ms]
2025-06-06 19:37:46.554 [info] > git config --local branch.stable.vscode-merge-base [1ms]
2025-06-06 19:37:46.557 [info] > git for-each-ref --format=%(refname)%00%(upstream:short)%00%(objectname)%00%(upstream:track)%00%(upstream:remotename)%00%(upstream:remoteref) refs/heads/origin/stable refs/remotes/origin/stable [1ms]
2025-06-06 19:37:47.032 [info] > git rev-parse --show-toplevel [1ms]
2025-06-06 19:37:47.035 [info] > git rev-parse --show-toplevel [0ms]
2025-06-06 19:37:47.038 [info] > git rev-parse --show-toplevel [0ms]
2025-06-06 19:37:47.041 [info] > git rev-parse --show-toplevel [1ms]
2025-06-06 19:37:47.043 [info] > git rev-parse --show-toplevel [0ms]
2025-06-06 19:37:47.046 [info] > git rev-parse --show-toplevel [1ms]
2025-06-06 19:37:47.048 [info] > git rev-parse --show-toplevel [0ms]
2025-06-06 19:37:47.051 [info] > git rev-parse --show-toplevel [0ms]
2025-06-06 19:37:47.054 [info] > git rev-parse --show-toplevel [1ms]
2025-06-06 19:37:51.560 [info] > git config --get commit.template [1ms]
2025-06-06 19:37:51.564 [info] > git for-each-ref --format=%(refname)%00%(upstream:short)%00%(objectname)%00%(upstream:track)%00%(upstream:remotename)%00%(upstream:remoteref) refs/heads/stable refs/remotes/stable [1ms]
2025-06-06 19:37:51.566 [warning] [Git][revParse] Unable to read file: ENOENT: no such file or directory, open '/home/caroulder/AFLplusplus/.git/refs/remotes/origin/stable'
2025-06-06 19:37:51.566 [info] > git rev-parse refs/remotes/origin/stable [0ms]
2025-06-06 19:37:51.572 [info] > git status -z -uall [4ms]
2025-06-06 19:37:51.578 [info] > git for-each-ref --format=%(refname)%00%(upstream:short)%00%(objectname)%00%(upstream:track)%00%(upstream:remotename)%00%(upstream:remoteref) refs/heads/stable refs/remotes/stable [3ms]
2025-06-06 19:37:51.582 [info] > git config --local branch.stable.vscode-merge-base [0ms]
2025-06-06 19:37:51.585 [info] > git for-each-ref --format=%(refname)%00%(upstream:short)%00%(objectname)%00%(upstream:track)%00%(upstream:remotename)%00%(upstream:remoteref) refs/heads/origin/stable refs/remotes/origin/stable [1ms]
2025-06-06 19:37:52.102 [info] > git rev-parse --show-toplevel [17ms]
2025-06-06 19:37:52.105 [info] > git rev-parse --show-toplevel [1ms]
2025-06-06 19:37:52.108 [info] > git rev-parse --show-toplevel [1ms]
2025-06-06 19:37:52.113 [info] > git rev-parse --show-toplevel [3ms]
2025-06-06 19:37:52.116 [info] > git rev-parse --show-toplevel [1ms]
2025-06-06 19:37:52.119 [info] > git rev-parse --show-toplevel [1ms]
2025-06-06 19:37:52.122 [info] > git rev-parse --show-toplevel [1ms]
2025-06-06 19:37:52.124 [info] > git rev-parse --show-toplevel [0ms]
2025-06-06 19:37:52.127 [info] > git rev-parse --show-toplevel [1ms]
2025-06-06 19:37:56.589 [info] > git config --get commit.template [1ms]
2025-06-06 19:37:56.593 [info] > git for-each-ref --format=%(refname)%00%(upstream:short)%00%(objectname)%00%(upstream:track)%00%(upstream:remotename)%00%(upstream:remoteref) refs/heads/stable refs/remotes/stable [0ms]
2025-06-06 19:37:56.595 [warning] [Git][revParse] Unable to read file: ENOENT: no such file or directory, open '/home/caroulder/AFLplusplus/.git/refs/remotes/origin/stable'
2025-06-06 19:37:56.595 [info] > git rev-parse refs/remotes/origin/stable [0ms]
2025-06-06 19:37:56.601 [info] > git status -z -uall [3ms]
2025-06-06 19:37:56.620 [info] > git for-each-ref --format=%(refname)%00%(upstream:short)%00%(objectname)%00%(upstream:track)%00%(upstream:remotename)%00%(upstream:remoteref) refs/heads/stable refs/remotes/stable [16ms]
2025-06-06 19:37:56.625 [info] > git config --local branch.stable.vscode-merge-base [2ms]
2025-06-06 19:37:56.628 [info] > git for-each-ref --format=%(refname)%00%(upstream:short)%00%(objectname)%00%(upstream:track)%00%(upstream:remotename)%00%(upstream:remoteref) refs/heads/origin/stable refs/remotes/origin/stable [1ms]
2025-06-06 19:37:57.112 [info] > git rev-parse --show-toplevel [0ms]
2025-06-06 19:37:57.116 [info] > git rev-parse --show-toplevel [0ms]
2025-06-06 19:37:57.119 [info] > git rev-parse --show-toplevel [0ms]
2025-06-06 19:37:57.122 [info] > git rev-parse --show-toplevel [1ms]
2025-06-06 19:37:57.125 [info] > git rev-parse --show-toplevel [1ms]
2025-06-06 19:37:57.128 [info] > git rev-parse --show-toplevel [1ms]
2025-06-06 19:37:57.131 [info] > git rev-parse --show-toplevel [1ms]
2025-06-06 19:37:57.134 [info] > git rev-parse --show-toplevel [1ms]
2025-06-06 19:37:57.137 [info] > git rev-parse --show-toplevel [0ms]
2025-06-06 19:38:01.627 [info] > git config --get commit.template [1ms]
2025-06-06 19:38:01.630 [info] > git for-each-ref --format=%(refname)%00%(upstream:short)%00%(objectname)%00%(upstream:track)%00%(upstream:remotename)%00%(upstream:remoteref) refs/heads/stable refs/remotes/stable [1ms]
2025-06-06 19:38:01.633 [warning] [Git][revParse] Unable to read file: ENOENT: no such file or directory, open '/home/caroulder/AFLplusplus/.git/refs/remotes/origin/stable'
2025-06-06 19:38:01.633 [info] > git rev-parse refs/remotes/origin/stable [0ms]
2025-06-06 19:38:01.640 [info] > git status -z -uall [5ms]
2025-06-06 19:38:01.645 [info] > git for-each-ref --format=%(refname)%00%(upstream:short)%00%(objectname)%00%(upstream:track)%00%(upstream:remotename)%00%(upstream:remoteref) refs/heads/stable refs/remotes/stable [2ms]
2025-06-06 19:38:01.648 [info] > git config --local branch.stable.vscode-merge-base [1ms]
2025-06-06 19:38:01.651 [info] > git for-each-ref --format=%(refname)%00%(upstream:short)%00%(objectname)%00%(upstream:track)%00%(upstream:remotename)%00%(upstream:remoteref) refs/heads/origin/stable refs/remotes/origin/stable [1ms]
2025-06-06 19:38:02.149 [info] > git rev-parse --show-toplevel [0ms]
2025-06-06 19:38:02.152 [info] > git rev-parse --show-toplevel [1ms]
2025-06-06 19:38:02.154 [info] > git rev-parse --show-toplevel [0ms]
2025-06-06 19:38:02.157 [info] > git rev-parse --show-toplevel [0ms]
2025-06-06 19:38:02.160 [info] > git rev-parse --show-toplevel [1ms]
2025-06-06 19:38:02.163 [info] > git rev-parse --show-toplevel [0ms]
2025-06-06 19:38:02.167 [info] > git rev-parse --show-toplevel [1ms]
2025-06-06 19:38:02.170 [info] > git rev-parse --show-toplevel [1ms]
2025-06-06 19:38:02.172 [info] > git rev-parse --show-toplevel [0ms]
2025-06-06 19:38:06.650 [info] > git config --get commit.template [0ms]
2025-06-06 19:38:06.653 [info] > git for-each-ref --format=%(refname)%00%(upstream:short)%00%(objectname)%00%(upstream:track)%00%(upstream:remotename)%00%(upstream:remoteref) refs/heads/stable refs/remotes/stable [0ms]
2025-06-06 19:38:06.655 [warning] [Git][revParse] Unable to read file: ENOENT: no such file or directory, open '/home/caroulder/AFLplusplus/.git/refs/remotes/origin/stable'
2025-06-06 19:38:06.656 [info] > git rev-parse refs/remotes/origin/stable [1ms]
2025-06-06 19:38:06.661 [info] > git status -z -uall [3ms]
2025-06-06 19:38:06.666 [info] > git for-each-ref --format=%(refname)%00%(upstream:short)%00%(objectname)%00%(upstream:track)%00%(upstream:remotename)%00%(upstream:remoteref) refs/heads/stable refs/remotes/stable [2ms]
2025-06-06 19:38:06.670 [info] > git config --local branch.stable.vscode-merge-base [0ms]
2025-06-06 19:38:06.673 [info] > git for-each-ref --format=%(refname)%00%(upstream:short)%00%(objectname)%00%(upstream:track)%00%(upstream:remotename)%00%(upstream:remoteref) refs/heads/origin/stable refs/remotes/origin/stable [1ms]
2025-06-06 19:38:07.173 [info] > git rev-parse --show-toplevel [1ms]
2025-06-06 19:38:07.177 [info] > git rev-parse --show-toplevel [1ms]
2025-06-06 19:38:07.179 [info] > git rev-parse --show-toplevel [0ms]
2025-06-06 19:38:07.182 [info] > git rev-parse --show-toplevel [1ms]
2025-06-06 19:38:07.184 [info] > git rev-parse --show-toplevel [0ms]
2025-06-06 19:38:07.187 [info] > git rev-parse --show-toplevel [0ms]
2025-06-06 19:38:07.190 [info] > git rev-parse --show-toplevel [1ms]
2025-06-06 19:38:07.192 [info] > git rev-parse --show-toplevel [0ms]
2025-06-06 19:38:07.195 [info] > git rev-parse --show-toplevel [1ms]
2025-06-06 19:38:11.682 [info] > git config --get commit.template [5ms]
2025-06-06 19:38:11.683 [info] > git for-each-ref --format=%(refname)%00%(upstream:short)%00%(objectname)%00%(upstream:track)%00%(upstream:remotename)%00%(upstream:remoteref) refs/heads/stable refs/remotes/stable [1ms]
2025-06-06 19:38:11.685 [warning] [Git][revParse] Unable to read file: ENOENT: no such file or directory, open '/home/caroulder/AFLplusplus/.git/refs/remotes/origin/stable'
2025-06-06 19:38:11.686 [info] > git rev-parse refs/remotes/origin/stable [1ms]
2025-06-06 19:38:11.692 [info] > git status -z -uall [4ms]
2025-06-06 19:38:11.696 [info] > git for-each-ref --format=%(refname)%00%(upstream:short)%00%(objectname)%00%(upstream:track)%00%(upstream:remotename)%00%(upstream:remoteref) refs/heads/stable refs/remotes/stable [1ms]
2025-06-06 19:38:11.700 [info] > git config --local branch.stable.vscode-merge-base [1ms]
2025-06-06 19:38:11.703 [info] > git for-each-ref --format=%(refname)%00%(upstream:short)%00%(objectname)%00%(upstream:track)%00%(upstream:remotename)%00%(upstream:remoteref) refs/heads/origin/stable refs/remotes/origin/stable [0ms]
2025-06-06 19:38:12.203 [info] > git rev-parse --show-toplevel [1ms]
2025-06-06 19:38:12.206 [info] > git rev-parse --show-toplevel [0ms]
2025-06-06 19:38:12.209 [info] > git rev-parse --show-toplevel [1ms]
2025-06-06 19:38:12.211 [info] > git rev-parse --show-toplevel [0ms]
2025-06-06 19:38:12.214 [info] > git rev-parse --show-toplevel [1ms]
2025-06-06 19:38:12.216 [info] > git rev-parse --show-toplevel [0ms]
2025-06-06 19:38:12.219 [info] > git rev-parse --show-toplevel [1ms]
2025-06-06 19:38:12.221 [info] > git rev-parse --show-toplevel [0ms]
2025-06-06 19:38:12.224 [info] > git rev-parse --show-toplevel [0ms]
2025-06-06 19:38:16.704 [info] > git config --get commit.template [0ms]
2025-06-06 19:38:16.709 [info] > git for-each-ref --format=%(refname)%00%(upstream:short)%00%(objectname)%00%(upstream:track)%00%(upstream:remotename)%00%(upstream:remoteref) refs/heads/stable refs/remotes/stable [1ms]
2025-06-06 19:38:16.712 [warning] [Git][revParse] Unable to read file: ENOENT: no such file or directory, open '/home/caroulder/AFLplusplus/.git/refs/remotes/origin/stable'
2025-06-06 19:38:16.712 [info] > git rev-parse refs/remotes/origin/stable [0ms]
2025-06-06 19:38:16.718 [info] > git status -z -uall [4ms]
2025-06-06 19:38:16.722 [info] > git for-each-ref --format=%(refname)%00%(upstream:short)%00%(objectname)%00%(upstream:track)%00%(upstream:remotename)%00%(upstream:remoteref) refs/heads/stable refs/remotes/stable [1ms]
2025-06-06 19:38:16.725 [info] > git config --local branch.stable.vscode-merge-base [1ms]
2025-06-06 19:38:16.728 [info] > git for-each-ref --format=%(refname)%00%(upstream:short)%00%(objectname)%00%(upstream:track)%00%(upstream:remotename)%00%(upstream:remoteref) refs/heads/origin/stable refs/remotes/origin/stable [0ms]
2025-06-06 19:38:17.230 [info] > git rev-parse --show-toplevel [1ms]
2025-06-06 19:38:17.234 [info] > git rev-parse --show-toplevel [0ms]
2025-06-06 19:38:17.237 [info] > git rev-parse --show-toplevel [0ms]
2025-06-06 19:38:17.241 [info] > git rev-parse --show-toplevel [1ms]
2025-06-06 19:38:17.243 [info] > git rev-parse --show-toplevel [0ms]
2025-06-06 19:38:17.246 [info] > git rev-parse --show-toplevel [0ms]
2025-06-06 19:38:17.249 [info] > git rev-parse --show-toplevel [1ms]
2025-06-06 19:38:17.252 [info] > git rev-parse --show-toplevel [1ms]
2025-06-06 19:38:17.254 [info] > git rev-parse --show-toplevel [0ms]
2025-06-06 19:38:21.735 [info] > git config --get commit.template [1ms]
2025-06-06 19:38:21.738 [info] > git for-each-ref --format=%(refname)%00%(upstream:short)%00%(objectname)%00%(upstream:track)%00%(upstream:remotename)%00%(upstream:remoteref) refs/heads/stable refs/remotes/stable [0ms]
2025-06-06 19:38:21.741 [warning] [Git][revParse] Unable to read file: ENOENT: no such file or directory, open '/home/caroulder/AFLplusplus/.git/refs/remotes/origin/stable'
2025-06-06 19:38:21.741 [info] > git rev-parse refs/remotes/origin/stable [0ms]
2025-06-06 19:38:21.747 [info] > git status -z -uall [3ms]
2025-06-06 19:38:21.751 [info] > git for-each-ref --format=%(refname)%00%(upstream:short)%00%(objectname)%00%(upstream:track)%00%(upstream:remotename)%00%(upstream:remoteref) refs/heads/stable refs/remotes/stable [2ms]
2025-06-06 19:38:21.755 [info] > git config --local branch.stable.vscode-merge-base [1ms]
2025-06-06 19:38:21.758 [info] > git for-each-ref --format=%(refname)%00%(upstream:short)%00%(objectname)%00%(upstream:track)%00%(upstream:remotename)%00%(upstream:remoteref) refs/heads/origin/stable refs/remotes/origin/stable [0ms]
2025-06-06 19:38:22.257 [info] > git rev-parse --show-toplevel [0ms]
2025-06-06 19:38:22.260 [info] > git rev-parse --show-toplevel [1ms]
2025-06-06 19:38:22.264 [info] > git rev-parse --show-toplevel [1ms]
2025-06-06 19:38:22.267 [info] > git rev-parse --show-toplevel [1ms]
2025-06-06 19:38:22.270 [info] > git rev-parse --show-toplevel [1ms]
2025-06-06 19:38:22.273 [info] > git rev-parse --show-toplevel [1ms]
2025-06-06 19:38:22.277 [info] > git rev-parse --show-toplevel [1ms]
2025-06-06 19:38:22.281 [info] > git rev-parse --show-toplevel [1ms]
2025-06-06 19:38:22.284 [info] > git rev-parse --show-toplevel [1ms]
2025-06-06 19:38:26.759 [info] > git config --get commit.template [0ms]
2025-06-06 19:38:26.763 [info] > git for-each-ref --format=%(refname)%00%(upstream:short)%00%(objectname)%00%(upstream:track)%00%(upstream:remotename)%00%(upstream:remoteref) refs/heads/stable refs/remotes/stable [1ms]
2025-06-06 19:38:26.766 [warning] [Git][revParse] Unable to read file: ENOENT: no such file or directory, open '/home/caroulder/AFLplusplus/.git/refs/remotes/origin/stable'
2025-06-06 19:38:26.766 [info] > git rev-parse refs/remotes/origin/stable [0ms]
2025-06-06 19:38:26.772 [info] > git status -z -uall [3ms]
2025-06-06 19:38:26.778 [info] > git for-each-ref --format=%(refname)%00%(upstream:short)%00%(objectname)%00%(upstream:track)%00%(upstream:remotename)%00%(upstream:remoteref) refs/heads/stable refs/remotes/stable [3ms]
2025-06-06 19:38:26.785 [info] > git config --local branch.stable.vscode-merge-base [2ms]
2025-06-06 19:38:26.793 [info] > git for-each-ref --format=%(refname)%00%(upstream:short)%00%(objectname)%00%(upstream:track)%00%(upstream:remotename)%00%(upstream:remoteref) refs/heads/origin/stable refs/remotes/origin/stable [2ms]
2025-06-06 19:38:27.283 [info] > git rev-parse --show-toplevel [1ms]
2025-06-06 19:38:27.287 [info] > git rev-parse --show-toplevel [0ms]
2025-06-06 19:38:27.292 [info] > git rev-parse --show-toplevel [1ms]
2025-06-06 19:38:27.295 [info] > git rev-parse --show-toplevel [1ms]
2025-06-06 19:38:27.298 [info] > git rev-parse --show-toplevel [1ms]
2025-06-06 19:38:27.301 [info] > git rev-parse --show-toplevel [1ms]
2025-06-06 19:38:27.303 [info] > git rev-parse --show-toplevel [0ms]
2025-06-06 19:38:27.307 [info] > git rev-parse --show-toplevel [0ms]
2025-06-06 19:38:27.309 [info] > git rev-parse --show-toplevel [0ms]
2025-06-06 19:38:31.788 [info] > git config --get commit.template [4ms]
2025-06-06 19:38:31.788 [info] > git for-each-ref --format=%(refname)%00%(upstream:short)%00%(objectname)%00%(upstream:track)%00%(upstream:remotename)%00%(upstream:remoteref) refs/heads/stable refs/remotes/stable [0ms]
2025-06-06 19:38:31.791 [warning] [Git][revParse] Unable to read file: ENOENT: no such file or directory, open '/home/caroulder/AFLplusplus/.git/refs/remotes/origin/stable'
2025-06-06 19:38:31.791 [info] > git rev-parse refs/remotes/origin/stable [0ms]
2025-06-06 19:38:31.797 [info] > git status -z -uall [3ms]
2025-06-06 19:38:31.803 [info] > git for-each-ref --format=%(refname)%00%(upstream:short)%00%(objectname)%00%(upstream:track)%00%(upstream:remotename)%00%(upstream:remoteref) refs/heads/stable refs/remotes/stable [3ms]
2025-06-06 19:38:31.807 [info] > git config --local branch.stable.vscode-merge-base [2ms]
2025-06-06 19:38:31.810 [info] > git for-each-ref --format=%(refname)%00%(upstream:short)%00%(objectname)%00%(upstream:track)%00%(upstream:remotename)%00%(upstream:remoteref) refs/heads/origin/stable refs/remotes/origin/stable [1ms]
2025-06-06 19:38:32.308 [info] > git rev-parse --show-toplevel [1ms]
2025-06-06 19:38:32.312 [info] > git rev-parse --show-toplevel [1ms]
2025-06-06 19:38:32.315 [info] > git rev-parse --show-toplevel [1ms]
2025-06-06 19:38:32.317 [info] > git rev-parse --show-toplevel [0ms]
2025-06-06 19:38:32.320 [info] > git rev-parse --show-toplevel [0ms]
2025-06-06 19:38:32.322 [info] > git rev-parse --show-toplevel [0ms]
2025-06-06 19:38:32.325 [info] > git rev-parse --show-toplevel [0ms]
2025-06-06 19:38:32.328 [info] > git rev-parse --show-toplevel [1ms]
2025-06-06 19:38:32.331 [info] > git rev-parse --show-toplevel [0ms]
2025-06-06 19:38:36.812 [info] > git config --get commit.template [3ms]
2025-06-06 19:38:36.812 [info] > git for-each-ref --format=%(refname)%00%(upstream:short)%00%(objectname)%00%(upstream:track)%00%(upstream:remotename)%00%(upstream:remoteref) refs/heads/stable refs/remotes/stable [1ms]
2025-06-06 19:38:36.814 [warning] [Git][revParse] Unable to read file: ENOENT: no such file or directory, open '/home/caroulder/AFLplusplus/.git/refs/remotes/origin/stable'
2025-06-06 19:38:36.815 [info] > git rev-parse refs/remotes/origin/stable [1ms]
2025-06-06 19:38:36.821 [info] > git status -z -uall [4ms]
2025-06-06 19:38:36.826 [info] > git for-each-ref --format=%(refname)%00%(upstream:short)%00%(objectname)%00%(upstream:track)%00%(upstream:remotename)%00%(upstream:remoteref) refs/heads/stable refs/remotes/stable [2ms]
2025-06-06 19:38:36.831 [info] > git config --local branch.stable.vscode-merge-base [2ms]
2025-06-06 19:38:36.834 [info] > git for-each-ref --format=%(refname)%00%(upstream:short)%00%(objectname)%00%(upstream:track)%00%(upstream:remotename)%00%(upstream:remoteref) refs/heads/origin/stable refs/remotes/origin/stable [0ms]
2025-06-06 19:38:37.331 [info] > git rev-parse --show-toplevel [1ms]
2025-06-06 19:38:37.334 [info] > git rev-parse --show-toplevel [0ms]
2025-06-06 19:38:37.337 [info] > git rev-parse --show-toplevel [0ms]
2025-06-06 19:38:37.340 [info] > git rev-parse --show-toplevel [1ms]
2025-06-06 19:38:37.343 [info] > git rev-parse --show-toplevel [1ms]
2025-06-06 19:38:37.346 [info] > git rev-parse --show-toplevel [1ms]
2025-06-06 19:38:37.349 [info] > git rev-parse --show-toplevel [1ms]
2025-06-06 19:38:37.352 [info] > git rev-parse --show-toplevel [1ms]
2025-06-06 19:38:37.354 [info] > git rev-parse --show-toplevel [0ms]
2025-06-06 19:38:41.835 [info] > git config --get commit.template [3ms]
2025-06-06 19:38:41.836 [info] > git for-each-ref --format=%(refname)%00%(upstream:short)%00%(objectname)%00%(upstream:track)%00%(upstream:remotename)%00%(upstream:remoteref) refs/heads/stable refs/remotes/stable [1ms]
2025-06-06 19:38:41.838 [warning] [Git][revParse] Unable to read file: ENOENT: no such file or directory, open '/home/caroulder/AFLplusplus/.git/refs/remotes/origin/stable'
2025-06-06 19:38:41.839 [info] > git rev-parse refs/remotes/origin/stable [1ms]
2025-06-06 19:38:41.845 [info] > git status -z -uall [4ms]
2025-06-06 19:38:41.850 [info] > git for-each-ref --format=%(refname)%00%(upstream:short)%00%(objectname)%00%(upstream:track)%00%(upstream:remotename)%00%(upstream:remoteref) refs/heads/stable refs/remotes/stable [1ms]
2025-06-06 19:38:41.854 [info] > git config --local branch.stable.vscode-merge-base [1ms]
2025-06-06 19:38:41.857 [info] > git for-each-ref --format=%(refname)%00%(upstream:short)%00%(objectname)%00%(upstream:track)%00%(upstream:remotename)%00%(upstream:remoteref) refs/heads/origin/stable refs/remotes/origin/stable [0ms]
2025-06-06 19:38:42.356 [info] > git rev-parse --show-toplevel [0ms]
2025-06-06 19:38:42.360 [info] > git rev-parse --show-toplevel [1ms]
2025-06-06 19:38:42.363 [info] > git rev-parse --show-toplevel [0ms]
2025-06-06 19:38:42.366 [info] > git rev-parse --show-toplevel [1ms]
2025-06-06 19:38:42.369 [info] > git rev-parse --show-toplevel [1ms]
2025-06-06 19:38:42.372 [info] > git rev-parse --show-toplevel [1ms]
2025-06-06 19:38:42.375 [info] > git rev-parse --show-toplevel [1ms]
2025-06-06 19:38:42.378 [info] > git rev-parse --show-toplevel [1ms]
2025-06-06 19:38:42.380 [info] > git rev-parse --show-toplevel [0ms]
2025-06-06 19:38:46.857 [info] > git config --get commit.template [1ms]
2025-06-06 19:38:46.861 [info] > git for-each-ref --format=%(refname)%00%(upstream:short)%00%(objectname)%00%(upstream:track)%00%(upstream:remotename)%00%(upstream:remoteref) refs/heads/stable refs/remotes/stable [1ms]
2025-06-06 19:38:46.863 [warning] [Git][revParse] Unable to read file: ENOENT: no such file or directory, open '/home/caroulder/AFLplusplus/.git/refs/remotes/origin/stable'
2025-06-06 19:38:46.863 [info] > git rev-parse refs/remotes/origin/stable [0ms]
2025-06-06 19:38:46.869 [info] > git status -z -uall [4ms]
2025-06-06 19:38:46.875 [info] > git for-each-ref --format=%(refname)%00%(upstream:short)%00%(objectname)%00%(upstream:track)%00%(upstream:remotename)%00%(upstream:remoteref) refs/heads/stable refs/remotes/stable [2ms]
2025-06-06 19:38:46.878 [info] > git config --local branch.stable.vscode-merge-base [1ms]
2025-06-06 19:38:46.881 [info] > git for-each-ref --format=%(refname)%00%(upstream:short)%00%(objectname)%00%(upstream:track)%00%(upstream:remotename)%00%(upstream:remoteref) refs/heads/origin/stable refs/remotes/origin/stable [1ms]
2025-06-06 19:38:47.378 [info] > git rev-parse --show-toplevel [0ms]
2025-06-06 19:38:47.382 [info] > git rev-parse --show-toplevel [1ms]
2025-06-06 19:38:47.385 [info] > git rev-parse --show-toplevel [1ms]
2025-06-06 19:38:47.388 [info] > git rev-parse --show-toplevel [1ms]
2025-06-06 19:38:47.392 [info] > git rev-parse --show-toplevel [1ms]
2025-06-06 19:38:47.395 [info] > git rev-parse --show-toplevel [1ms]
2025-06-06 19:38:47.398 [info] > git rev-parse --show-toplevel [1ms]
2025-06-06 19:38:47.400 [info] > git rev-parse --show-toplevel [0ms]
2025-06-06 19:38:47.403 [info] > git rev-parse --show-toplevel [1ms]
2025-06-06 19:38:51.881 [info] > git config --get commit.template [1ms]
2025-06-06 19:38:51.884 [info] > git for-each-ref --format=%(refname)%00%(upstream:short)%00%(objectname)%00%(upstream:track)%00%(upstream:remotename)%00%(upstream:remoteref) refs/heads/stable refs/remotes/stable [1ms]
2025-06-06 19:38:51.886 [warning] [Git][revParse] Unable to read file: ENOENT: no such file or directory, open '/home/caroulder/AFLplusplus/.git/refs/remotes/origin/stable'
2025-06-06 19:38:51.887 [info] > git rev-parse refs/remotes/origin/stable [1ms]
2025-06-06 19:38:51.893 [info] > git status -z -uall [4ms]
2025-06-06 19:38:51.897 [info] > git for-each-ref --format=%(refname)%00%(upstream:short)%00%(objectname)%00%(upstream:track)%00%(upstream:remotename)%00%(upstream:remoteref) refs/heads/stable refs/remotes/stable [1ms]
2025-06-06 19:38:51.901 [info] > git config --local branch.stable.vscode-merge-base [1ms]
2025-06-06 19:38:51.904 [info] > git for-each-ref --format=%(refname)%00%(upstream:short)%00%(objectname)%00%(upstream:track)%00%(upstream:remotename)%00%(upstream:remoteref) refs/heads/origin/stable refs/remotes/origin/stable [0ms]
2025-06-06 19:38:52.401 [info] > git rev-parse --show-toplevel [1ms]
2025-06-06 19:38:52.405 [info] > git rev-parse --show-toplevel [1ms]
2025-06-06 19:38:52.408 [info] > git rev-parse --show-toplevel [1ms]
2025-06-06 19:38:52.411 [info] > git rev-parse --show-toplevel [1ms]
2025-06-06 19:38:52.414 [info] > git rev-parse --show-toplevel [1ms]
2025-06-06 19:38:52.416 [info] > git rev-parse --show-toplevel [0ms]
2025-06-06 19:38:52.419 [info] > git rev-parse --show-toplevel [0ms]
2025-06-06 19:38:52.422 [info] > git rev-parse --show-toplevel [1ms]
2025-06-06 19:38:52.424 [info] > git rev-parse --show-toplevel [0ms]
2025-06-06 19:38:56.906 [info] > git config --get commit.template [1ms]
2025-06-06 19:38:56.910 [info] > git for-each-ref --format=%(refname)%00%(upstream:short)%00%(objectname)%00%(upstream:track)%00%(upstream:remotename)%00%(upstream:remoteref) refs/heads/stable refs/remotes/stable [1ms]
2025-06-06 19:38:56.912 [warning] [Git][revParse] Unable to read file: ENOENT: no such file or directory, open '/home/caroulder/AFLplusplus/.git/refs/remotes/origin/stable'
2025-06-06 19:38:56.913 [info] > git rev-parse refs/remotes/origin/stable [1ms]
2025-06-06 19:38:56.919 [info] > git status -z -uall [4ms]
2025-06-06 19:38:56.924 [info] > git for-each-ref --format=%(refname)%00%(upstream:short)%00%(objectname)%00%(upstream:track)%00%(upstream:remotename)%00%(upstream:remoteref) refs/heads/stable refs/remotes/stable [1ms]
2025-06-06 19:38:56.927 [info] > git config --local branch.stable.vscode-merge-base [1ms]
2025-06-06 19:38:56.930 [info] > git for-each-ref --format=%(refname)%00%(upstream:short)%00%(objectname)%00%(upstream:track)%00%(upstream:remotename)%00%(upstream:remoteref) refs/heads/origin/stable refs/remotes/origin/stable [0ms]
2025-06-06 19:38:57.430 [info] > git rev-parse --show-toplevel [1ms]
2025-06-06 19:38:57.434 [info] > git rev-parse --show-toplevel [1ms]
2025-06-06 19:38:57.437 [info] > git rev-parse --show-toplevel [0ms]
2025-06-06 19:38:57.440 [info] > git rev-parse --show-toplevel [0ms]
2025-06-06 19:38:57.443 [info] > git rev-parse --show-toplevel [1ms]
2025-06-06 19:38:57.446 [info] > git rev-parse --show-toplevel [0ms]
2025-06-06 19:38:57.449 [info] > git rev-parse --show-toplevel [1ms]
2025-06-06 19:38:57.452 [info] > git rev-parse --show-toplevel [0ms]
2025-06-06 19:38:57.454 [info] > git rev-parse --show-toplevel [0ms]
2025-06-06 19:39:01.931 [info] > git config --get commit.template [1ms]
2025-06-06 19:39:01.935 [info] > git for-each-ref --format=%(refname)%00%(upstream:short)%00%(objectname)%00%(upstream:track)%00%(upstream:remotename)%00%(upstream:remoteref) refs/heads/stable refs/remotes/stable [1ms]
2025-06-06 19:39:01.937 [warning] [Git][revParse] Unable to read file: ENOENT: no such file or directory, open '/home/caroulder/AFLplusplus/.git/refs/remotes/origin/stable'
2025-06-06 19:39:01.938 [info] > git rev-parse refs/remotes/origin/stable [1ms]
2025-06-06 19:39:01.944 [info] > git status -z -uall [4ms]
2025-06-06 19:39:01.948 [info] > git for-each-ref --format=%(refname)%00%(upstream:short)%00%(objectname)%00%(upstream:track)%00%(upstream:remotename)%00%(upstream:remoteref) refs/heads/stable refs/remotes/stable [2ms]
2025-06-06 19:39:01.951 [info] > git config --local branch.stable.vscode-merge-base [1ms]
2025-06-06 19:39:01.954 [info] > git for-each-ref --format=%(refname)%00%(upstream:short)%00%(objectname)%00%(upstream:track)%00%(upstream:remotename)%00%(upstream:remoteref) refs/heads/origin/stable refs/remotes/origin/stable [0ms]
2025-06-06 19:39:02.456 [info] > git rev-parse --show-toplevel [1ms]
2025-06-06 19:39:02.459 [info] > git rev-parse --show-toplevel [1ms]
2025-06-06 19:39:02.462 [info] > git rev-parse --show-toplevel [1ms]
2025-06-06 19:39:02.465 [info] > git rev-parse --show-toplevel [1ms]
2025-06-06 19:39:02.467 [info] > git rev-parse --show-toplevel [0ms]
2025-06-06 19:39:02.470 [info] > git rev-parse --show-toplevel [1ms]
2025-06-06 19:39:02.473 [info] > git rev-parse --show-toplevel [1ms]
2025-06-06 19:39:02.475 [info] > git rev-parse --show-toplevel [0ms]
2025-06-06 19:39:02.478 [info] > git rev-parse --show-toplevel [0ms]
2025-06-06 19:39:06.959 [info] > git config --get commit.template [3ms]
2025-06-06 19:39:06.959 [info] > git for-each-ref --format=%(refname)%00%(upstream:short)%00%(objectname)%00%(upstream:track)%00%(upstream:remotename)%00%(upstream:remoteref) refs/heads/stable refs/remotes/stable [1ms]
2025-06-06 19:39:06.961 [warning] [Git][revParse] Unable to read file: ENOENT: no such file or directory, open '/home/caroulder/AFLplusplus/.git/refs/remotes/origin/stable'
2025-06-06 19:39:06.962 [info] > git rev-parse refs/remotes/origin/stable [1ms]
2025-06-06 19:39:06.968 [info] > git status -z -uall [4ms]
2025-06-06 19:39:06.974 [info] > git for-each-ref --format=%(refname)%00%(upstream:short)%00%(objectname)%00%(upstream:track)%00%(upstream:remotename)%00%(upstream:remoteref) refs/heads/stable refs/remotes/stable [3ms]
2025-06-06 19:39:06.977 [info] > git config --local branch.stable.vscode-merge-base [1ms]
2025-06-06 19:39:06.980 [info] > git for-each-ref --format=%(refname)%00%(upstream:short)%00%(objectname)%00%(upstream:track)%00%(upstream:remotename)%00%(upstream:remoteref) refs/heads/origin/stable refs/remotes/origin/stable [0ms]
2025-06-06 19:39:07.479 [info] > git rev-parse --show-toplevel [1ms]
2025-06-06 19:39:07.483 [info] > git rev-parse --show-toplevel [1ms]
2025-06-06 19:39:07.486 [info] > git rev-parse --show-toplevel [1ms]
2025-06-06 19:39:07.488 [info] > git rev-parse --show-toplevel [0ms]
2025-06-06 19:39:07.491 [info] > git rev-parse --show-toplevel [1ms]
2025-06-06 19:39:07.494 [info] > git rev-parse --show-toplevel [0ms]
2025-06-06 19:39:07.497 [info] > git rev-parse --show-toplevel [1ms]
2025-06-06 19:39:07.499 [info] > git rev-parse --show-toplevel [0ms]
2025-06-06 19:39:07.502 [info] > git rev-parse --show-toplevel [1ms]
2025-06-06 19:39:11.985 [info] > git config --get commit.template [1ms]
2025-06-06 19:39:11.989 [info] > git for-each-ref --format=%(refname)%00%(upstream:short)%00%(objectname)%00%(upstream:track)%00%(upstream:remotename)%00%(upstream:remoteref) refs/heads/stable refs/remotes/stable [0ms]
2025-06-06 19:39:11.992 [warning] [Git][revParse] Unable to read file: ENOENT: no such file or directory, open '/home/caroulder/AFLplusplus/.git/refs/remotes/origin/stable'
2025-06-06 19:39:11.992 [info] > git rev-parse refs/remotes/origin/stable [0ms]
2025-06-06 19:39:11.998 [info] > git status -z -uall [4ms]
2025-06-06 19:39:12.003 [info] > git for-each-ref --format=%(refname)%00%(upstream:short)%00%(objectname)%00%(upstream:track)%00%(upstream:remotename)%00%(upstream:remoteref) refs/heads/stable refs/remotes/stable [2ms]
2025-06-06 19:39:12.006 [info] > git config --local branch.stable.vscode-merge-base [1ms]
2025-06-06 19:39:12.009 [info] > git for-each-ref --format=%(refname)%00%(upstream:short)%00%(objectname)%00%(upstream:track)%00%(upstream:remotename)%00%(upstream:remoteref) refs/heads/origin/stable refs/remotes/origin/stable [0ms]
2025-06-06 19:39:12.510 [info] > git rev-parse --show-toplevel [1ms]
2025-06-06 19:39:12.513 [info] > git rev-parse --show-toplevel [0ms]
2025-06-06 19:39:12.516 [info] > git rev-parse --show-toplevel [0ms]
2025-06-06 19:39:12.519 [info] > git rev-parse --show-toplevel [1ms]
2025-06-06 19:39:12.521 [info] > git rev-parse --show-toplevel [0ms]
2025-06-06 19:39:12.524 [info] > git rev-parse --show-toplevel [0ms]
2025-06-06 19:39:12.527 [info] > git rev-parse --show-toplevel [0ms]
2025-06-06 19:39:12.530 [info] > git rev-parse --show-toplevel [1ms]
2025-06-06 19:39:12.532 [info] > git rev-parse --show-toplevel [0ms]
2025-06-06 19:39:17.011 [info] > git config --get commit.template [3ms]
2025-06-06 19:39:17.011 [info] > git for-each-ref --format=%(refname)%00%(upstream:short)%00%(objectname)%00%(upstream:track)%00%(upstream:remotename)%00%(upstream:remoteref) refs/heads/stable refs/remotes/stable [1ms]
2025-06-06 19:39:17.013 [warning] [Git][revParse] Unable to read file: ENOENT: no such file or directory, open '/home/caroulder/AFLplusplus/.git/refs/remotes/origin/stable'
2025-06-06 19:39:17.014 [info] > git rev-parse refs/remotes/origin/stable [1ms]
2025-06-06 19:39:17.020 [info] > git status -z -uall [4ms]
2025-06-06 19:39:17.024 [info] > git for-each-ref --format=%(refname)%00%(upstream:short)%00%(objectname)%00%(upstream:track)%00%(upstream:remotename)%00%(upstream:remoteref) refs/heads/stable refs/remotes/stable [1ms]
2025-06-06 19:39:17.028 [info] > git config --local branch.stable.vscode-merge-base [1ms]
2025-06-06 19:39:17.035 [info] > git for-each-ref --format=%(refname)%00%(upstream:short)%00%(objectname)%00%(upstream:track)%00%(upstream:remotename)%00%(upstream:remoteref) refs/heads/origin/stable refs/remotes/origin/stable [3ms]
2025-06-06 19:39:17.528 [info] > git rev-parse --show-toplevel [0ms]
2025-06-06 19:39:17.532 [info] > git rev-parse --show-toplevel [1ms]
2025-06-06 19:39:17.534 [info] > git rev-parse --show-toplevel [0ms]
2025-06-06 19:39:17.537 [info] > git rev-parse --show-toplevel [1ms]
2025-06-06 19:39:17.540 [info] > git rev-parse --show-toplevel [1ms]
2025-06-06 19:39:17.543 [info] > git rev-parse --show-toplevel [0ms]
2025-06-06 19:39:17.546 [info] > git rev-parse --show-toplevel [1ms]
2025-06-06 19:39:17.549 [info] > git rev-parse --show-toplevel [1ms]
2025-06-06 19:39:17.551 [info] > git rev-parse --show-toplevel [0ms]
2025-06-06 19:39:22.037 [info] > git config --get commit.template [3ms]
2025-06-06 19:39:22.038 [info] > git for-each-ref --format=%(refname)%00%(upstream:short)%00%(objectname)%00%(upstream:track)%00%(upstream:remotename)%00%(upstream:remoteref) refs/heads/stable refs/remotes/stable [1ms]
2025-06-06 19:39:22.040 [warning] [Git][revParse] Unable to read file: ENOENT: no such file or directory, open '/home/caroulder/AFLplusplus/.git/refs/remotes/origin/stable'
2025-06-06 19:39:22.041 [info] > git rev-parse refs/remotes/origin/stable [1ms]
2025-06-06 19:39:22.046 [info] > git status -z -uall [3ms]
2025-06-06 19:39:22.054 [info] > git for-each-ref --format=%(refname)%00%(upstream:short)%00%(objectname)%00%(upstream:track)%00%(upstream:remotename)%00%(upstream:remoteref) refs/heads/stable refs/remotes/stable [2ms]
2025-06-06 19:39:22.057 [info] > git config --local branch.stable.vscode-merge-base [1ms]
2025-06-06 19:39:22.060 [info] > git for-each-ref --format=%(refname)%00%(upstream:short)%00%(objectname)%00%(upstream:track)%00%(upstream:remotename)%00%(upstream:remoteref) refs/heads/origin/stable refs/remotes/origin/stable [0ms]
2025-06-06 19:39:22.564 [info] > git rev-parse --show-toplevel [1ms]
2025-06-06 19:39:22.568 [info] > git rev-parse --show-toplevel [0ms]
2025-06-06 19:39:22.571 [info] > git rev-parse --show-toplevel [0ms]
2025-06-06 19:39:22.574 [info] > git rev-parse --show-toplevel [1ms]
2025-06-06 19:39:22.577 [info] > git rev-parse --show-toplevel [1ms]
2025-06-06 19:39:22.579 [info] > git rev-parse --show-toplevel [0ms]
2025-06-06 19:39:22.582 [info] > git rev-parse --show-toplevel [1ms]
2025-06-06 19:39:22.584 [info] > git rev-parse --show-toplevel [0ms]
2025-06-06 19:39:22.587 [info] > git rev-parse --show-toplevel [1ms]
2025-06-06 19:39:27.062 [info] > git config --get commit.template [1ms]
2025-06-06 19:39:27.065 [info] > git for-each-ref --format=%(refname)%00%(upstream:short)%00%(objectname)%00%(upstream:track)%00%(upstream:remotename)%00%(upstream:remoteref) refs/heads/stable refs/remotes/stable [0ms]
2025-06-06 19:39:27.067 [warning] [Git][revParse] Unable to read file: ENOENT: no such file or directory, open '/home/caroulder/AFLplusplus/.git/refs/remotes/origin/stable'
2025-06-06 19:39:27.068 [info] > git rev-parse refs/remotes/origin/stable [1ms]
2025-06-06 19:39:27.073 [info] > git status -z -uall [3ms]
2025-06-06 19:39:27.082 [info] > git for-each-ref --format=%(refname)%00%(upstream:short)%00%(objectname)%00%(upstream:track)%00%(upstream:remotename)%00%(upstream:remoteref) refs/heads/stable refs/remotes/stable [5ms]
2025-06-06 19:39:27.085 [info] > git config --local branch.stable.vscode-merge-base [0ms]
2025-06-06 19:39:27.088 [info] > git for-each-ref --format=%(refname)%00%(upstream:short)%00%(objectname)%00%(upstream:track)%00%(upstream:remotename)%00%(upstream:remoteref) refs/heads/origin/stable refs/remotes/origin/stable [0ms]
2025-06-06 19:39:27.587 [info] > git rev-parse --show-toplevel [1ms]
2025-06-06 19:39:27.592 [info] > git rev-parse --show-toplevel [1ms]
2025-06-06 19:39:27.596 [info] > git rev-parse --show-toplevel [0ms]
2025-06-06 19:39:27.599 [info] > git rev-parse --show-toplevel [0ms]
2025-06-06 19:39:27.602 [info] > git rev-parse --show-toplevel [0ms]
2025-06-06 19:39:27.605 [info] > git rev-parse --show-toplevel [0ms]
2025-06-06 19:39:27.608 [info] > git rev-parse --show-toplevel [0ms]
2025-06-06 19:39:27.611 [info] > git rev-parse --show-toplevel [1ms]
2025-06-06 19:39:27.613 [info] > git rev-parse --show-toplevel [0ms]
2025-06-06 19:39:32.090 [info] > git config --get commit.template [2ms]
2025-06-06 19:39:32.094 [info] > git for-each-ref --format=%(refname)%00%(upstream:short)%00%(objectname)%00%(upstream:track)%00%(upstream:remotename)%00%(upstream:remoteref) refs/heads/stable refs/remotes/stable [1ms]
2025-06-06 19:39:32.096 [warning] [Git][revParse] Unable to read file: ENOENT: no such file or directory, open '/home/caroulder/AFLplusplus/.git/refs/remotes/origin/stable'
2025-06-06 19:39:32.097 [info] > git rev-parse refs/remotes/origin/stable [1ms]
2025-06-06 19:39:32.102 [info] > git status -z -uall [3ms]
2025-06-06 19:39:32.107 [info] > git for-each-ref --format=%(refname)%00%(upstream:short)%00%(objectname)%00%(upstream:track)%00%(upstream:remotename)%00%(upstream:remoteref) refs/heads/stable refs/remotes/stable [2ms]
2025-06-06 19:39:32.111 [info] > git config --local branch.stable.vscode-merge-base [1ms]
2025-06-06 19:39:32.114 [info] > git for-each-ref --format=%(refname)%00%(upstream:short)%00%(objectname)%00%(upstream:track)%00%(upstream:remotename)%00%(upstream:remoteref) refs/heads/origin/stable refs/remotes/origin/stable [1ms]
2025-06-06 19:39:32.615 [info] > git rev-parse --show-toplevel [1ms]
2025-06-06 19:39:32.619 [info] > git rev-parse --show-toplevel [0ms]
2025-06-06 19:39:32.622 [info] > git rev-parse --show-toplevel [0ms]
2025-06-06 19:39:32.625 [info] > git rev-parse --show-toplevel [0ms]
2025-06-06 19:39:32.628 [info] > git rev-parse --show-toplevel [0ms]
2025-06-06 19:39:32.631 [info] > git rev-parse --show-toplevel [0ms]
2025-06-06 19:39:32.634 [info] > git rev-parse --show-toplevel [0ms]
2025-06-06 19:39:32.637 [info] > git rev-parse --show-toplevel [1ms]
2025-06-06 19:39:32.640 [info] > git rev-parse --show-toplevel [1ms]
2025-06-06 19:39:37.114 [info] > git config --get commit.template [1ms]
2025-06-06 19:39:37.117 [info] > git for-each-ref --format=%(refname)%00%(upstream:short)%00%(objectname)%00%(upstream:track)%00%(upstream:remotename)%00%(upstream:remoteref) refs/heads/stable refs/remotes/stable [0ms]
2025-06-06 19:39:37.120 [warning] [Git][revParse] Unable to read file: ENOENT: no such file or directory, open '/home/caroulder/AFLplusplus/.git/refs/remotes/origin/stable'
2025-06-06 19:39:37.120 [info] > git rev-parse refs/remotes/origin/stable [0ms]
2025-06-06 19:39:37.126 [info] > git status -z -uall [4ms]
2025-06-06 19:39:37.131 [info] > git for-each-ref --format=%(refname)%00%(upstream:short)%00%(objectname)%00%(upstream:track)%00%(upstream:remotename)%00%(upstream:remoteref) refs/heads/stable refs/remotes/stable [2ms]
2025-06-06 19:39:37.136 [info] > git config --local branch.stable.vscode-merge-base [1ms]
2025-06-06 19:39:37.139 [info] > git for-each-ref --format=%(refname)%00%(upstream:short)%00%(objectname)%00%(upstream:track)%00%(upstream:remotename)%00%(upstream:remoteref) refs/heads/origin/stable refs/remotes/origin/stable [0ms]
2025-06-06 19:39:37.635 [info] > git rev-parse --show-toplevel [0ms]
2025-06-06 19:39:37.639 [info] > git rev-parse --show-toplevel [0ms]
2025-06-06 19:39:37.642 [info] > git rev-parse --show-toplevel [0ms]
2025-06-06 19:39:37.645 [info] > git rev-parse --show-toplevel [0ms]
2025-06-06 19:39:37.648 [info] > git rev-parse --show-toplevel [1ms]
2025-06-06 19:39:37.650 [info] > git rev-parse --show-toplevel [0ms]
2025-06-06 19:39:37.653 [info] > git rev-parse --show-toplevel [0ms]
2025-06-06 19:39:37.656 [info] > git rev-parse --show-toplevel [1ms]
2025-06-06 19:39:37.658 [info] > git rev-parse --show-toplevel [0ms]
2025-06-06 19:39:42.139 [info] > git config --get commit.template [3ms]
2025-06-06 19:39:42.140 [info] > git for-each-ref --format=%(refname)%00%(upstream:short)%00%(objectname)%00%(upstream:track)%00%(upstream:remotename)%00%(upstream:remoteref) refs/heads/stable refs/remotes/stable [1ms]
2025-06-06 19:39:42.142 [warning] [Git][revParse] Unable to read file: ENOENT: no such file or directory, open '/home/caroulder/AFLplusplus/.git/refs/remotes/origin/stable'
2025-06-06 19:39:42.143 [info] > git rev-parse refs/remotes/origin/stable [1ms]
2025-06-06 19:39:42.148 [info] > git status -z -uall [3ms]
2025-06-06 19:39:42.153 [info] > git for-each-ref --format=%(refname)%00%(upstream:short)%00%(objectname)%00%(upstream:track)%00%(upstream:remotename)%00%(upstream:remoteref) refs/heads/stable refs/remotes/stable [2ms]
2025-06-06 19:39:42.157 [info] > git config --local branch.stable.vscode-merge-base [1ms]
2025-06-06 19:39:42.160 [info] > git for-each-ref --format=%(refname)%00%(upstream:short)%00%(objectname)%00%(upstream:track)%00%(upstream:remotename)%00%(upstream:remoteref) refs/heads/origin/stable refs/remotes/origin/stable [0ms]
2025-06-06 19:39:42.659 [info] > git rev-parse --show-toplevel [1ms]
2025-06-06 19:39:42.662 [info] > git rev-parse --show-toplevel [1ms]
2025-06-06 19:39:42.664 [info] > git rev-parse --show-toplevel [0ms]
2025-06-06 19:39:42.667 [info] > git rev-parse --show-toplevel [0ms]
2025-06-06 19:39:42.670 [info] > git rev-parse --show-toplevel [1ms]
2025-06-06 19:39:42.673 [info] > git rev-parse --show-toplevel [1ms]
2025-06-06 19:39:42.675 [info] > git rev-parse --show-toplevel [0ms]
2025-06-06 19:39:42.678 [info] > git rev-parse --show-toplevel [1ms]
2025-06-06 19:39:42.681 [info] > git rev-parse --show-toplevel [0ms]
2025-06-06 19:39:47.165 [info] > git config --get commit.template [4ms]
2025-06-06 19:39:47.165 [info] > git for-each-ref --format=%(refname)%00%(upstream:short)%00%(objectname)%00%(upstream:track)%00%(upstream:remotename)%00%(upstream:remoteref) refs/heads/stable refs/remotes/stable [1ms]
2025-06-06 19:39:47.167 [warning] [Git][revParse] Unable to read file: ENOENT: no such file or directory, open '/home/caroulder/AFLplusplus/.git/refs/remotes/origin/stable'
2025-06-06 19:39:47.168 [info] > git rev-parse refs/remotes/origin/stable [1ms]
2025-06-06 19:39:47.173 [info] > git status -z -uall [3ms]
2025-06-06 19:39:47.178 [info] > git for-each-ref --format=%(refname)%00%(upstream:short)%00%(objectname)%00%(upstream:track)%00%(upstream:remotename)%00%(upstream:remoteref) refs/heads/stable refs/remotes/stable [2ms]
2025-06-06 19:39:47.182 [info] > git config --local branch.stable.vscode-merge-base [0ms]
2025-06-06 19:39:47.184 [info] > git for-each-ref --format=%(refname)%00%(upstream:short)%00%(objectname)%00%(upstream:track)%00%(upstream:remotename)%00%(upstream:remoteref) refs/heads/origin/stable refs/remotes/origin/stable [0ms]
2025-06-06 19:39:47.682 [info] > git rev-parse --show-toplevel [1ms]
2025-06-06 19:39:47.685 [info] > git rev-parse --show-toplevel [1ms]
2025-06-06 19:39:47.688 [info] > git rev-parse --show-toplevel [1ms]
2025-06-06 19:39:47.690 [info] > git rev-parse --show-toplevel [0ms]
2025-06-06 19:39:47.693 [info] > git rev-parse --show-toplevel [1ms]
2025-06-06 19:39:47.696 [info] > git rev-parse --show-toplevel [1ms]
2025-06-06 19:39:47.698 [info] > git rev-parse --show-toplevel [0ms]
2025-06-06 19:39:47.701 [info] > git rev-parse --show-toplevel [0ms]
2025-06-06 19:39:47.704 [info] > git rev-parse --show-toplevel [1ms]
2025-06-06 19:39:52.192 [info] > git config --get commit.template [3ms]
2025-06-06 19:39:52.193 [info] > git for-each-ref --format=%(refname)%00%(upstream:short)%00%(objectname)%00%(upstream:track)%00%(upstream:remotename)%00%(upstream:remoteref) refs/heads/stable refs/remotes/stable [1ms]
2025-06-06 19:39:52.195 [warning] [Git][revParse] Unable to read file: ENOENT: no such file or directory, open '/home/caroulder/AFLplusplus/.git/refs/remotes/origin/stable'
2025-06-06 19:39:52.196 [info] > git rev-parse refs/remotes/origin/stable [1ms]
2025-06-06 19:39:52.201 [info] > git status -z -uall [3ms]
2025-06-06 19:39:52.206 [info] > git for-each-ref --format=%(refname)%00%(upstream:short)%00%(objectname)%00%(upstream:track)%00%(upstream:remotename)%00%(upstream:remoteref) refs/heads/stable refs/remotes/stable [2ms]
2025-06-06 19:39:52.209 [info] > git config --local branch.stable.vscode-merge-base [1ms]
2025-06-06 19:39:52.212 [info] > git for-each-ref --format=%(refname)%00%(upstream:short)%00%(objectname)%00%(upstream:track)%00%(upstream:remotename)%00%(upstream:remoteref) refs/heads/origin/stable refs/remotes/origin/stable [0ms]
2025-06-06 19:39:52.715 [info] > git rev-parse --show-toplevel [1ms]
2025-06-06 19:39:52.720 [info] > git rev-parse --show-toplevel [1ms]
2025-06-06 19:39:52.723 [info] > git rev-parse --show-toplevel [1ms]
2025-06-06 19:39:52.726 [info] > git rev-parse --show-toplevel [1ms]
2025-06-06 19:39:52.728 [info] > git rev-parse --show-toplevel [0ms]
2025-06-06 19:39:52.731 [info] > git rev-parse --show-toplevel [0ms]
2025-06-06 19:39:52.734 [info] > git rev-parse --show-toplevel [0ms]
2025-06-06 19:39:52.737 [info] > git rev-parse --show-toplevel [1ms]
2025-06-06 19:39:52.740 [info] > git rev-parse --show-toplevel [1ms]
2025-06-06 19:39:57.216 [info] > git config --get commit.template [1ms]
2025-06-06 19:39:57.220 [info] > git for-each-ref --format=%(refname)%00%(upstream:short)%00%(objectname)%00%(upstream:track)%00%(upstream:remotename)%00%(upstream:remoteref) refs/heads/stable refs/remotes/stable [1ms]
2025-06-06 19:39:57.223 [warning] [Git][revParse] Unable to read file: ENOENT: no such file or directory, open '/home/caroulder/AFLplusplus/.git/refs/remotes/origin/stable'
2025-06-06 19:39:57.223 [info] > git rev-parse refs/remotes/origin/stable [0ms]
2025-06-06 19:39:57.229 [info] > git status -z -uall [4ms]
2025-06-06 19:39:57.234 [info] > git for-each-ref --format=%(refname)%00%(upstream:short)%00%(objectname)%00%(upstream:track)%00%(upstream:remotename)%00%(upstream:remoteref) refs/heads/stable refs/remotes/stable [2ms]
2025-06-06 19:39:57.237 [info] > git config --local branch.stable.vscode-merge-base [1ms]
2025-06-06 19:39:57.240 [info] > git for-each-ref --format=%(refname)%00%(upstream:short)%00%(objectname)%00%(upstream:track)%00%(upstream:remotename)%00%(upstream:remoteref) refs/heads/origin/stable refs/remotes/origin/stable [1ms]
2025-06-06 19:39:57.739 [info] > git rev-parse --show-toplevel [1ms]
2025-06-06 19:39:57.742 [info] > git rev-parse --show-toplevel [1ms]
2025-06-06 19:39:57.744 [info] > git rev-parse --show-toplevel [0ms]
2025-06-06 19:39:57.747 [info] > git rev-parse --show-toplevel [0ms]
2025-06-06 19:39:57.749 [info] > git rev-parse --show-toplevel [0ms]
2025-06-06 19:39:57.752 [info] > git rev-parse --show-toplevel [1ms]
2025-06-06 19:39:57.755 [info] > git rev-parse --show-toplevel [1ms]
2025-06-06 19:39:57.758 [info] > git rev-parse --show-toplevel [1ms]
2025-06-06 19:39:57.760 [info] > git rev-parse --show-toplevel [0ms]
2025-06-06 19:40:02.246 [info] > git config --get commit.template [1ms]
2025-06-06 19:40:02.250 [info] > git for-each-ref --format=%(refname)%00%(upstream:short)%00%(objectname)%00%(upstream:track)%00%(upstream:remotename)%00%(upstream:remoteref) refs/heads/stable refs/remotes/stable [0ms]
2025-06-06 19:40:02.253 [warning] [Git][revParse] Unable to read file: ENOENT: no such file or directory, open '/home/caroulder/AFLplusplus/.git/refs/remotes/origin/stable'
2025-06-06 19:40:02.253 [info] > git rev-parse refs/remotes/origin/stable [0ms]
2025-06-06 19:40:02.259 [info] > git status -z -uall [4ms]
2025-06-06 19:40:02.264 [info] > git for-each-ref --format=%(refname)%00%(upstream:short)%00%(objectname)%00%(upstream:track)%00%(upstream:remotename)%00%(upstream:remoteref) refs/heads/stable refs/remotes/stable [2ms]
2025-06-06 19:40:02.268 [info] > git config --local branch.stable.vscode-merge-base [1ms]
2025-06-06 19:40:02.271 [info] > git for-each-ref --format=%(refname)%00%(upstream:short)%00%(objectname)%00%(upstream:track)%00%(upstream:remotename)%00%(upstream:remoteref) refs/heads/origin/stable refs/remotes/origin/stable [1ms]
2025-06-06 19:40:02.773 [info] > git rev-parse --show-toplevel [1ms]
2025-06-06 19:40:02.776 [info] > git rev-parse --show-toplevel [0ms]
2025-06-06 19:40:02.779 [info] > git rev-parse --show-toplevel [0ms]
2025-06-06 19:40:02.782 [info] > git rev-parse --show-toplevel [1ms]
2025-06-06 19:40:02.784 [info] > git rev-parse --show-toplevel [0ms]
2025-06-06 19:40:02.787 [info] > git rev-parse --show-toplevel [1ms]
2025-06-06 19:40:02.789 [info] > git rev-parse --show-toplevel [0ms]
2025-06-06 19:40:02.792 [info] > git rev-parse --show-toplevel [1ms]
2025-06-06 19:40:02.794 [info] > git rev-parse --show-toplevel [0ms]
2025-06-06 19:40:07.277 [info] > git config --get commit.template [2ms]
2025-06-06 19:40:07.281 [info] > git for-each-ref --format=%(refname)%00%(upstream:short)%00%(objectname)%00%(upstream:track)%00%(upstream:remotename)%00%(upstream:remoteref) refs/heads/stable refs/remotes/stable [1ms]
2025-06-06 19:40:07.283 [warning] [Git][revParse] Unable to read file: ENOENT: no such file or directory, open '/home/caroulder/AFLplusplus/.git/refs/remotes/origin/stable'
2025-06-06 19:40:07.284 [info] > git rev-parse refs/remotes/origin/stable [1ms]
2025-06-06 19:40:07.290 [info] > git status -z -uall [4ms]
2025-06-06 19:40:07.294 [info] > git for-each-ref --format=%(refname)%00%(upstream:short)%00%(objectname)%00%(upstream:track)%00%(upstream:remotename)%00%(upstream:remoteref) refs/heads/stable refs/remotes/stable [2ms]
2025-06-06 19:40:07.300 [info] > git config --local branch.stable.vscode-merge-base [2ms]
2025-06-06 19:40:07.308 [info] > git for-each-ref --format=%(refname)%00%(upstream:short)%00%(objectname)%00%(upstream:track)%00%(upstream:remotename)%00%(upstream:remoteref) refs/heads/origin/stable refs/remotes/origin/stable [2ms]
2025-06-06 19:40:07.798 [info] > git rev-parse --show-toplevel [1ms]
2025-06-06 19:40:07.801 [info] > git rev-parse --show-toplevel [0ms]
2025-06-06 19:40:07.804 [info] > git rev-parse --show-toplevel [1ms]
2025-06-06 19:40:07.806 [info] > git rev-parse --show-toplevel [0ms]
2025-06-06 19:40:07.809 [info] > git rev-parse --show-toplevel [0ms]
2025-06-06 19:40:07.812 [info] > git rev-parse --show-toplevel [1ms]
2025-06-06 19:40:07.815 [info] > git rev-parse --show-toplevel [1ms]
2025-06-06 19:40:07.817 [info] > git rev-parse --show-toplevel [0ms]
2025-06-06 19:40:07.820 [info] > git rev-parse --show-toplevel [1ms]
2025-06-06 19:40:12.306 [info] > git config --get commit.template [1ms]
2025-06-06 19:40:12.310 [info] > git for-each-ref --format=%(refname)%00%(upstream:short)%00%(objectname)%00%(upstream:track)%00%(upstream:remotename)%00%(upstream:remoteref) refs/heads/stable refs/remotes/stable [0ms]
2025-06-06 19:40:12.313 [warning] [Git][revParse] Unable to read file: ENOENT: no such file or directory, open '/home/caroulder/AFLplusplus/.git/refs/remotes/origin/stable'
2025-06-06 19:40:12.313 [info] > git rev-parse refs/remotes/origin/stable [0ms]
2025-06-06 19:40:12.321 [info] > git status -z -uall [4ms]
2025-06-06 19:40:12.327 [info] > git for-each-ref --format=%(refname)%00%(upstream:short)%00%(objectname)%00%(upstream:track)%00%(upstream:remotename)%00%(upstream:remoteref) refs/heads/stable refs/remotes/stable [3ms]
2025-06-06 19:40:12.330 [info] > git config --local branch.stable.vscode-merge-base [1ms]
2025-06-06 19:40:12.333 [info] > git for-each-ref --format=%(refname)%00%(upstream:short)%00%(objectname)%00%(upstream:track)%00%(upstream:remotename)%00%(upstream:remoteref) refs/heads/origin/stable refs/remotes/origin/stable [1ms]
2025-06-06 19:40:12.836 [info] > git rev-parse --show-toplevel [1ms]
2025-06-06 19:40:12.839 [info] > git rev-parse --show-toplevel [0ms]
2025-06-06 19:40:12.842 [info] > git rev-parse --show-toplevel [0ms]
2025-06-06 19:40:12.846 [info] > git rev-parse --show-toplevel [1ms]
2025-06-06 19:40:12.849 [info] > git rev-parse --show-toplevel [1ms]
2025-06-06 19:40:12.852 [info] > git rev-parse --show-toplevel [1ms]
2025-06-06 19:40:12.855 [info] > git rev-parse --show-toplevel [1ms]
2025-06-06 19:40:12.857 [info] > git rev-parse --show-toplevel [0ms]
2025-06-06 19:40:12.860 [info] > git rev-parse --show-toplevel [0ms]
2025-06-06 19:40:17.341 [info] > git config --get commit.template [3ms]
2025-06-06 19:40:17.342 [info] > git for-each-ref --format=%(refname)%00%(upstream:short)%00%(objectname)%00%(upstream:track)%00%(upstream:remotename)%00%(upstream:remoteref) refs/heads/stable refs/remotes/stable [1ms]
2025-06-06 19:40:17.344 [warning] [Git][revParse] Unable to read file: ENOENT: no such file or directory, open '/home/caroulder/AFLplusplus/.git/refs/remotes/origin/stable'
2025-06-06 19:40:17.345 [info] > git rev-parse refs/remotes/origin/stable [1ms]
2025-06-06 19:40:17.350 [info] > git status -z -uall [3ms]
2025-06-06 19:40:17.355 [info] > git for-each-ref --format=%(refname)%00%(upstream:short)%00%(objectname)%00%(upstream:track)%00%(upstream:remotename)%00%(upstream:remoteref) refs/heads/stable refs/remotes/stable [2ms]
2025-06-06 19:40:17.358 [info] > git config --local branch.stable.vscode-merge-base [1ms]
2025-06-06 19:40:17.361 [info] > git for-each-ref --format=%(refname)%00%(upstream:short)%00%(objectname)%00%(upstream:track)%00%(upstream:remotename)%00%(upstream:remoteref) refs/heads/origin/stable refs/remotes/origin/stable [0ms]
2025-06-06 19:40:17.862 [info] > git rev-parse --show-toplevel [1ms]
2025-06-06 19:40:17.866 [info] > git rev-parse --show-toplevel [1ms]
2025-06-06 19:40:17.869 [info] > git rev-parse --show-toplevel [1ms]
2025-06-06 19:40:17.871 [info] > git rev-parse --show-toplevel [0ms]
2025-06-06 19:40:17.874 [info] > git rev-parse --show-toplevel [0ms]
2025-06-06 19:40:17.877 [info] > git rev-parse --show-toplevel [0ms]
2025-06-06 19:40:17.879 [info] > git rev-parse --show-toplevel [0ms]
2025-06-06 19:40:17.882 [info] > git rev-parse --show-toplevel [1ms]
2025-06-06 19:40:17.885 [info] > git rev-parse --show-toplevel [1ms]
2025-06-06 19:40:22.365 [info] > git config --get commit.template [4ms]
2025-06-06 19:40:22.365 [info] > git for-each-ref --format=%(refname)%00%(upstream:short)%00%(objectname)%00%(upstream:track)%00%(upstream:remotename)%00%(upstream:remoteref) refs/heads/stable refs/remotes/stable [1ms]
2025-06-06 19:40:22.368 [warning] [Git][revParse] Unable to read file: ENOENT: no such file or directory, open '/home/caroulder/AFLplusplus/.git/refs/remotes/origin/stable'
2025-06-06 19:40:22.368 [info] > git rev-parse refs/remotes/origin/stable [1ms]
2025-06-06 19:40:22.374 [info] > git status -z -uall [4ms]
2025-06-06 19:40:22.378 [info] > git for-each-ref --format=%(refname)%00%(upstream:short)%00%(objectname)%00%(upstream:track)%00%(upstream:remotename)%00%(upstream:remoteref) refs/heads/stable refs/remotes/stable [1ms]
2025-06-06 19:40:22.382 [info] > git config --local branch.stable.vscode-merge-base [0ms]
2025-06-06 19:40:22.385 [info] > git for-each-ref --format=%(refname)%00%(upstream:short)%00%(objectname)%00%(upstream:track)%00%(upstream:remotename)%00%(upstream:remoteref) refs/heads/origin/stable refs/remotes/origin/stable [1ms]
2025-06-06 19:40:22.889 [info] > git rev-parse --show-toplevel [1ms]
2025-06-06 19:40:22.893 [info] > git rev-parse --show-toplevel [0ms]
2025-06-06 19:40:22.896 [info] > git rev-parse --show-toplevel [0ms]
2025-06-06 19:40:22.899 [info] > git rev-parse --show-toplevel [0ms]
2025-06-06 19:40:22.902 [info] > git rev-parse --show-toplevel [0ms]
2025-06-06 19:40:22.904 [info] > git rev-parse --show-toplevel [0ms]
2025-06-06 19:40:22.907 [info] > git rev-parse --show-toplevel [0ms]
2025-06-06 19:40:22.910 [info] > git rev-parse --show-toplevel [0ms]
2025-06-06 19:40:22.913 [info] > git rev-parse --show-toplevel [1ms]
2025-06-06 19:40:27.390 [info] > git config --get commit.template [1ms]
2025-06-06 19:40:27.394 [info] > git for-each-ref --format=%(refname)%00%(upstream:short)%00%(objectname)%00%(upstream:track)%00%(upstream:remotename)%00%(upstream:remoteref) refs/heads/stable refs/remotes/stable [1ms]
2025-06-06 19:40:27.396 [warning] [Git][revParse] Unable to read file: ENOENT: no such file or directory, open '/home/caroulder/AFLplusplus/.git/refs/remotes/origin/stable'
2025-06-06 19:40:27.397 [info] > git rev-parse refs/remotes/origin/stable [0ms]
2025-06-06 19:40:27.402 [info] > git status -z -uall [3ms]
2025-06-06 19:40:27.407 [info] > git for-each-ref --format=%(refname)%00%(upstream:short)%00%(objectname)%00%(upstream:track)%00%(upstream:remotename)%00%(upstream:remoteref) refs/heads/stable refs/remotes/stable [2ms]
2025-06-06 19:40:27.410 [info] > git config --local branch.stable.vscode-merge-base [1ms]
2025-06-06 19:40:27.413 [info] > git for-each-ref --format=%(refname)%00%(upstream:short)%00%(objectname)%00%(upstream:track)%00%(upstream:remotename)%00%(upstream:remoteref) refs/heads/origin/stable refs/remotes/origin/stable [0ms]
2025-06-06 19:40:27.915 [info] > git rev-parse --show-toplevel [1ms]
2025-06-06 19:40:27.919 [info] > git rev-parse --show-toplevel [1ms]
2025-06-06 19:40:27.922 [info] > git rev-parse --show-toplevel [1ms]
2025-06-06 19:40:27.939 [info] > git rev-parse --show-toplevel [0ms]
2025-06-06 19:40:27.942 [info] > git rev-parse --show-toplevel [0ms]
2025-06-06 19:40:27.945 [info] > git rev-parse --show-toplevel [1ms]
2025-06-06 19:40:27.948 [info] > git rev-parse --show-toplevel [1ms]
2025-06-06 19:40:27.951 [info] > git rev-parse --show-toplevel [0ms]
2025-06-06 19:40:27.954 [info] > git rev-parse --show-toplevel [0ms]
2025-06-06 19:40:32.417 [info] > git config --get commit.template [1ms]
2025-06-06 19:40:32.420 [info] > git for-each-ref --format=%(refname)%00%(upstream:short)%00%(objectname)%00%(upstream:track)%00%(upstream:remotename)%00%(upstream:remoteref) refs/heads/stable refs/remotes/stable [0ms]
2025-06-06 19:40:32.423 [warning] [Git][revParse] Unable to read file: ENOENT: no such file or directory, open '/home/caroulder/AFLplusplus/.git/refs/remotes/origin/stable'
2025-06-06 19:40:32.423 [info] > git rev-parse refs/remotes/origin/stable [1ms]
2025-06-06 19:40:32.428 [info] > git status -z -uall [3ms]
2025-06-06 19:40:32.435 [info] > git for-each-ref --format=%(refname)%00%(upstream:short)%00%(objectname)%00%(upstream:track)%00%(upstream:remotename)%00%(upstream:remoteref) refs/heads/stable refs/remotes/stable [4ms]
2025-06-06 19:40:32.439 [info] > git config --local branch.stable.vscode-merge-base [1ms]
2025-06-06 19:40:32.442 [info] > git for-each-ref --format=%(refname)%00%(upstream:short)%00%(objectname)%00%(upstream:track)%00%(upstream:remotename)%00%(upstream:remoteref) refs/heads/origin/stable refs/remotes/origin/stable [1ms]
2025-06-06 19:40:32.942 [info] > git rev-parse --show-toplevel [1ms]
2025-06-06 19:40:32.946 [info] > git rev-parse --show-toplevel [0ms]
2025-06-06 19:40:32.949 [info] > git rev-parse --show-toplevel [1ms]
2025-06-06 19:40:32.951 [info] > git rev-parse --show-toplevel [0ms]
2025-06-06 19:40:32.954 [info] > git rev-parse --show-toplevel [0ms]
2025-06-06 19:40:32.956 [info] > git rev-parse --show-toplevel [0ms]
2025-06-06 19:40:32.959 [info] > git rev-parse --show-toplevel [1ms]
2025-06-06 19:40:32.964 [info] > git rev-parse --show-toplevel [0ms]
2025-06-06 19:40:32.967 [info] > git rev-parse --show-toplevel [0ms]
2025-06-06 19:40:37.446 [info] > git config --get commit.template [1ms]
2025-06-06 19:40:37.449 [info] > git for-each-ref --format=%(refname)%00%(upstream:short)%00%(objectname)%00%(upstream:track)%00%(upstream:remotename)%00%(upstream:remoteref) refs/heads/stable refs/remotes/stable [0ms]
2025-06-06 19:40:37.452 [warning] [Git][revParse] Unable to read file: ENOENT: no such file or directory, open '/home/caroulder/AFLplusplus/.git/refs/remotes/origin/stable'
2025-06-06 19:40:37.452 [info] > git rev-parse refs/remotes/origin/stable [0ms]
2025-06-06 19:40:37.458 [info] > git status -z -uall [3ms]
2025-06-06 19:40:37.463 [info] > git for-each-ref --format=%(refname)%00%(upstream:short)%00%(objectname)%00%(upstream:track)%00%(upstream:remotename)%00%(upstream:remoteref) refs/heads/stable refs/remotes/stable [2ms]
2025-06-06 19:40:37.467 [info] > git config --local branch.stable.vscode-merge-base [1ms]
2025-06-06 19:40:37.470 [info] > git for-each-ref --format=%(refname)%00%(upstream:short)%00%(objectname)%00%(upstream:track)%00%(upstream:remotename)%00%(upstream:remoteref) refs/heads/origin/stable refs/remotes/origin/stable [0ms]
2025-06-06 19:40:37.967 [info] > git rev-parse --show-toplevel [1ms]
2025-06-06 19:40:37.971 [info] > git rev-parse --show-toplevel [2ms]
2025-06-06 19:40:37.975 [info] > git rev-parse --show-toplevel [1ms]
2025-06-06 19:40:37.978 [info] > git rev-parse --show-toplevel [0ms]
2025-06-06 19:40:37.981 [info] > git rev-parse --show-toplevel [0ms]
2025-06-06 19:40:37.984 [info] > git rev-parse --show-toplevel [0ms]
2025-06-06 19:40:37.988 [info] > git rev-parse --show-toplevel [0ms]
2025-06-06 19:40:37.991 [info] > git rev-parse --show-toplevel [0ms]
2025-06-06 19:40:37.994 [info] > git rev-parse --show-toplevel [0ms]
2025-06-06 19:40:42.474 [info] > git config --get commit.template [2ms]
2025-06-06 19:40:42.477 [info] > git for-each-ref --format=%(refname)%00%(upstream:short)%00%(objectname)%00%(upstream:track)%00%(upstream:remotename)%00%(upstream:remoteref) refs/heads/stable refs/remotes/stable [0ms]
2025-06-06 19:40:42.481 [warning] [Git][revParse] Unable to read file: ENOENT: no such file or directory, open '/home/caroulder/AFLplusplus/.git/refs/remotes/origin/stable'
2025-06-06 19:40:42.481 [info] > git rev-parse refs/remotes/origin/stable [0ms]
2025-06-06 19:40:42.494 [info] > git status -z -uall [3ms]
2025-06-06 19:40:42.499 [info] > git for-each-ref --format=%(refname)%00%(upstream:short)%00%(objectname)%00%(upstream:track)%00%(upstream:remotename)%00%(upstream:remoteref) refs/heads/stable refs/remotes/stable [2ms]
2025-06-06 19:40:42.503 [info] > git config --local branch.stable.vscode-merge-base [0ms]
2025-06-06 19:40:42.507 [info] > git for-each-ref --format=%(refname)%00%(upstream:short)%00%(objectname)%00%(upstream:track)%00%(upstream:remotename)%00%(upstream:remoteref) refs/heads/origin/stable refs/remotes/origin/stable [1ms]
2025-06-06 19:40:43.004 [info] > git rev-parse --show-toplevel [1ms]
2025-06-06 19:40:43.007 [info] > git rev-parse --show-toplevel [1ms]
2025-06-06 19:40:43.010 [info] > git rev-parse --show-toplevel [0ms]
2025-06-06 19:40:43.013 [info] > git rev-parse --show-toplevel [0ms]
2025-06-06 19:40:43.016 [info] > git rev-parse --show-toplevel [0ms]
2025-06-06 19:40:43.020 [info] > git rev-parse --show-toplevel [1ms]
2025-06-06 19:40:43.023 [info] > git rev-parse --show-toplevel [1ms]
2025-06-06 19:40:43.026 [info] > git rev-parse --show-toplevel [1ms]
2025-06-06 19:40:43.029 [info] > git rev-parse --show-toplevel [1ms]
2025-06-06 19:40:47.512 [info] > git config --get commit.template [3ms]
2025-06-06 19:40:47.512 [info] > git for-each-ref --format=%(refname)%00%(upstream:short)%00%(objectname)%00%(upstream:track)%00%(upstream:remotename)%00%(upstream:remoteref) refs/heads/stable refs/remotes/stable [0ms]
2025-06-06 19:40:47.515 [warning] [Git][revParse] Unable to read file: ENOENT: no such file or directory, open '/home/caroulder/AFLplusplus/.git/refs/remotes/origin/stable'
2025-06-06 19:40:47.515 [info] > git rev-parse refs/remotes/origin/stable [0ms]
2025-06-06 19:40:47.520 [info] > git status -z -uall [3ms]
2025-06-06 19:40:47.527 [info] > git for-each-ref --format=%(refname)%00%(upstream:short)%00%(objectname)%00%(upstream:track)%00%(upstream:remotename)%00%(upstream:remoteref) refs/heads/stable refs/remotes/stable [2ms]
2025-06-06 19:40:47.529 [info] > git config --local branch.stable.vscode-merge-base [0ms]
2025-06-06 19:40:47.532 [info] > git for-each-ref --format=%(refname)%00%(upstream:short)%00%(objectname)%00%(upstream:track)%00%(upstream:remotename)%00%(upstream:remoteref) refs/heads/origin/stable refs/remotes/origin/stable [0ms]
2025-06-06 19:40:48.032 [info] > git rev-parse --show-toplevel [1ms]
2025-06-06 19:40:48.036 [info] > git rev-parse --show-toplevel [0ms]
2025-06-06 19:40:48.039 [info] > git rev-parse --show-toplevel [1ms]
2025-06-06 19:40:48.042 [info] > git rev-parse --show-toplevel [1ms]
2025-06-06 19:40:48.045 [info] > git rev-parse --show-toplevel [0ms]
2025-06-06 19:40:48.048 [info] > git rev-parse --show-toplevel [0ms]
2025-06-06 19:40:48.051 [info] > git rev-parse --show-toplevel [0ms]
2025-06-06 19:40:48.054 [info] > git rev-parse --show-toplevel [0ms]
2025-06-06 19:40:48.057 [info] > git rev-parse --show-toplevel [0ms]
2025-06-06 19:40:52.541 [info] > git config --get commit.template [5ms]
2025-06-06 19:40:52.542 [info] > git for-each-ref --format=%(refname)%00%(upstream:short)%00%(objectname)%00%(upstream:track)%00%(upstream:remotename)%00%(upstream:remoteref) refs/heads/stable refs/remotes/stable [1ms]
2025-06-06 19:40:52.544 [warning] [Git][revParse] Unable to read file: ENOENT: no such file or directory, open '/home/caroulder/AFLplusplus/.git/refs/remotes/origin/stable'
2025-06-06 19:40:52.544 [info] > git rev-parse refs/remotes/origin/stable [0ms]
2025-06-06 19:40:52.550 [info] > git status -z -uall [3ms]
2025-06-06 19:40:52.555 [info] > git for-each-ref --format=%(refname)%00%(upstream:short)%00%(objectname)%00%(upstream:track)%00%(upstream:remotename)%00%(upstream:remoteref) refs/heads/stable refs/remotes/stable [2ms]
2025-06-06 19:40:52.558 [info] > git config --local branch.stable.vscode-merge-base [1ms]
2025-06-06 19:40:52.561 [info] > git for-each-ref --format=%(refname)%00%(upstream:short)%00%(objectname)%00%(upstream:track)%00%(upstream:remotename)%00%(upstream:remoteref) refs/heads/origin/stable refs/remotes/origin/stable [1ms]
2025-06-06 19:40:53.059 [info] > git rev-parse --show-toplevel [1ms]
2025-06-06 19:40:53.062 [info] > git rev-parse --show-toplevel [0ms]
2025-06-06 19:40:53.066 [info] > git rev-parse --show-toplevel [1ms]
2025-06-06 19:40:53.069 [info] > git rev-parse --show-toplevel [1ms]
2025-06-06 19:40:53.072 [info] > git rev-parse --show-toplevel [1ms]
2025-06-06 19:40:53.075 [info] > git rev-parse --show-toplevel [1ms]
2025-06-06 19:40:53.078 [info] > git rev-parse --show-toplevel [1ms]
2025-06-06 19:40:53.081 [info] > git rev-parse --show-toplevel [1ms]
2025-06-06 19:40:53.084 [info] > git rev-parse --show-toplevel [0ms]
2025-06-06 19:40:57.566 [info] > git config --get commit.template [4ms]
2025-06-06 19:40:57.566 [info] > git for-each-ref --format=%(refname)%00%(upstream:short)%00%(objectname)%00%(upstream:track)%00%(upstream:remotename)%00%(upstream:remoteref) refs/heads/stable refs/remotes/stable [1ms]
2025-06-06 19:40:57.568 [warning] [Git][revParse] Unable to read file: ENOENT: no such file or directory, open '/home/caroulder/AFLplusplus/.git/refs/remotes/origin/stable'
2025-06-06 19:40:57.569 [info] > git rev-parse refs/remotes/origin/stable [1ms]
2025-06-06 19:40:57.574 [info] > git status -z -uall [3ms]
2025-06-06 19:40:57.600 [info] > git for-each-ref --format=%(refname)%00%(upstream:short)%00%(objectname)%00%(upstream:track)%00%(upstream:remotename)%00%(upstream:remoteref) refs/heads/stable refs/remotes/stable [2ms]
2025-06-06 19:40:57.606 [info] > git config --local branch.stable.vscode-merge-base [1ms]
2025-06-06 19:40:57.614 [info] > git for-each-ref --format=%(refname)%00%(upstream:short)%00%(objectname)%00%(upstream:track)%00%(upstream:remotename)%00%(upstream:remoteref) refs/heads/origin/stable refs/remotes/origin/stable [1ms]
2025-06-06 19:40:58.104 [info] > git rev-parse --show-toplevel [0ms]
2025-06-06 19:40:58.107 [info] > git rev-parse --show-toplevel [0ms]
2025-06-06 19:40:58.111 [info] > git rev-parse --show-toplevel [1ms]
2025-06-06 19:40:58.114 [info] > git rev-parse --show-toplevel [1ms]
2025-06-06 19:40:58.117 [info] > git rev-parse --show-toplevel [0ms]
2025-06-06 19:40:58.120 [info] > git rev-parse --show-toplevel [1ms]
2025-06-06 19:40:58.123 [info] > git rev-parse --show-toplevel [1ms]
2025-06-06 19:40:58.126 [info] > git rev-parse --show-toplevel [1ms]
2025-06-06 19:40:58.129 [info] > git rev-parse --show-toplevel [1ms]
2025-06-06 19:41:02.612 [info] > git config --get commit.template [1ms]
2025-06-06 19:41:02.615 [info] > git for-each-ref --format=%(refname)%00%(upstream:short)%00%(objectname)%00%(upstream:track)%00%(upstream:remotename)%00%(upstream:remoteref) refs/heads/stable refs/remotes/stable [1ms]
2025-06-06 19:41:02.617 [warning] [Git][revParse] Unable to read file: ENOENT: no such file or directory, open '/home/caroulder/AFLplusplus/.git/refs/remotes/origin/stable'
2025-06-06 19:41:02.618 [info] > git rev-parse refs/remotes/origin/stable [1ms]
2025-06-06 19:41:02.624 [info] > git status -z -uall [4ms]
2025-06-06 19:41:02.629 [info] > git for-each-ref --format=%(refname)%00%(upstream:short)%00%(objectname)%00%(upstream:track)%00%(upstream:remotename)%00%(upstream:remoteref) refs/heads/stable refs/remotes/stable [2ms]
2025-06-06 19:41:02.636 [info] > git config --local branch.stable.vscode-merge-base [0ms]
2025-06-06 19:41:02.639 [info] > git for-each-ref --format=%(refname)%00%(upstream:short)%00%(objectname)%00%(upstream:track)%00%(upstream:remotename)%00%(upstream:remoteref) refs/heads/origin/stable refs/remotes/origin/stable [1ms]
2025-06-06 19:41:03.133 [info] > git rev-parse --show-toplevel [1ms]
2025-06-06 19:41:03.137 [info] > git rev-parse --show-toplevel [1ms]
2025-06-06 19:41:03.140 [info] > git rev-parse --show-toplevel [0ms]
2025-06-06 19:41:03.143 [info] > git rev-parse --show-toplevel [0ms]
2025-06-06 19:41:03.147 [info] > git rev-parse --show-toplevel [1ms]
2025-06-06 19:41:03.150 [info] > git rev-parse --show-toplevel [0ms]
2025-06-06 19:41:03.154 [info] > git rev-parse --show-toplevel [1ms]
2025-06-06 19:41:03.157 [info] > git rev-parse --show-toplevel [0ms]
2025-06-06 19:41:03.160 [info] > git rev-parse --show-toplevel [0ms]
2025-06-06 19:41:07.636 [info] > git config --get commit.template [0ms]
2025-06-06 19:41:07.639 [info] > git for-each-ref --format=%(refname)%00%(upstream:short)%00%(objectname)%00%(upstream:track)%00%(upstream:remotename)%00%(upstream:remoteref) refs/heads/stable refs/remotes/stable [1ms]
2025-06-06 19:41:07.642 [warning] [Git][revParse] Unable to read file: ENOENT: no such file or directory, open '/home/caroulder/AFLplusplus/.git/refs/remotes/origin/stable'
2025-06-06 19:41:07.642 [info] > git rev-parse refs/remotes/origin/stable [0ms]
2025-06-06 19:41:07.648 [info] > git status -z -uall [4ms]
2025-06-06 19:41:07.653 [info] > git for-each-ref --format=%(refname)%00%(upstream:short)%00%(objectname)%00%(upstream:track)%00%(upstream:remotename)%00%(upstream:remoteref) refs/heads/stable refs/remotes/stable [2ms]
2025-06-06 19:41:07.657 [info] > git config --local branch.stable.vscode-merge-base [1ms]
2025-06-06 19:41:07.660 [info] > git for-each-ref --format=%(refname)%00%(upstream:short)%00%(objectname)%00%(upstream:track)%00%(upstream:remotename)%00%(upstream:remoteref) refs/heads/origin/stable refs/remotes/origin/stable [0ms]
2025-06-06 19:41:08.158 [info] > git rev-parse --show-toplevel [0ms]
2025-06-06 19:41:08.162 [info] > git rev-parse --show-toplevel [1ms]
2025-06-06 19:41:08.165 [info] > git rev-parse --show-toplevel [1ms]
2025-06-06 19:41:08.168 [info] > git rev-parse --show-toplevel [1ms]
2025-06-06 19:41:08.171 [info] > git rev-parse --show-toplevel [0ms]
2025-06-06 19:41:08.175 [info] > git rev-parse --show-toplevel [1ms]
2025-06-06 19:41:08.177 [info] > git rev-parse --show-toplevel [0ms]
2025-06-06 19:41:08.180 [info] > git rev-parse --show-toplevel [0ms]
2025-06-06 19:41:08.183 [info] > git rev-parse --show-toplevel [0ms]
2025-06-06 19:41:12.663 [info] > git config --get commit.template [3ms]
2025-06-06 19:41:12.664 [info] > git for-each-ref --format=%(refname)%00%(upstream:short)%00%(objectname)%00%(upstream:track)%00%(upstream:remotename)%00%(upstream:remoteref) refs/heads/stable refs/remotes/stable [1ms]
2025-06-06 19:41:12.666 [warning] [Git][revParse] Unable to read file: ENOENT: no such file or directory, open '/home/caroulder/AFLplusplus/.git/refs/remotes/origin/stable'
2025-06-06 19:41:12.666 [info] > git rev-parse refs/remotes/origin/stable [0ms]
2025-06-06 19:41:12.672 [info] > git status -z -uall [4ms]
2025-06-06 19:41:12.677 [info] > git for-each-ref --format=%(refname)%00%(upstream:short)%00%(objectname)%00%(upstream:track)%00%(upstream:remotename)%00%(upstream:remoteref) refs/heads/stable refs/remotes/stable [2ms]
2025-06-06 19:41:12.680 [info] > git config --local branch.stable.vscode-merge-base [1ms]
2025-06-06 19:41:12.683 [info] > git for-each-ref --format=%(refname)%00%(upstream:short)%00%(objectname)%00%(upstream:track)%00%(upstream:remotename)%00%(upstream:remoteref) refs/heads/origin/stable refs/remotes/origin/stable [0ms]
2025-06-06 19:41:13.181 [info] > git rev-parse --show-toplevel [1ms]
2025-06-06 19:41:13.184 [info] > git rev-parse --show-toplevel [0ms]
2025-06-06 19:41:13.188 [info] > git rev-parse --show-toplevel [0ms]
2025-06-06 19:41:13.191 [info] > git rev-parse --show-toplevel [0ms]
2025-06-06 19:41:13.194 [info] > git rev-parse --show-toplevel [0ms]
2025-06-06 19:41:13.197 [info] > git rev-parse --show-toplevel [0ms]
2025-06-06 19:41:13.200 [info] > git rev-parse --show-toplevel [0ms]
2025-06-06 19:41:13.203 [info] > git rev-parse --show-toplevel [0ms]
2025-06-06 19:41:13.206 [info] > git rev-parse --show-toplevel [0ms]
2025-06-06 19:41:17.735 [info] > git config --get commit.template [2ms]
2025-06-06 19:41:17.739 [info] > git for-each-ref --format=%(refname)%00%(upstream:short)%00%(objectname)%00%(upstream:track)%00%(upstream:remotename)%00%(upstream:remoteref) refs/heads/stable refs/remotes/stable [1ms]
2025-06-06 19:41:17.741 [warning] [Git][revParse] Unable to read file: ENOENT: no such file or directory, open '/home/caroulder/AFLplusplus/.git/refs/remotes/origin/stable'
2025-06-06 19:41:17.742 [info] > git rev-parse refs/remotes/origin/stable [1ms]
2025-06-06 19:41:17.748 [info] > git status -z -uall [4ms]
2025-06-06 19:41:17.754 [info] > git for-each-ref --format=%(refname)%00%(upstream:short)%00%(objectname)%00%(upstream:track)%00%(upstream:remotename)%00%(upstream:remoteref) refs/heads/stable refs/remotes/stable [2ms]
2025-06-06 19:41:17.759 [info] > git config --local branch.stable.vscode-merge-base [0ms]
2025-06-06 19:41:17.764 [info] > git for-each-ref --format=%(refname)%00%(upstream:short)%00%(objectname)%00%(upstream:track)%00%(upstream:remotename)%00%(upstream:remoteref) refs/heads/origin/stable refs/remotes/origin/stable [2ms]
2025-06-06 19:41:18.258 [info] > git rev-parse --show-toplevel [0ms]
2025-06-06 19:41:18.262 [info] > git rev-parse --show-toplevel [1ms]
2025-06-06 19:41:18.265 [info] > git rev-parse --show-toplevel [1ms]
2025-06-06 19:41:18.268 [info] > git rev-parse --show-toplevel [1ms]
2025-06-06 19:41:18.270 [info] > git rev-parse --show-toplevel [0ms]
2025-06-06 19:41:18.273 [info] > git rev-parse --show-toplevel [0ms]
2025-06-06 19:41:18.276 [info] > git rev-parse --show-toplevel [0ms]
2025-06-06 19:41:18.279 [info] > git rev-parse --show-toplevel [0ms]
2025-06-06 19:41:18.282 [info] > git rev-parse --show-toplevel [0ms]
2025-06-06 19:41:22.764 [info] > git config --get commit.template [3ms]
2025-06-06 19:41:22.765 [info] > git for-each-ref --format=%(refname)%00%(upstream:short)%00%(objectname)%00%(upstream:track)%00%(upstream:remotename)%00%(upstream:remoteref) refs/heads/stable refs/remotes/stable [1ms]
2025-06-06 19:41:22.767 [warning] [Git][revParse] Unable to read file: ENOENT: no such file or directory, open '/home/caroulder/AFLplusplus/.git/refs/remotes/origin/stable'
2025-06-06 19:41:22.768 [info] > git rev-parse refs/remotes/origin/stable [1ms]
2025-06-06 19:41:22.774 [info] > git status -z -uall [4ms]
2025-06-06 19:41:22.779 [info] > git for-each-ref --format=%(refname)%00%(upstream:short)%00%(objectname)%00%(upstream:track)%00%(upstream:remotename)%00%(upstream:remoteref) refs/heads/stable refs/remotes/stable [2ms]
2025-06-06 19:41:22.782 [info] > git config --local branch.stable.vscode-merge-base [1ms]
2025-06-06 19:41:22.786 [info] > git for-each-ref --format=%(refname)%00%(upstream:short)%00%(objectname)%00%(upstream:track)%00%(upstream:remotename)%00%(upstream:remoteref) refs/heads/origin/stable refs/remotes/origin/stable [1ms]
2025-06-06 19:41:23.283 [info] > git rev-parse --show-toplevel [1ms]
2025-06-06 19:41:23.287 [info] > git rev-parse --show-toplevel [1ms]
2025-06-06 19:41:23.291 [info] > git rev-parse --show-toplevel [1ms]
2025-06-06 19:41:23.294 [info] > git rev-parse --show-toplevel [1ms]
2025-06-06 19:41:23.297 [info] > git rev-parse --show-toplevel [1ms]
2025-06-06 19:41:23.300 [info] > git rev-parse --show-toplevel [0ms]
2025-06-06 19:41:23.304 [info] > git rev-parse --show-toplevel [1ms]
2025-06-06 19:41:23.307 [info] > git rev-parse --show-toplevel [1ms]
2025-06-06 19:41:23.310 [info] > git rev-parse --show-toplevel [1ms]
2025-06-06 19:43:40.261 [info] > git config --get commit.template [4ms]
2025-06-06 19:43:40.262 [info] > git for-each-ref --format=%(refname)%00%(upstream:short)%00%(objectname)%00%(upstream:track)%00%(upstream:remotename)%00%(upstream:remoteref) refs/heads/stable refs/remotes/stable [1ms]
2025-06-06 19:43:40.266 [warning] [Git][revParse] Unable to read file: ENOENT: no such file or directory, open '/home/caroulder/AFLplusplus/.git/refs/remotes/origin/stable'
2025-06-06 19:43:40.267 [info] > git rev-parse refs/remotes/origin/stable [0ms]
2025-06-06 19:43:40.274 [info] > git status -z -uall [4ms]
2025-06-06 19:43:40.280 [info] > git for-each-ref --format=%(refname)%00%(upstream:short)%00%(objectname)%00%(upstream:track)%00%(upstream:remotename)%00%(upstream:remoteref) refs/heads/stable refs/remotes/stable [2ms]
2025-06-06 19:43:40.284 [info] > git config --local branch.stable.vscode-merge-base [1ms]
2025-06-06 19:43:40.287 [info] > git for-each-ref --format=%(refname)%00%(upstream:short)%00%(objectname)%00%(upstream:track)%00%(upstream:remotename)%00%(upstream:remoteref) refs/heads/origin/stable refs/remotes/origin/stable [0ms]
2025-06-06 19:43:40.785 [info] > git rev-parse --show-toplevel [0ms]
2025-06-06 19:43:40.791 [info] > git rev-parse --show-toplevel [0ms]
2025-06-06 19:43:40.796 [info] > git rev-parse --show-toplevel [1ms]
2025-06-06 19:43:40.799 [info] > git rev-parse --show-toplevel [1ms]
2025-06-06 19:43:40.802 [info] > git rev-parse --show-toplevel [1ms]
2025-06-06 19:43:40.805 [info] > git rev-parse --show-toplevel [0ms]
2025-06-06 19:43:40.808 [info] > git rev-parse --show-toplevel [1ms]
2025-06-06 19:43:40.811 [info] > git rev-parse --show-toplevel [0ms]
2025-06-06 19:43:40.814 [info] > git rev-parse --show-toplevel [1ms]
2025-06-06 19:43:45.288 [info] > git config --get commit.template [1ms]
2025-06-06 19:43:45.291 [info] > git for-each-ref --format=%(refname)%00%(upstream:short)%00%(objectname)%00%(upstream:track)%00%(upstream:remotename)%00%(upstream:remoteref) refs/heads/stable refs/remotes/stable [0ms]
2025-06-06 19:43:45.294 [warning] [Git][revParse] Unable to read file: ENOENT: no such file or directory, open '/home/caroulder/AFLplusplus/.git/refs/remotes/origin/stable'
2025-06-06 19:43:45.295 [info] > git rev-parse refs/remotes/origin/stable [1ms]
2025-06-06 19:43:45.301 [info] > git status -z -uall [4ms]
2025-06-06 19:43:45.307 [info] > git for-each-ref --format=%(refname)%00%(upstream:short)%00%(objectname)%00%(upstream:track)%00%(upstream:remotename)%00%(upstream:remoteref) refs/heads/stable refs/remotes/stable [2ms]
2025-06-06 19:43:45.312 [info] > git config --local branch.stable.vscode-merge-base [2ms]
2025-06-06 19:43:45.315 [info] > git for-each-ref --format=%(refname)%00%(upstream:short)%00%(objectname)%00%(upstream:track)%00%(upstream:remotename)%00%(upstream:remoteref) refs/heads/origin/stable refs/remotes/origin/stable [1ms]
2025-06-06 19:43:45.813 [info] > git rev-parse --show-toplevel [1ms]
2025-06-06 19:43:45.817 [info] > git rev-parse --show-toplevel [1ms]
2025-06-06 19:43:45.820 [info] > git rev-parse --show-toplevel [1ms]
2025-06-06 19:43:45.823 [info] > git rev-parse --show-toplevel [1ms]
2025-06-06 19:43:45.826 [info] > git rev-parse --show-toplevel [1ms]
2025-06-06 19:43:45.829 [info] > git rev-parse --show-toplevel [1ms]
2025-06-06 19:43:45.832 [info] > git rev-parse --show-toplevel [1ms]
2025-06-06 19:43:45.834 [info] > git rev-parse --show-toplevel [0ms]
2025-06-06 19:43:45.837 [info] > git rev-parse --show-toplevel [0ms]
2025-06-06 19:43:50.317 [info] > git config --get commit.template [3ms]
2025-06-06 19:43:50.318 [info] > git for-each-ref --format=%(refname)%00%(upstream:short)%00%(objectname)%00%(upstream:track)%00%(upstream:remotename)%00%(upstream:remoteref) refs/heads/stable refs/remotes/stable [1ms]
2025-06-06 19:43:50.320 [warning] [Git][revParse] Unable to read file: ENOENT: no such file or directory, open '/home/caroulder/AFLplusplus/.git/refs/remotes/origin/stable'
2025-06-06 19:43:50.320 [info] > git rev-parse refs/remotes/origin/stable [0ms]
2025-06-06 19:43:50.327 [info] > git status -z -uall [4ms]
2025-06-06 19:43:50.332 [info] > git for-each-ref --format=%(refname)%00%(upstream:short)%00%(objectname)%00%(upstream:track)%00%(upstream:remotename)%00%(upstream:remoteref) refs/heads/stable refs/remotes/stable [2ms]
2025-06-06 19:43:50.335 [info] > git config --local branch.stable.vscode-merge-base [1ms]
2025-06-06 19:43:50.338 [info] > git for-each-ref --format=%(refname)%00%(upstream:short)%00%(objectname)%00%(upstream:track)%00%(upstream:remotename)%00%(upstream:remoteref) refs/heads/origin/stable refs/remotes/origin/stable [0ms]
2025-06-06 19:43:50.839 [info] > git rev-parse --show-toplevel [1ms]
2025-06-06 19:43:50.842 [info] > git rev-parse --show-toplevel [0ms]
2025-06-06 19:43:50.845 [info] > git rev-parse --show-toplevel [0ms]
2025-06-06 19:43:50.848 [info] > git rev-parse --show-toplevel [1ms]
2025-06-06 19:43:50.850 [info] > git rev-parse --show-toplevel [0ms]
2025-06-06 19:43:50.853 [info] > git rev-parse --show-toplevel [1ms]
2025-06-06 19:43:50.855 [info] > git rev-parse --show-toplevel [0ms]
2025-06-06 19:43:50.858 [info] > git rev-parse --show-toplevel [1ms]
2025-06-06 19:43:50.860 [info] > git rev-parse --show-toplevel [0ms]
2025-06-06 19:43:55.344 [info] > git config --get commit.template [2ms]
2025-06-06 19:43:55.347 [info] > git for-each-ref --format=%(refname)%00%(upstream:short)%00%(objectname)%00%(upstream:track)%00%(upstream:remotename)%00%(upstream:remoteref) refs/heads/stable refs/remotes/stable [0ms]
2025-06-06 19:43:55.350 [warning] [Git][revParse] Unable to read file: ENOENT: no such file or directory, open '/home/caroulder/AFLplusplus/.git/refs/remotes/origin/stable'
2025-06-06 19:43:55.350 [info] > git rev-parse refs/remotes/origin/stable [0ms]
2025-06-06 19:43:55.356 [info] > git status -z -uall [4ms]
2025-06-06 19:43:55.361 [info] > git for-each-ref --format=%(refname)%00%(upstream:short)%00%(objectname)%00%(upstream:track)%00%(upstream:remotename)%00%(upstream:remoteref) refs/heads/stable refs/remotes/stable [2ms]
2025-06-06 19:43:55.365 [info] > git config --local branch.stable.vscode-merge-base [2ms]
2025-06-06 19:43:55.368 [info] > git for-each-ref --format=%(refname)%00%(upstream:short)%00%(objectname)%00%(upstream:track)%00%(upstream:remotename)%00%(upstream:remoteref) refs/heads/origin/stable refs/remotes/origin/stable [0ms]
2025-06-06 19:43:55.869 [info] > git rev-parse --show-toplevel [0ms]
2025-06-06 19:43:55.872 [info] > git rev-parse --show-toplevel [0ms]
2025-06-06 19:43:55.875 [info] > git rev-parse --show-toplevel [1ms]
2025-06-06 19:43:55.878 [info] > git rev-parse --show-toplevel [1ms]
2025-06-06 19:43:55.890 [info] > git rev-parse --show-toplevel [1ms]
2025-06-06 19:43:55.893 [info] > git rev-parse --show-toplevel [1ms]
2025-06-06 19:43:55.899 [info] > git rev-parse --show-toplevel [1ms]
2025-06-06 19:43:55.902 [info] > git rev-parse --show-toplevel [1ms]
2025-06-06 19:43:55.906 [info] > git rev-parse --show-toplevel [0ms]
2025-06-06 19:44:00.366 [info] > git config --get commit.template [0ms]
2025-06-06 19:44:00.370 [info] > git for-each-ref --format=%(refname)%00%(upstream:short)%00%(objectname)%00%(upstream:track)%00%(upstream:remotename)%00%(upstream:remoteref) refs/heads/stable refs/remotes/stable [1ms]
2025-06-06 19:44:00.372 [warning] [Git][revParse] Unable to read file: ENOENT: no such file or directory, open '/home/caroulder/AFLplusplus/.git/refs/remotes/origin/stable'
2025-06-06 19:44:00.373 [info] > git rev-parse refs/remotes/origin/stable [1ms]
2025-06-06 19:44:00.378 [info] > git status -z -uall [3ms]
2025-06-06 19:44:00.383 [info] > git for-each-ref --format=%(refname)%00%(upstream:short)%00%(objectname)%00%(upstream:track)%00%(upstream:remotename)%00%(upstream:remoteref) refs/heads/stable refs/remotes/stable [2ms]
2025-06-06 19:44:00.388 [info] > git config --local branch.stable.vscode-merge-base [1ms]
2025-06-06 19:44:00.391 [info] > git for-each-ref --format=%(refname)%00%(upstream:short)%00%(objectname)%00%(upstream:track)%00%(upstream:remotename)%00%(upstream:remoteref) refs/heads/origin/stable refs/remotes/origin/stable [0ms]
2025-06-06 19:44:00.889 [info] > git rev-parse --show-toplevel [1ms]
2025-06-06 19:44:00.893 [info] > git rev-parse --show-toplevel [1ms]
2025-06-06 19:44:00.896 [info] > git rev-parse --show-toplevel [1ms]
2025-06-06 19:44:00.899 [info] > git rev-parse --show-toplevel [1ms]
2025-06-06 19:44:00.901 [info] > git rev-parse --show-toplevel [0ms]
2025-06-06 19:44:00.905 [info] > git rev-parse --show-toplevel [1ms]
2025-06-06 19:44:00.914 [info] > git rev-parse --show-toplevel [1ms]
2025-06-06 19:44:00.917 [info] > git rev-parse --show-toplevel [1ms]
2025-06-06 19:44:00.920 [info] > git rev-parse --show-toplevel [1ms]
2025-06-06 19:44:05.398 [info] > git config --get commit.template [1ms]
2025-06-06 19:44:05.401 [info] > git for-each-ref --format=%(refname)%00%(upstream:short)%00%(objectname)%00%(upstream:track)%00%(upstream:remotename)%00%(upstream:remoteref) refs/heads/stable refs/remotes/stable [0ms]
2025-06-06 19:44:05.404 [warning] [Git][revParse] Unable to read file: ENOENT: no such file or directory, open '/home/caroulder/AFLplusplus/.git/refs/remotes/origin/stable'
2025-06-06 19:44:05.405 [info] > git rev-parse refs/remotes/origin/stable [1ms]
2025-06-06 19:44:05.411 [info] > git status -z -uall [3ms]
2025-06-06 19:44:05.416 [info] > git for-each-ref --format=%(refname)%00%(upstream:short)%00%(objectname)%00%(upstream:track)%00%(upstream:remotename)%00%(upstream:remoteref) refs/heads/stable refs/remotes/stable [2ms]
2025-06-06 19:44:05.419 [info] > git config --local branch.stable.vscode-merge-base [1ms]
2025-06-06 19:44:05.422 [info] > git for-each-ref --format=%(refname)%00%(upstream:short)%00%(objectname)%00%(upstream:track)%00%(upstream:remotename)%00%(upstream:remoteref) refs/heads/origin/stable refs/remotes/origin/stable [0ms]
2025-06-06 19:44:05.927 [info] > git rev-parse --show-toplevel [3ms]
2025-06-06 19:44:05.933 [info] > git rev-parse --show-toplevel [1ms]
2025-06-06 19:44:05.936 [info] > git rev-parse --show-toplevel [0ms]
2025-06-06 19:44:05.940 [info] > git rev-parse --show-toplevel [1ms]
2025-06-06 19:44:05.943 [info] > git rev-parse --show-toplevel [1ms]
2025-06-06 19:44:05.946 [info] > git rev-parse --show-toplevel [1ms]
2025-06-06 19:44:05.948 [info] > git rev-parse --show-toplevel [0ms]
2025-06-06 19:44:05.952 [info] > git rev-parse --show-toplevel [1ms]
2025-06-06 19:44:05.954 [info] > git rev-parse --show-toplevel [0ms]
2025-06-06 19:44:10.427 [info] > git config --get commit.template [1ms]
2025-06-06 19:44:10.431 [info] > git for-each-ref --format=%(refname)%00%(upstream:short)%00%(objectname)%00%(upstream:track)%00%(upstream:remotename)%00%(upstream:remoteref) refs/heads/stable refs/remotes/stable [0ms]
2025-06-06 19:44:10.434 [warning] [Git][revParse] Unable to read file: ENOENT: no such file or directory, open '/home/caroulder/AFLplusplus/.git/refs/remotes/origin/stable'
2025-06-06 19:44:10.434 [info] > git rev-parse refs/remotes/origin/stable [0ms]
2025-06-06 19:44:10.440 [info] > git status -z -uall [4ms]
2025-06-06 19:44:10.445 [info] > git for-each-ref --format=%(refname)%00%(upstream:short)%00%(objectname)%00%(upstream:track)%00%(upstream:remotename)%00%(upstream:remoteref) refs/heads/stable refs/remotes/stable [2ms]
2025-06-06 19:44:10.448 [info] > git config --local branch.stable.vscode-merge-base [1ms]
2025-06-06 19:44:10.451 [info] > git for-each-ref --format=%(refname)%00%(upstream:short)%00%(objectname)%00%(upstream:track)%00%(upstream:remotename)%00%(upstream:remoteref) refs/heads/origin/stable refs/remotes/origin/stable [1ms]
2025-06-06 19:44:10.956 [info] > git rev-parse --show-toplevel [2ms]
2025-06-06 19:44:10.961 [info] > git rev-parse --show-toplevel [1ms]
2025-06-06 19:44:10.965 [info] > git rev-parse --show-toplevel [1ms]
2025-06-06 19:44:10.968 [info] > git rev-parse --show-toplevel [0ms]
2025-06-06 19:44:10.971 [info] > git rev-parse --show-toplevel [0ms]
2025-06-06 19:44:10.974 [info] > git rev-parse --show-toplevel [0ms]
2025-06-06 19:44:10.978 [info] > git rev-parse --show-toplevel [1ms]
2025-06-06 19:44:10.981 [info] > git rev-parse --show-toplevel [1ms]
2025-06-06 19:44:10.984 [info] > git rev-parse --show-toplevel [1ms]
2025-06-06 19:44:15.458 [info] > git config --get commit.template [1ms]
2025-06-06 19:44:15.461 [info] > git for-each-ref --format=%(refname)%00%(upstream:short)%00%(objectname)%00%(upstream:track)%00%(upstream:remotename)%00%(upstream:remoteref) refs/heads/stable refs/remotes/stable [0ms]
2025-06-06 19:44:15.464 [warning] [Git][revParse] Unable to read file: ENOENT: no such file or directory, open '/home/caroulder/AFLplusplus/.git/refs/remotes/origin/stable'
2025-06-06 19:44:15.464 [info] > git rev-parse refs/remotes/origin/stable [0ms]
2025-06-06 19:44:15.470 [info] > git status -z -uall [4ms]
2025-06-06 19:44:15.475 [info] > git for-each-ref --format=%(refname)%00%(upstream:short)%00%(objectname)%00%(upstream:track)%00%(upstream:remotename)%00%(upstream:remoteref) refs/heads/stable refs/remotes/stable [2ms]
2025-06-06 19:44:15.478 [info] > git config --local branch.stable.vscode-merge-base [1ms]
2025-06-06 19:44:15.481 [info] > git for-each-ref --format=%(refname)%00%(upstream:short)%00%(objectname)%00%(upstream:track)%00%(upstream:remotename)%00%(upstream:remoteref) refs/heads/origin/stable refs/remotes/origin/stable [1ms]
2025-06-06 19:44:15.984 [info] > git rev-parse --show-toplevel [1ms]
2025-06-06 19:44:15.990 [info] > git rev-parse --show-toplevel [1ms]
2025-06-06 19:44:15.993 [info] > git rev-parse --show-toplevel [1ms]
2025-06-06 19:44:15.996 [info] > git rev-parse --show-toplevel [0ms]
2025-06-06 19:44:15.999 [info] > git rev-parse --show-toplevel [0ms]
2025-06-06 19:44:16.002 [info] > git rev-parse --show-toplevel [0ms]
2025-06-06 19:44:16.005 [info] > git rev-parse --show-toplevel [0ms]
2025-06-06 19:44:16.008 [info] > git rev-parse --show-toplevel [0ms]
2025-06-06 19:44:16.010 [info] > git rev-parse --show-toplevel [0ms]
2025-06-06 19:44:20.484 [info] > git config --get commit.template [2ms]
2025-06-06 19:44:20.487 [info] > git for-each-ref --format=%(refname)%00%(upstream:short)%00%(objectname)%00%(upstream:track)%00%(upstream:remotename)%00%(upstream:remoteref) refs/heads/stable refs/remotes/stable [0ms]
2025-06-06 19:44:20.489 [warning] [Git][revParse] Unable to read file: ENOENT: no such file or directory, open '/home/caroulder/AFLplusplus/.git/refs/remotes/origin/stable'
2025-06-06 19:44:20.490 [info] > git rev-parse refs/remotes/origin/stable [1ms]
2025-06-06 19:44:20.496 [info] > git status -z -uall [4ms]
2025-06-06 19:44:20.502 [info] > git for-each-ref --format=%(refname)%00%(upstream:short)%00%(objectname)%00%(upstream:track)%00%(upstream:remotename)%00%(upstream:remoteref) refs/heads/stable refs/remotes/stable [2ms]
2025-06-06 19:44:20.506 [info] > git config --local branch.stable.vscode-merge-base [1ms]
2025-06-06 19:44:20.509 [info] > git for-each-ref --format=%(refname)%00%(upstream:short)%00%(objectname)%00%(upstream:track)%00%(upstream:remotename)%00%(upstream:remoteref) refs/heads/origin/stable refs/remotes/origin/stable [0ms]
2025-06-06 19:44:21.006 [info] > git rev-parse --show-toplevel [0ms]
2025-06-06 19:44:21.009 [info] > git rev-parse --show-toplevel [0ms]
2025-06-06 19:44:21.012 [info] > git rev-parse --show-toplevel [1ms]
2025-06-06 19:44:21.014 [info] > git rev-parse --show-toplevel [0ms]
2025-06-06 19:44:21.017 [info] > git rev-parse --show-toplevel [1ms]
2025-06-06 19:44:21.020 [info] > git rev-parse --show-toplevel [1ms]
2025-06-06 19:44:21.022 [info] > git rev-parse --show-toplevel [0ms]
2025-06-06 19:44:21.025 [info] > git rev-parse --show-toplevel [0ms]
2025-06-06 19:44:21.028 [info] > git rev-parse --show-toplevel [0ms]
2025-06-06 19:44:25.509 [info] > git config --get commit.template [0ms]
2025-06-06 19:44:25.513 [info] > git for-each-ref --format=%(refname)%00%(upstream:short)%00%(objectname)%00%(upstream:track)%00%(upstream:remotename)%00%(upstream:remoteref) refs/heads/stable refs/remotes/stable [1ms]
2025-06-06 19:44:25.515 [warning] [Git][revParse] Unable to read file: ENOENT: no such file or directory, open '/home/caroulder/AFLplusplus/.git/refs/remotes/origin/stable'
2025-06-06 19:44:25.516 [info] > git rev-parse refs/remotes/origin/stable [1ms]
2025-06-06 19:44:25.521 [info] > git status -z -uall [3ms]
2025-06-06 19:44:25.527 [info] > git for-each-ref --format=%(refname)%00%(upstream:short)%00%(objectname)%00%(upstream:track)%00%(upstream:remotename)%00%(upstream:remoteref) refs/heads/stable refs/remotes/stable [3ms]
2025-06-06 19:44:25.530 [info] > git config --local branch.stable.vscode-merge-base [1ms]
2025-06-06 19:44:25.533 [info] > git for-each-ref --format=%(refname)%00%(upstream:short)%00%(objectname)%00%(upstream:track)%00%(upstream:remotename)%00%(upstream:remoteref) refs/heads/origin/stable refs/remotes/origin/stable [0ms]
2025-06-06 19:44:26.033 [info] > git rev-parse --show-toplevel [1ms]
2025-06-06 19:44:26.037 [info] > git rev-parse --show-toplevel [1ms]
2025-06-06 19:44:26.040 [info] > git rev-parse --show-toplevel [1ms]
2025-06-06 19:44:26.042 [info] > git rev-parse --show-toplevel [0ms]
2025-06-06 19:44:26.045 [info] > git rev-parse --show-toplevel [0ms]
2025-06-06 19:44:26.048 [info] > git rev-parse --show-toplevel [1ms]
2025-06-06 19:44:26.051 [info] > git rev-parse --show-toplevel [1ms]
2025-06-06 19:44:26.053 [info] > git rev-parse --show-toplevel [0ms]
2025-06-06 19:44:26.057 [info] > git rev-parse --show-toplevel [1ms]
2025-06-06 19:44:30.535 [info] > git config --get commit.template [3ms]
2025-06-06 19:44:30.536 [info] > git for-each-ref --format=%(refname)%00%(upstream:short)%00%(objectname)%00%(upstream:track)%00%(upstream:remotename)%00%(upstream:remoteref) refs/heads/stable refs/remotes/stable [1ms]
2025-06-06 19:44:30.538 [warning] [Git][revParse] Unable to read file: ENOENT: no such file or directory, open '/home/caroulder/AFLplusplus/.git/refs/remotes/origin/stable'
2025-06-06 19:44:30.539 [info] > git rev-parse refs/remotes/origin/stable [1ms]
2025-06-06 19:44:30.545 [info] > git status -z -uall [4ms]
2025-06-06 19:44:30.558 [info] > git for-each-ref --format=%(refname)%00%(upstream:short)%00%(objectname)%00%(upstream:track)%00%(upstream:remotename)%00%(upstream:remoteref) refs/heads/stable refs/remotes/stable [2ms]
2025-06-06 19:44:30.562 [info] > git config --local branch.stable.vscode-merge-base [2ms]
2025-06-06 19:44:30.565 [info] > git for-each-ref --format=%(refname)%00%(upstream:short)%00%(objectname)%00%(upstream:track)%00%(upstream:remotename)%00%(upstream:remoteref) refs/heads/origin/stable refs/remotes/origin/stable [1ms]
2025-06-06 19:44:31.064 [info] > git rev-parse --show-toplevel [1ms]
2025-06-06 19:44:31.068 [info] > git rev-parse --show-toplevel [0ms]
2025-06-06 19:44:31.071 [info] > git rev-parse --show-toplevel [0ms]
2025-06-06 19:44:31.073 [info] > git rev-parse --show-toplevel [0ms]
2025-06-06 19:44:31.076 [info] > git rev-parse --show-toplevel [1ms]
2025-06-06 19:44:31.079 [info] > git rev-parse --show-toplevel [1ms]
2025-06-06 19:44:31.083 [info] > git rev-parse --show-toplevel [1ms]
2025-06-06 19:44:31.086 [info] > git rev-parse --show-toplevel [1ms]
2025-06-06 19:44:31.089 [info] > git rev-parse --show-toplevel [1ms]
2025-06-06 19:44:35.572 [info] > git config --get commit.template [1ms]
2025-06-06 19:44:35.575 [info] > git for-each-ref --format=%(refname)%00%(upstream:short)%00%(objectname)%00%(upstream:track)%00%(upstream:remotename)%00%(upstream:remoteref) refs/heads/stable refs/remotes/stable [0ms]
2025-06-06 19:44:35.578 [warning] [Git][revParse] Unable to read file: ENOENT: no such file or directory, open '/home/caroulder/AFLplusplus/.git/refs/remotes/origin/stable'
2025-06-06 19:44:35.578 [info] > git rev-parse refs/remotes/origin/stable [0ms]
2025-06-06 19:44:35.584 [info] > git status -z -uall [3ms]
2025-06-06 19:44:35.589 [info] > git for-each-ref --format=%(refname)%00%(upstream:short)%00%(objectname)%00%(upstream:track)%00%(upstream:remotename)%00%(upstream:remoteref) refs/heads/stable refs/remotes/stable [2ms]
2025-06-06 19:44:35.593 [info] > git config --local branch.stable.vscode-merge-base [2ms]
2025-06-06 19:44:35.598 [info] > git for-each-ref --format=%(refname)%00%(upstream:short)%00%(objectname)%00%(upstream:track)%00%(upstream:remotename)%00%(upstream:remoteref) refs/heads/origin/stable refs/remotes/origin/stable [1ms]
2025-06-06 19:44:36.097 [info] > git rev-parse --show-toplevel [1ms]
2025-06-06 19:44:36.100 [info] > git rev-parse --show-toplevel [0ms]
2025-06-06 19:44:36.103 [info] > git rev-parse --show-toplevel [0ms]
2025-06-06 19:44:36.106 [info] > git rev-parse --show-toplevel [1ms]
2025-06-06 19:44:36.109 [info] > git rev-parse --show-toplevel [1ms]
2025-06-06 19:44:36.112 [info] > git rev-parse --show-toplevel [1ms]
2025-06-06 19:44:36.114 [info] > git rev-parse --show-toplevel [0ms]
2025-06-06 19:44:36.117 [info] > git rev-parse --show-toplevel [0ms]
2025-06-06 19:44:36.119 [info] > git rev-parse --show-toplevel [0ms]
2025-06-06 19:44:40.597 [info] > git config --get commit.template [1ms]
2025-06-06 19:44:40.601 [info] > git for-each-ref --format=%(refname)%00%(upstream:short)%00%(objectname)%00%(upstream:track)%00%(upstream:remotename)%00%(upstream:remoteref) refs/heads/stable refs/remotes/stable [1ms]
2025-06-06 19:44:40.603 [warning] [Git][revParse] Unable to read file: ENOENT: no such file or directory, open '/home/caroulder/AFLplusplus/.git/refs/remotes/origin/stable'
2025-06-06 19:44:40.604 [info] > git rev-parse refs/remotes/origin/stable [1ms]
2025-06-06 19:44:40.610 [info] > git status -z -uall [3ms]
2025-06-06 19:44:40.618 [info] > git for-each-ref --format=%(refname)%00%(upstream:short)%00%(objectname)%00%(upstream:track)%00%(upstream:remotename)%00%(upstream:remoteref) refs/heads/stable refs/remotes/stable [4ms]
2025-06-06 19:44:40.622 [info] > git config --local branch.stable.vscode-merge-base [1ms]
2025-06-06 19:44:40.626 [info] > git for-each-ref --format=%(refname)%00%(upstream:short)%00%(objectname)%00%(upstream:track)%00%(upstream:remotename)%00%(upstream:remoteref) refs/heads/origin/stable refs/remotes/origin/stable [1ms]
2025-06-06 19:44:41.121 [info] > git rev-parse --show-toplevel [1ms]
2025-06-06 19:44:41.125 [info] > git rev-parse --show-toplevel [1ms]
2025-06-06 19:44:41.128 [info] > git rev-parse --show-toplevel [1ms]
2025-06-06 19:44:41.130 [info] > git rev-parse --show-toplevel [0ms]
2025-06-06 19:44:41.133 [info] > git rev-parse --show-toplevel [0ms]
2025-06-06 19:44:41.136 [info] > git rev-parse --show-toplevel [1ms]
2025-06-06 19:44:41.138 [info] > git rev-parse --show-toplevel [0ms]
2025-06-06 19:44:41.141 [info] > git rev-parse --show-toplevel [1ms]
2025-06-06 19:44:41.143 [info] > git rev-parse --show-toplevel [0ms]
2025-06-06 19:44:45.627 [info] > git config --get commit.template [4ms]
2025-06-06 19:44:45.628 [info] > git for-each-ref --format=%(refname)%00%(upstream:short)%00%(objectname)%00%(upstream:track)%00%(upstream:remotename)%00%(upstream:remoteref) refs/heads/stable refs/remotes/stable [1ms]
2025-06-06 19:44:45.630 [warning] [Git][revParse] Unable to read file: ENOENT: no such file or directory, open '/home/caroulder/AFLplusplus/.git/refs/remotes/origin/stable'
2025-06-06 19:44:45.631 [info] > git rev-parse refs/remotes/origin/stable [1ms]
2025-06-06 19:44:45.637 [info] > git status -z -uall [4ms]
2025-06-06 19:44:45.643 [info] > git for-each-ref --format=%(refname)%00%(upstream:short)%00%(objectname)%00%(upstream:track)%00%(upstream:remotename)%00%(upstream:remoteref) refs/heads/stable refs/remotes/stable [2ms]
2025-06-06 19:44:45.647 [info] > git config --local branch.stable.vscode-merge-base [2ms]
2025-06-06 19:44:45.650 [info] > git for-each-ref --format=%(refname)%00%(upstream:short)%00%(objectname)%00%(upstream:track)%00%(upstream:remotename)%00%(upstream:remoteref) refs/heads/origin/stable refs/remotes/origin/stable [0ms]
2025-06-06 19:44:46.150 [info] > git rev-parse --show-toplevel [0ms]
2025-06-06 19:44:46.154 [info] > git rev-parse --show-toplevel [0ms]
2025-06-06 19:44:46.157 [info] > git rev-parse --show-toplevel [1ms]
2025-06-06 19:44:46.160 [info] > git rev-parse --show-toplevel [1ms]
2025-06-06 19:44:46.162 [info] > git rev-parse --show-toplevel [0ms]
2025-06-06 19:44:46.165 [info] > git rev-parse --show-toplevel [0ms]
2025-06-06 19:44:46.168 [info] > git rev-parse --show-toplevel [1ms]
2025-06-06 19:44:46.170 [info] > git rev-parse --show-toplevel [0ms]
2025-06-06 19:44:46.173 [info] > git rev-parse --show-toplevel [0ms]
2025-06-06 19:44:50.651 [info] > git config --get commit.template [1ms]
2025-06-06 19:44:50.654 [info] > git for-each-ref --format=%(refname)%00%(upstream:short)%00%(objectname)%00%(upstream:track)%00%(upstream:remotename)%00%(upstream:remoteref) refs/heads/stable refs/remotes/stable [1ms]
2025-06-06 19:44:50.656 [warning] [Git][revParse] Unable to read file: ENOENT: no such file or directory, open '/home/caroulder/AFLplusplus/.git/refs/remotes/origin/stable'
2025-06-06 19:44:50.657 [info] > git rev-parse refs/remotes/origin/stable [1ms]
2025-06-06 19:44:50.663 [info] > git status -z -uall [4ms]
2025-06-06 19:44:50.669 [info] > git for-each-ref --format=%(refname)%00%(upstream:short)%00%(objectname)%00%(upstream:track)%00%(upstream:remotename)%00%(upstream:remoteref) refs/heads/stable refs/remotes/stable [2ms]
2025-06-06 19:44:50.672 [info] > git config --local branch.stable.vscode-merge-base [1ms]
2025-06-06 19:44:50.675 [info] > git for-each-ref --format=%(refname)%00%(upstream:short)%00%(objectname)%00%(upstream:track)%00%(upstream:remotename)%00%(upstream:remoteref) refs/heads/origin/stable refs/remotes/origin/stable [0ms]
2025-06-06 19:44:51.177 [info] > git rev-parse --show-toplevel [1ms]
2025-06-06 19:44:51.182 [info] > git rev-parse --show-toplevel [1ms]
2025-06-06 19:44:51.185 [info] > git rev-parse --show-toplevel [0ms]
2025-06-06 19:44:51.189 [info] > git rev-parse --show-toplevel [1ms]
2025-06-06 19:44:51.192 [info] > git rev-parse --show-toplevel [1ms]
2025-06-06 19:44:51.195 [info] > git rev-parse --show-toplevel [1ms]
2025-06-06 19:44:51.198 [info] > git rev-parse --show-toplevel [1ms]
2025-06-06 19:44:51.201 [info] > git rev-parse --show-toplevel [1ms]
2025-06-06 19:44:51.203 [info] > git rev-parse --show-toplevel [0ms]
2025-06-06 19:44:55.677 [info] > git config --get commit.template [1ms]
2025-06-06 19:44:55.680 [info] > git for-each-ref --format=%(refname)%00%(upstream:short)%00%(objectname)%00%(upstream:track)%00%(upstream:remotename)%00%(upstream:remoteref) refs/heads/stable refs/remotes/stable [1ms]
2025-06-06 19:44:55.683 [warning] [Git][revParse] Unable to read file: ENOENT: no such file or directory, open '/home/caroulder/AFLplusplus/.git/refs/remotes/origin/stable'
2025-06-06 19:44:55.683 [info] > git rev-parse refs/remotes/origin/stable [0ms]
2025-06-06 19:44:55.689 [info] > git status -z -uall [4ms]
2025-06-06 19:44:55.694 [info] > git for-each-ref --format=%(refname)%00%(upstream:short)%00%(objectname)%00%(upstream:track)%00%(upstream:remotename)%00%(upstream:remoteref) refs/heads/stable refs/remotes/stable [2ms]
2025-06-06 19:44:55.698 [info] > git config --local branch.stable.vscode-merge-base [1ms]
2025-06-06 19:44:55.701 [info] > git for-each-ref --format=%(refname)%00%(upstream:short)%00%(objectname)%00%(upstream:track)%00%(upstream:remotename)%00%(upstream:remoteref) refs/heads/origin/stable refs/remotes/origin/stable [1ms]
2025-06-06 19:44:56.201 [info] > git rev-parse --show-toplevel [1ms]
2025-06-06 19:44:56.206 [info] > git rev-parse --show-toplevel [1ms]
2025-06-06 19:44:56.209 [info] > git rev-parse --show-toplevel [1ms]
2025-06-06 19:44:56.211 [info] > git rev-parse --show-toplevel [0ms]
2025-06-06 19:44:56.214 [info] > git rev-parse --show-toplevel [0ms]
2025-06-06 19:44:56.217 [info] > git rev-parse --show-toplevel [0ms]
2025-06-06 19:44:56.220 [info] > git rev-parse --show-toplevel [1ms]
2025-06-06 19:44:56.222 [info] > git rev-parse --show-toplevel [0ms]
2025-06-06 19:44:56.225 [info] > git rev-parse --show-toplevel [0ms]
2025-06-06 19:45:00.700 [info] > git config --get commit.template [1ms]
2025-06-06 19:45:00.704 [info] > git for-each-ref --format=%(refname)%00%(upstream:short)%00%(objectname)%00%(upstream:track)%00%(upstream:remotename)%00%(upstream:remoteref) refs/heads/stable refs/remotes/stable [1ms]
2025-06-06 19:45:00.707 [warning] [Git][revParse] Unable to read file: ENOENT: no such file or directory, open '/home/caroulder/AFLplusplus/.git/refs/remotes/origin/stable'
2025-06-06 19:45:00.707 [info] > git rev-parse refs/remotes/origin/stable [1ms]
2025-06-06 19:45:00.713 [info] > git status -z -uall [4ms]
2025-06-06 19:45:00.720 [info] > git for-each-ref --format=%(refname)%00%(upstream:short)%00%(objectname)%00%(upstream:track)%00%(upstream:remotename)%00%(upstream:remoteref) refs/heads/stable refs/remotes/stable [3ms]
2025-06-06 19:45:00.724 [info] > git config --local branch.stable.vscode-merge-base [1ms]
2025-06-06 19:45:00.728 [info] > git for-each-ref --format=%(refname)%00%(upstream:short)%00%(objectname)%00%(upstream:track)%00%(upstream:remotename)%00%(upstream:remoteref) refs/heads/origin/stable refs/remotes/origin/stable [1ms]
2025-06-06 19:45:01.225 [info] > git rev-parse --show-toplevel [1ms]
2025-06-06 19:45:01.229 [info] > git rev-parse --show-toplevel [0ms]
2025-06-06 19:45:01.232 [info] > git rev-parse --show-toplevel [0ms]
2025-06-06 19:45:01.236 [info] > git rev-parse --show-toplevel [1ms]
2025-06-06 19:45:01.239 [info] > git rev-parse --show-toplevel [1ms]
2025-06-06 19:45:01.241 [info] > git rev-parse --show-toplevel [0ms]
2025-06-06 19:45:01.244 [info] > git rev-parse --show-toplevel [0ms]
2025-06-06 19:45:01.247 [info] > git rev-parse --show-toplevel [1ms]
2025-06-06 19:45:01.249 [info] > git rev-parse --show-toplevel [0ms]
2025-06-06 19:45:05.725 [info] > git config --get commit.template [1ms]
2025-06-06 19:45:05.729 [info] > git for-each-ref --format=%(refname)%00%(upstream:short)%00%(objectname)%00%(upstream:track)%00%(upstream:remotename)%00%(upstream:remoteref) refs/heads/stable refs/remotes/stable [1ms]
2025-06-06 19:45:05.732 [warning] [Git][revParse] Unable to read file: ENOENT: no such file or directory, open '/home/caroulder/AFLplusplus/.git/refs/remotes/origin/stable'
2025-06-06 19:45:05.732 [info] > git rev-parse refs/remotes/origin/stable [0ms]
2025-06-06 19:45:05.739 [info] > git status -z -uall [5ms]
2025-06-06 19:45:05.744 [info] > git for-each-ref --format=%(refname)%00%(upstream:short)%00%(objectname)%00%(upstream:track)%00%(upstream:remotename)%00%(upstream:remoteref) refs/heads/stable refs/remotes/stable [2ms]
2025-06-06 19:45:05.748 [info] > git config --local branch.stable.vscode-merge-base [1ms]
2025-06-06 19:45:05.751 [info] > git for-each-ref --format=%(refname)%00%(upstream:short)%00%(objectname)%00%(upstream:track)%00%(upstream:remotename)%00%(upstream:remoteref) refs/heads/origin/stable refs/remotes/origin/stable [1ms]
2025-06-06 19:45:06.249 [info] > git rev-parse --show-toplevel [0ms]
2025-06-06 19:45:06.253 [info] > git rev-parse --show-toplevel [0ms]
2025-06-06 19:45:06.256 [info] > git rev-parse --show-toplevel [0ms]
2025-06-06 19:45:06.259 [info] > git rev-parse --show-toplevel [0ms]
2025-06-06 19:45:06.262 [info] > git rev-parse --show-toplevel [0ms]
2025-06-06 19:45:06.265 [info] > git rev-parse --show-toplevel [1ms]
2025-06-06 19:45:06.267 [info] > git rev-parse --show-toplevel [0ms]
2025-06-06 19:45:06.270 [info] > git rev-parse --show-toplevel [0ms]
2025-06-06 19:45:06.273 [info] > git rev-parse --show-toplevel [1ms]
2025-06-06 19:45:10.752 [info] > git config --get commit.template [3ms]
2025-06-06 19:45:10.752 [info] > git for-each-ref --format=%(refname)%00%(upstream:short)%00%(objectname)%00%(upstream:track)%00%(upstream:remotename)%00%(upstream:remoteref) refs/heads/stable refs/remotes/stable [0ms]
2025-06-06 19:45:10.755 [warning] [Git][revParse] Unable to read file: ENOENT: no such file or directory, open '/home/caroulder/AFLplusplus/.git/refs/remotes/origin/stable'
2025-06-06 19:45:10.755 [info] > git rev-parse refs/remotes/origin/stable [0ms]
2025-06-06 19:45:10.761 [info] > git status -z -uall [4ms]
2025-06-06 19:45:10.766 [info] > git for-each-ref --format=%(refname)%00%(upstream:short)%00%(objectname)%00%(upstream:track)%00%(upstream:remotename)%00%(upstream:remoteref) refs/heads/stable refs/remotes/stable [2ms]
2025-06-06 19:45:10.769 [info] > git config --local branch.stable.vscode-merge-base [1ms]
2025-06-06 19:45:10.772 [info] > git for-each-ref --format=%(refname)%00%(upstream:short)%00%(objectname)%00%(upstream:track)%00%(upstream:remotename)%00%(upstream:remoteref) refs/heads/origin/stable refs/remotes/origin/stable [1ms]
2025-06-06 19:45:11.269 [info] > git rev-parse --show-toplevel [1ms]
2025-06-06 19:45:11.272 [info] > git rev-parse --show-toplevel [0ms]
2025-06-06 19:45:11.275 [info] > git rev-parse --show-toplevel [0ms]
2025-06-06 19:45:11.279 [info] > git rev-parse --show-toplevel [1ms]
2025-06-06 19:45:11.281 [info] > git rev-parse --show-toplevel [0ms]
2025-06-06 19:45:11.284 [info] > git rev-parse --show-toplevel [0ms]
2025-06-06 19:45:11.287 [info] > git rev-parse --show-toplevel [1ms]
2025-06-06 19:45:11.290 [info] > git rev-parse --show-toplevel [1ms]
2025-06-06 19:45:11.293 [info] > git rev-parse --show-toplevel [1ms]
2025-06-06 19:45:15.776 [info] > git config --get commit.template [2ms]
2025-06-06 19:45:15.780 [info] > git for-each-ref --format=%(refname)%00%(upstream:short)%00%(objectname)%00%(upstream:track)%00%(upstream:remotename)%00%(upstream:remoteref) refs/heads/stable refs/remotes/stable [1ms]
2025-06-06 19:45:15.782 [warning] [Git][revParse] Unable to read file: ENOENT: no such file or directory, open '/home/caroulder/AFLplusplus/.git/refs/remotes/origin/stable'
2025-06-06 19:45:15.783 [info] > git rev-parse refs/remotes/origin/stable [1ms]
2025-06-06 19:45:15.790 [info] > git status -z -uall [5ms]
2025-06-06 19:45:15.796 [info] > git for-each-ref --format=%(refname)%00%(upstream:short)%00%(objectname)%00%(upstream:track)%00%(upstream:remotename)%00%(upstream:remoteref) refs/heads/stable refs/remotes/stable [3ms]
2025-06-06 19:45:15.800 [info] > git config --local branch.stable.vscode-merge-base [2ms]
2025-06-06 19:45:15.803 [info] > git for-each-ref --format=%(refname)%00%(upstream:short)%00%(objectname)%00%(upstream:track)%00%(upstream:remotename)%00%(upstream:remoteref) refs/heads/origin/stable refs/remotes/origin/stable [1ms]
2025-06-06 19:45:16.299 [info] > git rev-parse --show-toplevel [0ms]
2025-06-06 19:45:16.302 [info] > git rev-parse --show-toplevel [1ms]
2025-06-06 19:45:16.305 [info] > git rev-parse --show-toplevel [1ms]
2025-06-06 19:45:16.307 [info] > git rev-parse --show-toplevel [0ms]
2025-06-06 19:45:16.310 [info] > git rev-parse --show-toplevel [0ms]
2025-06-06 19:45:16.313 [info] > git rev-parse --show-toplevel [0ms]
2025-06-06 19:45:16.316 [info] > git rev-parse --show-toplevel [1ms]
2025-06-06 19:45:16.318 [info] > git rev-parse --show-toplevel [0ms]
2025-06-06 19:45:16.321 [info] > git rev-parse --show-toplevel [1ms]
2025-06-06 19:45:20.806 [info] > git config --get commit.template [0ms]
2025-06-06 19:45:20.810 [info] > git for-each-ref --format=%(refname)%00%(upstream:short)%00%(objectname)%00%(upstream:track)%00%(upstream:remotename)%00%(upstream:remoteref) refs/heads/stable refs/remotes/stable [1ms]
2025-06-06 19:45:20.812 [warning] [Git][revParse] Unable to read file: ENOENT: no such file or directory, open '/home/caroulder/AFLplusplus/.git/refs/remotes/origin/stable'
2025-06-06 19:45:20.813 [info] > git rev-parse refs/remotes/origin/stable [1ms]
2025-06-06 19:45:20.818 [info] > git status -z -uall [3ms]
2025-06-06 19:45:20.830 [info] > git for-each-ref --format=%(refname)%00%(upstream:short)%00%(objectname)%00%(upstream:track)%00%(upstream:remotename)%00%(upstream:remoteref) refs/heads/stable refs/remotes/stable [2ms]
2025-06-06 19:45:20.833 [info] > git config --local branch.stable.vscode-merge-base [1ms]
2025-06-06 19:45:20.836 [info] > git for-each-ref --format=%(refname)%00%(upstream:short)%00%(objectname)%00%(upstream:track)%00%(upstream:remotename)%00%(upstream:remoteref) refs/heads/origin/stable refs/remotes/origin/stable [1ms]
2025-06-06 19:45:21.338 [info] > git rev-parse --show-toplevel [1ms]
2025-06-06 19:45:21.343 [info] > git rev-parse --show-toplevel [1ms]
2025-06-06 19:45:21.347 [info] > git rev-parse --show-toplevel [1ms]
2025-06-06 19:45:21.349 [info] > git rev-parse --show-toplevel [0ms]
2025-06-06 19:45:21.352 [info] > git rev-parse --show-toplevel [0ms]
2025-06-06 19:45:21.355 [info] > git rev-parse --show-toplevel [1ms]
2025-06-06 19:45:21.357 [info] > git rev-parse --show-toplevel [0ms]
2025-06-06 19:45:21.360 [info] > git rev-parse --show-toplevel [0ms]
2025-06-06 19:45:21.363 [info] > git rev-parse --show-toplevel [1ms]
2025-06-06 19:45:25.841 [info] > git config --get commit.template [3ms]
2025-06-06 19:45:25.841 [info] > git for-each-ref --format=%(refname)%00%(upstream:short)%00%(objectname)%00%(upstream:track)%00%(upstream:remotename)%00%(upstream:remoteref) refs/heads/stable refs/remotes/stable [1ms]
2025-06-06 19:45:25.844 [warning] [Git][revParse] Unable to read file: ENOENT: no such file or directory, open '/home/caroulder/AFLplusplus/.git/refs/remotes/origin/stable'
2025-06-06 19:45:25.844 [info] > git rev-parse refs/remotes/origin/stable [0ms]
2025-06-06 19:45:25.850 [info] > git status -z -uall [3ms]
2025-06-06 19:45:25.855 [info] > git for-each-ref --format=%(refname)%00%(upstream:short)%00%(objectname)%00%(upstream:track)%00%(upstream:remotename)%00%(upstream:remoteref) refs/heads/stable refs/remotes/stable [2ms]
2025-06-06 19:45:25.859 [info] > git config --local branch.stable.vscode-merge-base [1ms]
2025-06-06 19:45:25.862 [info] > git for-each-ref --format=%(refname)%00%(upstream:short)%00%(objectname)%00%(upstream:track)%00%(upstream:remotename)%00%(upstream:remoteref) refs/heads/origin/stable refs/remotes/origin/stable [1ms]
2025-06-06 19:45:26.364 [info] > git rev-parse --show-toplevel [1ms]
2025-06-06 19:45:26.369 [info] > git rev-parse --show-toplevel [1ms]
2025-06-06 19:45:26.372 [info] > git rev-parse --show-toplevel [1ms]
2025-06-06 19:45:26.375 [info] > git rev-parse --show-toplevel [1ms]
2025-06-06 19:45:26.377 [info] > git rev-parse --show-toplevel [0ms]
2025-06-06 19:45:26.380 [info] > git rev-parse --show-toplevel [0ms]
2025-06-06 19:45:26.383 [info] > git rev-parse --show-toplevel [1ms]
2025-06-06 19:45:26.386 [info] > git rev-parse --show-toplevel [0ms]
2025-06-06 19:45:26.389 [info] > git rev-parse --show-toplevel [0ms]
2025-06-06 19:45:30.865 [info] > git config --get commit.template [3ms]
2025-06-06 19:45:30.865 [info] > git for-each-ref --format=%(refname)%00%(upstream:short)%00%(objectname)%00%(upstream:track)%00%(upstream:remotename)%00%(upstream:remoteref) refs/heads/stable refs/remotes/stable [0ms]
2025-06-06 19:45:30.868 [warning] [Git][revParse] Unable to read file: ENOENT: no such file or directory, open '/home/caroulder/AFLplusplus/.git/refs/remotes/origin/stable'
2025-06-06 19:45:30.869 [info] > git rev-parse refs/remotes/origin/stable [1ms]
2025-06-06 19:45:30.874 [info] > git status -z -uall [3ms]
2025-06-06 19:45:30.881 [info] > git for-each-ref --format=%(refname)%00%(upstream:short)%00%(objectname)%00%(upstream:track)%00%(upstream:remotename)%00%(upstream:remoteref) refs/heads/stable refs/remotes/stable [2ms]
2025-06-06 19:45:30.884 [info] > git config --local branch.stable.vscode-merge-base [1ms]
2025-06-06 19:45:30.887 [info] > git for-each-ref --format=%(refname)%00%(upstream:short)%00%(objectname)%00%(upstream:track)%00%(upstream:remotename)%00%(upstream:remoteref) refs/heads/origin/stable refs/remotes/origin/stable [0ms]
2025-06-06 19:45:31.389 [info] > git rev-parse --show-toplevel [1ms]
2025-06-06 19:45:31.394 [info] > git rev-parse --show-toplevel [1ms]
2025-06-06 19:45:31.397 [info] > git rev-parse --show-toplevel [0ms]
2025-06-06 19:45:31.400 [info] > git rev-parse --show-toplevel [1ms]
2025-06-06 19:45:31.403 [info] > git rev-parse --show-toplevel [1ms]
2025-06-06 19:45:31.405 [info] > git rev-parse --show-toplevel [0ms]
2025-06-06 19:45:31.408 [info] > git rev-parse --show-toplevel [0ms]
2025-06-06 19:45:31.411 [info] > git rev-parse --show-toplevel [1ms]
2025-06-06 19:45:31.413 [info] > git rev-parse --show-toplevel [0ms]
2025-06-06 19:45:35.894 [info] > git config --get commit.template [4ms]
2025-06-06 19:45:35.894 [info] > git for-each-ref --format=%(refname)%00%(upstream:short)%00%(objectname)%00%(upstream:track)%00%(upstream:remotename)%00%(upstream:remoteref) refs/heads/stable refs/remotes/stable [1ms]
2025-06-06 19:45:35.896 [warning] [Git][revParse] Unable to read file: ENOENT: no such file or directory, open '/home/caroulder/AFLplusplus/.git/refs/remotes/origin/stable'
2025-06-06 19:45:35.897 [info] > git rev-parse refs/remotes/origin/stable [1ms]
2025-06-06 19:45:35.903 [info] > git status -z -uall [4ms]
2025-06-06 19:45:35.908 [info] > git for-each-ref --format=%(refname)%00%(upstream:short)%00%(objectname)%00%(upstream:track)%00%(upstream:remotename)%00%(upstream:remoteref) refs/heads/stable refs/remotes/stable [2ms]
2025-06-06 19:45:35.912 [info] > git config --local branch.stable.vscode-merge-base [2ms]
2025-06-06 19:45:35.915 [info] > git for-each-ref --format=%(refname)%00%(upstream:short)%00%(objectname)%00%(upstream:track)%00%(upstream:remotename)%00%(upstream:remoteref) refs/heads/origin/stable refs/remotes/origin/stable [1ms]
2025-06-06 19:45:36.413 [info] > git rev-parse --show-toplevel [1ms]
2025-06-06 19:45:36.416 [info] > git rev-parse --show-toplevel [0ms]
2025-06-06 19:45:36.419 [info] > git rev-parse --show-toplevel [0ms]
2025-06-06 19:45:36.422 [info] > git rev-parse --show-toplevel [0ms]
2025-06-06 19:45:36.425 [info] > git rev-parse --show-toplevel [0ms]
2025-06-06 19:45:36.428 [info] > git rev-parse --show-toplevel [1ms]
2025-06-06 19:45:36.431 [info] > git rev-parse --show-toplevel [1ms]
2025-06-06 19:45:36.434 [info] > git rev-parse --show-toplevel [1ms]
2025-06-06 19:45:36.436 [info] > git rev-parse --show-toplevel [0ms]
2025-06-06 19:45:40.921 [info] > git config --get commit.template [4ms]
2025-06-06 19:45:40.921 [info] > git for-each-ref --format=%(refname)%00%(upstream:short)%00%(objectname)%00%(upstream:track)%00%(upstream:remotename)%00%(upstream:remoteref) refs/heads/stable refs/remotes/stable [1ms]
2025-06-06 19:45:40.923 [warning] [Git][revParse] Unable to read file: ENOENT: no such file or directory, open '/home/caroulder/AFLplusplus/.git/refs/remotes/origin/stable'
2025-06-06 19:45:40.924 [info] > git rev-parse refs/remotes/origin/stable [1ms]
2025-06-06 19:45:40.930 [info] > git status -z -uall [4ms]
2025-06-06 19:45:40.936 [info] > git for-each-ref --format=%(refname)%00%(upstream:short)%00%(objectname)%00%(upstream:track)%00%(upstream:remotename)%00%(upstream:remoteref) refs/heads/stable refs/remotes/stable [2ms]
2025-06-06 19:45:40.940 [info] > git config --local branch.stable.vscode-merge-base [1ms]
2025-06-06 19:45:40.943 [info] > git for-each-ref --format=%(refname)%00%(upstream:short)%00%(objectname)%00%(upstream:track)%00%(upstream:remotename)%00%(upstream:remoteref) refs/heads/origin/stable refs/remotes/origin/stable [1ms]
2025-06-06 19:45:41.446 [info] > git rev-parse --show-toplevel [1ms]
2025-06-06 19:45:41.450 [info] > git rev-parse --show-toplevel [1ms]
2025-06-06 19:45:41.453 [info] > git rev-parse --show-toplevel [1ms]
2025-06-06 19:45:41.455 [info] > git rev-parse --show-toplevel [0ms]
2025-06-06 19:45:41.459 [info] > git rev-parse --show-toplevel [1ms]
2025-06-06 19:45:41.461 [info] > git rev-parse --show-toplevel [0ms]
2025-06-06 19:45:41.464 [info] > git rev-parse --show-toplevel [1ms]
2025-06-06 19:45:41.466 [info] > git rev-parse --show-toplevel [0ms]
2025-06-06 19:45:41.469 [info] > git rev-parse --show-toplevel [1ms]
2025-06-06 19:45:45.943 [info] > git config --get commit.template [1ms]
2025-06-06 19:45:45.947 [info] > git for-each-ref --format=%(refname)%00%(upstream:short)%00%(objectname)%00%(upstream:track)%00%(upstream:remotename)%00%(upstream:remoteref) refs/heads/stable refs/remotes/stable [1ms]
2025-06-06 19:45:45.949 [warning] [Git][revParse] Unable to read file: ENOENT: no such file or directory, open '/home/caroulder/AFLplusplus/.git/refs/remotes/origin/stable'
2025-06-06 19:45:45.950 [info] > git rev-parse refs/remotes/origin/stable [1ms]
2025-06-06 19:45:45.955 [info] > git status -z -uall [3ms]
2025-06-06 19:45:45.961 [info] > git for-each-ref --format=%(refname)%00%(upstream:short)%00%(objectname)%00%(upstream:track)%00%(upstream:remotename)%00%(upstream:remoteref) refs/heads/stable refs/remotes/stable [2ms]
2025-06-06 19:45:45.965 [info] > git config --local branch.stable.vscode-merge-base [2ms]
2025-06-06 19:45:45.968 [info] > git for-each-ref --format=%(refname)%00%(upstream:short)%00%(objectname)%00%(upstream:track)%00%(upstream:remotename)%00%(upstream:remoteref) refs/heads/origin/stable refs/remotes/origin/stable [1ms]
2025-06-06 19:45:46.465 [info] > git rev-parse --show-toplevel [1ms]
2025-06-06 19:45:46.468 [info] > git rev-parse --show-toplevel [1ms]
2025-06-06 19:45:46.470 [info] > git rev-parse --show-toplevel [0ms]
2025-06-06 19:45:46.473 [info] > git rev-parse --show-toplevel [0ms]
2025-06-06 19:45:46.476 [info] > git rev-parse --show-toplevel [0ms]
2025-06-06 19:45:46.480 [info] > git rev-parse --show-toplevel [1ms]
2025-06-06 19:45:46.482 [info] > git rev-parse --show-toplevel [0ms]
2025-06-06 19:45:46.485 [info] > git rev-parse --show-toplevel [0ms]
2025-06-06 19:45:46.488 [info] > git rev-parse --show-toplevel [0ms]
2025-06-06 19:45:50.974 [info] > git config --get commit.template [1ms]
2025-06-06 19:45:50.978 [info] > git for-each-ref --format=%(refname)%00%(upstream:short)%00%(objectname)%00%(upstream:track)%00%(upstream:remotename)%00%(upstream:remoteref) refs/heads/stable refs/remotes/stable [1ms]
2025-06-06 19:45:50.980 [warning] [Git][revParse] Unable to read file: ENOENT: no such file or directory, open '/home/caroulder/AFLplusplus/.git/refs/remotes/origin/stable'
2025-06-06 19:45:50.980 [info] > git rev-parse refs/remotes/origin/stable [0ms]
2025-06-06 19:45:50.986 [info] > git status -z -uall [4ms]
2025-06-06 19:45:50.992 [info] > git for-each-ref --format=%(refname)%00%(upstream:short)%00%(objectname)%00%(upstream:track)%00%(upstream:remotename)%00%(upstream:remoteref) refs/heads/stable refs/remotes/stable [2ms]
2025-06-06 19:45:50.995 [info] > git config --local branch.stable.vscode-merge-base [1ms]
2025-06-06 19:45:50.998 [info] > git for-each-ref --format=%(refname)%00%(upstream:short)%00%(objectname)%00%(upstream:track)%00%(upstream:remotename)%00%(upstream:remoteref) refs/heads/origin/stable refs/remotes/origin/stable [1ms]
2025-06-06 19:45:51.498 [info] > git rev-parse --show-toplevel [0ms]
2025-06-06 19:45:51.501 [info] > git rev-parse --show-toplevel [0ms]
2025-06-06 19:45:51.504 [info] > git rev-parse --show-toplevel [0ms]
2025-06-06 19:45:51.507 [info] > git rev-parse --show-toplevel [0ms]
2025-06-06 19:45:51.509 [info] > git rev-parse --show-toplevel [0ms]
2025-06-06 19:45:51.511 [info] > git rev-parse --show-toplevel [0ms]
2025-06-06 19:45:51.514 [info] > git rev-parse --show-toplevel [0ms]
2025-06-06 19:45:51.517 [info] > git rev-parse --show-toplevel [1ms]
2025-06-06 19:45:51.520 [info] > git rev-parse --show-toplevel [1ms]
2025-06-06 19:45:56.002 [info] > git config --get commit.template [1ms]
2025-06-06 19:45:56.005 [info] > git for-each-ref --format=%(refname)%00%(upstream:short)%00%(objectname)%00%(upstream:track)%00%(upstream:remotename)%00%(upstream:remoteref) refs/heads/stable refs/remotes/stable [0ms]
2025-06-06 19:45:56.007 [warning] [Git][revParse] Unable to read file: ENOENT: no such file or directory, open '/home/caroulder/AFLplusplus/.git/refs/remotes/origin/stable'
2025-06-06 19:45:56.008 [info] > git rev-parse refs/remotes/origin/stable [1ms]
2025-06-06 19:45:56.013 [info] > git status -z -uall [3ms]
2025-06-06 19:45:56.020 [info] > git for-each-ref --format=%(refname)%00%(upstream:short)%00%(objectname)%00%(upstream:track)%00%(upstream:remotename)%00%(upstream:remoteref) refs/heads/stable refs/remotes/stable [3ms]
2025-06-06 19:45:56.023 [info] > git config --local branch.stable.vscode-merge-base [1ms]
2025-06-06 19:45:56.026 [info] > git for-each-ref --format=%(refname)%00%(upstream:short)%00%(objectname)%00%(upstream:track)%00%(upstream:remotename)%00%(upstream:remoteref) refs/heads/origin/stable refs/remotes/origin/stable [1ms]
2025-06-06 19:45:56.523 [info] > git rev-parse --show-toplevel [1ms]
2025-06-06 19:45:56.525 [info] > git rev-parse --show-toplevel [0ms]
2025-06-06 19:45:56.528 [info] > git rev-parse --show-toplevel [0ms]
2025-06-06 19:45:56.531 [info] > git rev-parse --show-toplevel [0ms]
2025-06-06 19:45:56.548 [info] > git rev-parse --show-toplevel [1ms]
2025-06-06 19:45:56.551 [info] > git rev-parse --show-toplevel [1ms]
2025-06-06 19:45:56.553 [info] > git rev-parse --show-toplevel [0ms]
2025-06-06 19:45:56.556 [info] > git rev-parse --show-toplevel [0ms]
2025-06-06 19:45:56.559 [info] > git rev-parse --show-toplevel [1ms]
2025-06-06 19:46:01.028 [info] > git config --get commit.template [1ms]
2025-06-06 19:46:01.031 [info] > git for-each-ref --format=%(refname)%00%(upstream:short)%00%(objectname)%00%(upstream:track)%00%(upstream:remotename)%00%(upstream:remoteref) refs/heads/stable refs/remotes/stable [1ms]
2025-06-06 19:46:01.033 [warning] [Git][revParse] Unable to read file: ENOENT: no such file or directory, open '/home/caroulder/AFLplusplus/.git/refs/remotes/origin/stable'
2025-06-06 19:46:01.034 [info] > git rev-parse refs/remotes/origin/stable [1ms]
2025-06-06 19:46:01.040 [info] > git status -z -uall [4ms]
2025-06-06 19:46:01.046 [info] > git for-each-ref --format=%(refname)%00%(upstream:short)%00%(objectname)%00%(upstream:track)%00%(upstream:remotename)%00%(upstream:remoteref) refs/heads/stable refs/remotes/stable [2ms]
2025-06-06 19:46:01.049 [info] > git config --local branch.stable.vscode-merge-base [1ms]
2025-06-06 19:46:01.052 [info] > git for-each-ref --format=%(refname)%00%(upstream:short)%00%(objectname)%00%(upstream:track)%00%(upstream:remotename)%00%(upstream:remoteref) refs/heads/origin/stable refs/remotes/origin/stable [0ms]
2025-06-06 19:46:01.554 [info] > git rev-parse --show-toplevel [1ms]
2025-06-06 19:46:01.558 [info] > git rev-parse --show-toplevel [1ms]
2025-06-06 19:46:01.560 [info] > git rev-parse --show-toplevel [0ms]
2025-06-06 19:46:01.563 [info] > git rev-parse --show-toplevel [0ms]
2025-06-06 19:46:01.566 [info] > git rev-parse --show-toplevel [0ms]
2025-06-06 19:46:01.569 [info] > git rev-parse --show-toplevel [1ms]
2025-06-06 19:46:01.571 [info] > git rev-parse --show-toplevel [0ms]
2025-06-06 19:46:01.574 [info] > git rev-parse --show-toplevel [1ms]
2025-06-06 19:46:01.576 [info] > git rev-parse --show-toplevel [0ms]
2025-06-06 19:46:06.054 [info] > git for-each-ref --format=%(refname)%00%(upstream:short)%00%(objectname)%00%(upstream:track)%00%(upstream:remotename)%00%(upstream:remoteref) refs/heads/stable refs/remotes/stable [1ms]
2025-06-06 19:46:06.054 [info] > git config --get commit.template [4ms]
2025-06-06 19:46:06.057 [warning] [Git][revParse] Unable to read file: ENOENT: no such file or directory, open '/home/caroulder/AFLplusplus/.git/refs/remotes/origin/stable'
2025-06-06 19:46:06.057 [info] > git rev-parse refs/remotes/origin/stable [0ms]
2025-06-06 19:46:06.064 [info] > git status -z -uall [4ms]
2025-06-06 19:46:06.070 [info] > git for-each-ref --format=%(refname)%00%(upstream:short)%00%(objectname)%00%(upstream:track)%00%(upstream:remotename)%00%(upstream:remoteref) refs/heads/stable refs/remotes/stable [2ms]
2025-06-06 19:46:06.074 [info] > git config --local branch.stable.vscode-merge-base [1ms]
2025-06-06 19:46:06.078 [info] > git for-each-ref --format=%(refname)%00%(upstream:short)%00%(objectname)%00%(upstream:track)%00%(upstream:remotename)%00%(upstream:remoteref) refs/heads/origin/stable refs/remotes/origin/stable [0ms]
2025-06-06 19:46:06.573 [info] > git rev-parse --show-toplevel [0ms]
2025-06-06 19:46:06.577 [info] > git rev-parse --show-toplevel [1ms]
2025-06-06 19:46:06.580 [info] > git rev-parse --show-toplevel [1ms]
2025-06-06 19:46:06.583 [info] > git rev-parse --show-toplevel [1ms]
2025-06-06 19:46:06.585 [info] > git rev-parse --show-toplevel [0ms]
2025-06-06 19:46:06.588 [info] > git rev-parse --show-toplevel [1ms]
2025-06-06 19:46:06.591 [info] > git rev-parse --show-toplevel [1ms]
2025-06-06 19:46:06.593 [info] > git rev-parse --show-toplevel [0ms]
2025-06-06 19:46:06.596 [info] > git rev-parse --show-toplevel [0ms]
2025-06-06 19:46:11.079 [info] > git config --get commit.template [1ms]
2025-06-06 19:46:11.082 [info] > git for-each-ref --format=%(refname)%00%(upstream:short)%00%(objectname)%00%(upstream:track)%00%(upstream:remotename)%00%(upstream:remoteref) refs/heads/stable refs/remotes/stable [1ms]
2025-06-06 19:46:11.084 [warning] [Git][revParse] Unable to read file: ENOENT: no such file or directory, open '/home/caroulder/AFLplusplus/.git/refs/remotes/origin/stable'
2025-06-06 19:46:11.085 [info] > git rev-parse refs/remotes/origin/stable [1ms]
2025-06-06 19:46:11.091 [info] > git status -z -uall [4ms]
2025-06-06 19:46:11.096 [info] > git for-each-ref --format=%(refname)%00%(upstream:short)%00%(objectname)%00%(upstream:track)%00%(upstream:remotename)%00%(upstream:remoteref) refs/heads/stable refs/remotes/stable [2ms]
2025-06-06 19:46:11.098 [info] > git config --local branch.stable.vscode-merge-base [0ms]
2025-06-06 19:46:11.101 [info] > git for-each-ref --format=%(refname)%00%(upstream:short)%00%(objectname)%00%(upstream:track)%00%(upstream:remotename)%00%(upstream:remoteref) refs/heads/origin/stable refs/remotes/origin/stable [1ms]
2025-06-06 19:46:11.602 [info] > git rev-parse --show-toplevel [1ms]
2025-06-06 19:46:11.606 [info] > git rev-parse --show-toplevel [1ms]
2025-06-06 19:46:11.608 [info] > git rev-parse --show-toplevel [0ms]
2025-06-06 19:46:11.611 [info] > git rev-parse --show-toplevel [1ms]
2025-06-06 19:46:11.613 [info] > git rev-parse --show-toplevel [0ms]
2025-06-06 19:46:11.616 [info] > git rev-parse --show-toplevel [1ms]
2025-06-06 19:46:11.619 [info] > git rev-parse --show-toplevel [1ms]
2025-06-06 19:46:11.621 [info] > git rev-parse --show-toplevel [1ms]
2025-06-06 19:46:11.623 [info] > git rev-parse --show-toplevel [0ms]
2025-06-06 19:46:16.104 [info] > git config --get commit.template [3ms]
2025-06-06 19:46:16.105 [info] > git for-each-ref --format=%(refname)%00%(upstream:short)%00%(objectname)%00%(upstream:track)%00%(upstream:remotename)%00%(upstream:remoteref) refs/heads/stable refs/remotes/stable [1ms]
2025-06-06 19:46:16.107 [warning] [Git][revParse] Unable to read file: ENOENT: no such file or directory, open '/home/caroulder/AFLplusplus/.git/refs/remotes/origin/stable'
2025-06-06 19:46:16.108 [info] > git rev-parse refs/remotes/origin/stable [1ms]
2025-06-06 19:46:16.114 [info] > git status -z -uall [4ms]
2025-06-06 19:46:16.119 [info] > git for-each-ref --format=%(refname)%00%(upstream:short)%00%(objectname)%00%(upstream:track)%00%(upstream:remotename)%00%(upstream:remoteref) refs/heads/stable refs/remotes/stable [2ms]
2025-06-06 19:46:16.123 [info] > git config --local branch.stable.vscode-merge-base [1ms]
2025-06-06 19:46:16.127 [info] > git for-each-ref --format=%(refname)%00%(upstream:short)%00%(objectname)%00%(upstream:track)%00%(upstream:remotename)%00%(upstream:remoteref) refs/heads/origin/stable refs/remotes/origin/stable [1ms]
2025-06-06 19:46:16.624 [info] > git rev-parse --show-toplevel [0ms]
2025-06-06 19:46:16.628 [info] > git rev-parse --show-toplevel [0ms]
2025-06-06 19:46:16.631 [info] > git rev-parse --show-toplevel [0ms]
2025-06-06 19:46:16.634 [info] > git rev-parse --show-toplevel [1ms]
2025-06-06 19:46:16.637 [info] > git rev-parse --show-toplevel [0ms]
2025-06-06 19:46:16.640 [info] > git rev-parse --show-toplevel [0ms]
2025-06-06 19:46:16.643 [info] > git rev-parse --show-toplevel [1ms]
2025-06-06 19:46:16.645 [info] > git rev-parse --show-toplevel [0ms]
2025-06-06 19:46:16.648 [info] > git rev-parse --show-toplevel [1ms]
2025-06-06 19:46:21.139 [info] > git config --get commit.template [4ms]
2025-06-06 19:46:21.139 [info] > git for-each-ref --format=%(refname)%00%(upstream:short)%00%(objectname)%00%(upstream:track)%00%(upstream:remotename)%00%(upstream:remoteref) refs/heads/stable refs/remotes/stable [1ms]
2025-06-06 19:46:21.141 [warning] [Git][revParse] Unable to read file: ENOENT: no such file or directory, open '/home/caroulder/AFLplusplus/.git/refs/remotes/origin/stable'
2025-06-06 19:46:21.142 [info] > git rev-parse refs/remotes/origin/stable [1ms]
2025-06-06 19:46:21.148 [info] > git status -z -uall [4ms]
2025-06-06 19:46:21.153 [info] > git for-each-ref --format=%(refname)%00%(upstream:short)%00%(objectname)%00%(upstream:track)%00%(upstream:remotename)%00%(upstream:remoteref) refs/heads/stable refs/remotes/stable [2ms]
2025-06-06 19:46:21.157 [info] > git config --local branch.stable.vscode-merge-base [1ms]
2025-06-06 19:46:21.160 [info] > git for-each-ref --format=%(refname)%00%(upstream:short)%00%(objectname)%00%(upstream:track)%00%(upstream:remotename)%00%(upstream:remoteref) refs/heads/origin/stable refs/remotes/origin/stable [0ms]
2025-06-06 19:46:21.666 [info] > git rev-parse --show-toplevel [7ms]
2025-06-06 19:46:21.669 [info] > git rev-parse --show-toplevel [0ms]
2025-06-06 19:46:21.672 [info] > git rev-parse --show-toplevel [0ms]
2025-06-06 19:46:21.675 [info] > git rev-parse --show-toplevel [1ms]
2025-06-06 19:46:21.678 [info] > git rev-parse --show-toplevel [1ms]
2025-06-06 19:46:21.680 [info] > git rev-parse --show-toplevel [0ms]
2025-06-06 19:46:21.684 [info] > git rev-parse --show-toplevel [1ms]
2025-06-06 19:46:21.686 [info] > git rev-parse --show-toplevel [0ms]
2025-06-06 19:46:21.689 [info] > git rev-parse --show-toplevel [0ms]
2025-06-06 19:46:26.167 [info] > git config --get commit.template [1ms]
2025-06-06 19:46:26.170 [info] > git for-each-ref --format=%(refname)%00%(upstream:short)%00%(objectname)%00%(upstream:track)%00%(upstream:remotename)%00%(upstream:remoteref) refs/heads/stable refs/remotes/stable [1ms]
2025-06-06 19:46:26.172 [warning] [Git][revParse] Unable to read file: ENOENT: no such file or directory, open '/home/caroulder/AFLplusplus/.git/refs/remotes/origin/stable'
2025-06-06 19:46:26.173 [info] > git rev-parse refs/remotes/origin/stable [1ms]
2025-06-06 19:46:26.179 [info] > git status -z -uall [4ms]
2025-06-06 19:46:26.184 [info] > git for-each-ref --format=%(refname)%00%(upstream:short)%00%(objectname)%00%(upstream:track)%00%(upstream:remotename)%00%(upstream:remoteref) refs/heads/stable refs/remotes/stable [2ms]
2025-06-06 19:46:26.187 [info] > git config --local branch.stable.vscode-merge-base [1ms]
2025-06-06 19:46:26.190 [info] > git for-each-ref --format=%(refname)%00%(upstream:short)%00%(objectname)%00%(upstream:track)%00%(upstream:remotename)%00%(upstream:remoteref) refs/heads/origin/stable refs/remotes/origin/stable [0ms]
2025-06-06 19:46:26.688 [info] > git rev-parse --show-toplevel [1ms]
2025-06-06 19:46:26.692 [info] > git rev-parse --show-toplevel [1ms]
2025-06-06 19:46:26.695 [info] > git rev-parse --show-toplevel [1ms]
2025-06-06 19:46:26.699 [info] > git rev-parse --show-toplevel [0ms]
2025-06-06 19:46:26.702 [info] > git rev-parse --show-toplevel [0ms]
2025-06-06 19:46:26.706 [info] > git rev-parse --show-toplevel [1ms]
2025-06-06 19:46:26.709 [info] > git rev-parse --show-toplevel [1ms]
2025-06-06 19:46:26.712 [info] > git rev-parse --show-toplevel [1ms]
2025-06-06 19:46:26.714 [info] > git rev-parse --show-toplevel [0ms]
2025-06-06 19:46:31.193 [info] > git config --get commit.template [1ms]
2025-06-06 19:46:31.197 [info] > git for-each-ref --format=%(refname)%00%(upstream:short)%00%(objectname)%00%(upstream:track)%00%(upstream:remotename)%00%(upstream:remoteref) refs/heads/stable refs/remotes/stable [0ms]
2025-06-06 19:46:31.200 [warning] [Git][revParse] Unable to read file: ENOENT: no such file or directory, open '/home/caroulder/AFLplusplus/.git/refs/remotes/origin/stable'
2025-06-06 19:46:31.200 [info] > git rev-parse refs/remotes/origin/stable [0ms]
2025-06-06 19:46:31.205 [info] > git status -z -uall [3ms]
2025-06-06 19:46:31.211 [info] > git for-each-ref --format=%(refname)%00%(upstream:short)%00%(objectname)%00%(upstream:track)%00%(upstream:remotename)%00%(upstream:remoteref) refs/heads/stable refs/remotes/stable [2ms]
2025-06-06 19:46:31.215 [info] > git config --local branch.stable.vscode-merge-base [1ms]
2025-06-06 19:46:31.218 [info] > git for-each-ref --format=%(refname)%00%(upstream:short)%00%(objectname)%00%(upstream:track)%00%(upstream:remotename)%00%(upstream:remoteref) refs/heads/origin/stable refs/remotes/origin/stable [0ms]
2025-06-06 19:46:31.717 [info] > git rev-parse --show-toplevel [0ms]
2025-06-06 19:46:31.721 [info] > git rev-parse --show-toplevel [0ms]
2025-06-06 19:46:31.724 [info] > git rev-parse --show-toplevel [1ms]
2025-06-06 19:46:31.726 [info] > git rev-parse --show-toplevel [0ms]
2025-06-06 19:46:31.729 [info] > git rev-parse --show-toplevel [1ms]
2025-06-06 19:46:31.731 [info] > git rev-parse --show-toplevel [0ms]
2025-06-06 19:46:31.734 [info] > git rev-parse --show-toplevel [1ms]
2025-06-06 19:46:31.738 [info] > git rev-parse --show-toplevel [2ms]
2025-06-06 19:46:31.740 [info] > git rev-parse --show-toplevel [0ms]
2025-06-06 19:46:36.221 [info] > git config --get commit.template [1ms]
2025-06-06 19:46:36.224 [info] > git for-each-ref --format=%(refname)%00%(upstream:short)%00%(objectname)%00%(upstream:track)%00%(upstream:remotename)%00%(upstream:remoteref) refs/heads/stable refs/remotes/stable [1ms]
2025-06-06 19:46:36.226 [warning] [Git][revParse] Unable to read file: ENOENT: no such file or directory, open '/home/caroulder/AFLplusplus/.git/refs/remotes/origin/stable'
2025-06-06 19:46:36.227 [info] > git rev-parse refs/remotes/origin/stable [1ms]
2025-06-06 19:46:36.233 [info] > git status -z -uall [4ms]
2025-06-06 19:46:36.238 [info] > git for-each-ref --format=%(refname)%00%(upstream:short)%00%(objectname)%00%(upstream:track)%00%(upstream:remotename)%00%(upstream:remoteref) refs/heads/stable refs/remotes/stable [1ms]
2025-06-06 19:46:36.242 [info] > git config --local branch.stable.vscode-merge-base [1ms]
2025-06-06 19:46:36.245 [info] > git for-each-ref --format=%(refname)%00%(upstream:short)%00%(objectname)%00%(upstream:track)%00%(upstream:remotename)%00%(upstream:remoteref) refs/heads/origin/stable refs/remotes/origin/stable [0ms]
2025-06-06 19:46:36.744 [info] > git rev-parse --show-toplevel [1ms]
2025-06-06 19:46:36.748 [info] > git rev-parse --show-toplevel [1ms]
2025-06-06 19:46:36.750 [info] > git rev-parse --show-toplevel [0ms]
2025-06-06 19:46:36.753 [info] > git rev-parse --show-toplevel [0ms]
2025-06-06 19:46:36.757 [info] > git rev-parse --show-toplevel [1ms]
2025-06-06 19:46:36.760 [info] > git rev-parse --show-toplevel [1ms]
2025-06-06 19:46:36.762 [info] > git rev-parse --show-toplevel [0ms]
2025-06-06 19:46:36.765 [info] > git rev-parse --show-toplevel [1ms]
2025-06-06 19:46:36.768 [info] > git rev-parse --show-toplevel [1ms]
2025-06-06 19:46:41.250 [info] > git config --get commit.template [3ms]
2025-06-06 19:46:41.250 [info] > git for-each-ref --format=%(refname)%00%(upstream:short)%00%(objectname)%00%(upstream:track)%00%(upstream:remotename)%00%(upstream:remoteref) refs/heads/stable refs/remotes/stable [1ms]
2025-06-06 19:46:41.252 [warning] [Git][revParse] Unable to read file: ENOENT: no such file or directory, open '/home/caroulder/AFLplusplus/.git/refs/remotes/origin/stable'
2025-06-06 19:46:41.253 [info] > git rev-parse refs/remotes/origin/stable [1ms]
2025-06-06 19:46:41.259 [info] > git status -z -uall [4ms]
2025-06-06 19:46:41.264 [info] > git for-each-ref --format=%(refname)%00%(upstream:short)%00%(objectname)%00%(upstream:track)%00%(upstream:remotename)%00%(upstream:remoteref) refs/heads/stable refs/remotes/stable [2ms]
2025-06-06 19:46:41.268 [info] > git config --local branch.stable.vscode-merge-base [1ms]
2025-06-06 19:46:41.271 [info] > git for-each-ref --format=%(refname)%00%(upstream:short)%00%(objectname)%00%(upstream:track)%00%(upstream:remotename)%00%(upstream:remoteref) refs/heads/origin/stable refs/remotes/origin/stable [1ms]
2025-06-06 19:46:41.768 [info] > git rev-parse --show-toplevel [0ms]
2025-06-06 19:46:41.772 [info] > git rev-parse --show-toplevel [0ms]
2025-06-06 19:46:41.775 [info] > git rev-parse --show-toplevel [0ms]
2025-06-06 19:46:41.778 [info] > git rev-parse --show-toplevel [0ms]
2025-06-06 19:46:41.781 [info] > git rev-parse --show-toplevel [1ms]
2025-06-06 19:46:41.783 [info] > git rev-parse --show-toplevel [0ms]
2025-06-06 19:46:41.786 [info] > git rev-parse --show-toplevel [1ms]
2025-06-06 19:46:41.788 [info] > git rev-parse --show-toplevel [0ms]
2025-06-06 19:46:41.791 [info] > git rev-parse --show-toplevel [0ms]
2025-06-06 19:46:46.270 [info] > git config --get commit.template [1ms]
2025-06-06 19:46:46.273 [info] > git for-each-ref --format=%(refname)%00%(upstream:short)%00%(objectname)%00%(upstream:track)%00%(upstream:remotename)%00%(upstream:remoteref) refs/heads/stable refs/remotes/stable [0ms]
2025-06-06 19:46:46.276 [warning] [Git][revParse] Unable to read file: ENOENT: no such file or directory, open '/home/caroulder/AFLplusplus/.git/refs/remotes/origin/stable'
2025-06-06 19:46:46.276 [info] > git rev-parse refs/remotes/origin/stable [0ms]
2025-06-06 19:46:46.282 [info] > git status -z -uall [4ms]
2025-06-06 19:46:46.288 [info] > git for-each-ref --format=%(refname)%00%(upstream:short)%00%(objectname)%00%(upstream:track)%00%(upstream:remotename)%00%(upstream:remoteref) refs/heads/stable refs/remotes/stable [3ms]
2025-06-06 19:46:46.299 [info] > git config --local branch.stable.vscode-merge-base [3ms]
2025-06-06 19:46:46.305 [info] > git for-each-ref --format=%(refname)%00%(upstream:short)%00%(objectname)%00%(upstream:track)%00%(upstream:remotename)%00%(upstream:remoteref) refs/heads/origin/stable refs/remotes/origin/stable [2ms]
2025-06-06 19:46:46.792 [info] > git rev-parse --show-toplevel [0ms]
2025-06-06 19:46:46.796 [info] > git rev-parse --show-toplevel [0ms]
2025-06-06 19:46:46.800 [info] > git rev-parse --show-toplevel [1ms]
2025-06-06 19:46:46.803 [info] > git rev-parse --show-toplevel [0ms]
2025-06-06 19:46:46.806 [info] > git rev-parse --show-toplevel [1ms]
2025-06-06 19:46:46.809 [info] > git rev-parse --show-toplevel [1ms]
2025-06-06 19:46:46.812 [info] > git rev-parse --show-toplevel [1ms]
2025-06-06 19:46:46.814 [info] > git rev-parse --show-toplevel [0ms]
2025-06-06 19:46:46.817 [info] > git rev-parse --show-toplevel [0ms]
2025-06-06 19:46:51.314 [info] > git config --get commit.template [2ms]
2025-06-06 19:46:51.317 [info] > git for-each-ref --format=%(refname)%00%(upstream:short)%00%(objectname)%00%(upstream:track)%00%(upstream:remotename)%00%(upstream:remoteref) refs/heads/stable refs/remotes/stable [1ms]
2025-06-06 19:46:51.320 [warning] [Git][revParse] Unable to read file: ENOENT: no such file or directory, open '/home/caroulder/AFLplusplus/.git/refs/remotes/origin/stable'
2025-06-06 19:46:51.320 [info] > git rev-parse refs/remotes/origin/stable [0ms]
2025-06-06 19:46:51.326 [info] > git status -z -uall [4ms]
2025-06-06 19:46:51.331 [info] > git for-each-ref --format=%(refname)%00%(upstream:short)%00%(objectname)%00%(upstream:track)%00%(upstream:remotename)%00%(upstream:remoteref) refs/heads/stable refs/remotes/stable [2ms]
2025-06-06 19:46:51.335 [info] > git config --local branch.stable.vscode-merge-base [1ms]
2025-06-06 19:46:51.338 [info] > git for-each-ref --format=%(refname)%00%(upstream:short)%00%(objectname)%00%(upstream:track)%00%(upstream:remotename)%00%(upstream:remoteref) refs/heads/origin/stable refs/remotes/origin/stable [1ms]
2025-06-06 19:46:51.834 [info] > git rev-parse --show-toplevel [1ms]
2025-06-06 19:46:51.837 [info] > git rev-parse --show-toplevel [0ms]
2025-06-06 19:46:51.840 [info] > git rev-parse --show-toplevel [0ms]
2025-06-06 19:46:51.843 [info] > git rev-parse --show-toplevel [0ms]
2025-06-06 19:46:51.846 [info] > git rev-parse --show-toplevel [1ms]
2025-06-06 19:46:51.849 [info] > git rev-parse --show-toplevel [1ms]
2025-06-06 19:46:51.851 [info] > git rev-parse --show-toplevel [0ms]
2025-06-06 19:46:51.854 [info] > git rev-parse --show-toplevel [1ms]
2025-06-06 19:46:51.857 [info] > git rev-parse --show-toplevel [1ms]
2025-06-06 19:46:56.338 [info] > git config --get commit.template [1ms]
2025-06-06 19:46:56.341 [info] > git for-each-ref --format=%(refname)%00%(upstream:short)%00%(objectname)%00%(upstream:track)%00%(upstream:remotename)%00%(upstream:remoteref) refs/heads/stable refs/remotes/stable [1ms]
2025-06-06 19:46:56.344 [warning] [Git][revParse] Unable to read file: ENOENT: no such file or directory, open '/home/caroulder/AFLplusplus/.git/refs/remotes/origin/stable'
2025-06-06 19:46:56.344 [info] > git rev-parse refs/remotes/origin/stable [0ms]
2025-06-06 19:46:56.350 [info] > git status -z -uall [4ms]
2025-06-06 19:46:56.355 [info] > git for-each-ref --format=%(refname)%00%(upstream:short)%00%(objectname)%00%(upstream:track)%00%(upstream:remotename)%00%(upstream:remoteref) refs/heads/stable refs/remotes/stable [2ms]
2025-06-06 19:46:56.358 [info] > git config --local branch.stable.vscode-merge-base [0ms]
2025-06-06 19:46:56.361 [info] > git for-each-ref --format=%(refname)%00%(upstream:short)%00%(objectname)%00%(upstream:track)%00%(upstream:remotename)%00%(upstream:remoteref) refs/heads/origin/stable refs/remotes/origin/stable [0ms]
2025-06-06 19:46:56.861 [info] > git rev-parse --show-toplevel [0ms]
2025-06-06 19:46:56.864 [info] > git rev-parse --show-toplevel [0ms]
2025-06-06 19:46:56.866 [info] > git rev-parse --show-toplevel [0ms]
2025-06-06 19:46:56.869 [info] > git rev-parse --show-toplevel [0ms]
2025-06-06 19:46:56.872 [info] > git rev-parse --show-toplevel [1ms]
2025-06-06 19:46:56.874 [info] > git rev-parse --show-toplevel [0ms]
2025-06-06 19:46:56.877 [info] > git rev-parse --show-toplevel [1ms]
2025-06-06 19:46:56.879 [info] > git rev-parse --show-toplevel [0ms]
2025-06-06 19:46:56.882 [info] > git rev-parse --show-toplevel [0ms]
2025-06-06 19:47:01.365 [info] > git config --get commit.template [1ms]
2025-06-06 19:47:01.368 [info] > git for-each-ref --format=%(refname)%00%(upstream:short)%00%(objectname)%00%(upstream:track)%00%(upstream:remotename)%00%(upstream:remoteref) refs/heads/stable refs/remotes/stable [1ms]
2025-06-06 19:47:01.371 [warning] [Git][revParse] Unable to read file: ENOENT: no such file or directory, open '/home/caroulder/AFLplusplus/.git/refs/remotes/origin/stable'
2025-06-06 19:47:01.371 [info] > git rev-parse refs/remotes/origin/stable [0ms]
2025-06-06 19:47:01.377 [info] > git status -z -uall [4ms]
2025-06-06 19:47:01.381 [info] > git for-each-ref --format=%(refname)%00%(upstream:short)%00%(objectname)%00%(upstream:track)%00%(upstream:remotename)%00%(upstream:remoteref) refs/heads/stable refs/remotes/stable [2ms]
2025-06-06 19:47:01.384 [info] > git config --local branch.stable.vscode-merge-base [1ms]
2025-06-06 19:47:01.387 [info] > git for-each-ref --format=%(refname)%00%(upstream:short)%00%(objectname)%00%(upstream:track)%00%(upstream:remotename)%00%(upstream:remoteref) refs/heads/origin/stable refs/remotes/origin/stable [1ms]
2025-06-06 19:47:01.902 [info] > git rev-parse --show-toplevel [1ms]
2025-06-06 19:47:01.906 [info] > git rev-parse --show-toplevel [0ms]
2025-06-06 19:47:01.910 [info] > git rev-parse --show-toplevel [1ms]
2025-06-06 19:47:01.913 [info] > git rev-parse --show-toplevel [1ms]
2025-06-06 19:47:01.916 [info] > git rev-parse --show-toplevel [1ms]
2025-06-06 19:47:01.918 [info] > git rev-parse --show-toplevel [0ms]
2025-06-06 19:47:01.921 [info] > git rev-parse --show-toplevel [1ms]
2025-06-06 19:47:01.924 [info] > git rev-parse --show-toplevel [1ms]
2025-06-06 19:47:01.926 [info] > git rev-parse --show-toplevel [0ms]
2025-06-06 19:47:06.434 [info] > git config --get commit.template [1ms]
2025-06-06 19:47:06.438 [info] > git for-each-ref --format=%(refname)%00%(upstream:short)%00%(objectname)%00%(upstream:track)%00%(upstream:remotename)%00%(upstream:remoteref) refs/heads/stable refs/remotes/stable [1ms]
2025-06-06 19:47:06.441 [warning] [Git][revParse] Unable to read file: ENOENT: no such file or directory, open '/home/caroulder/AFLplusplus/.git/refs/remotes/origin/stable'
2025-06-06 19:47:06.441 [info] > git rev-parse refs/remotes/origin/stable [0ms]
2025-06-06 19:47:06.447 [info] > git status -z -uall [4ms]
2025-06-06 19:47:06.452 [info] > git for-each-ref --format=%(refname)%00%(upstream:short)%00%(objectname)%00%(upstream:track)%00%(upstream:remotename)%00%(upstream:remoteref) refs/heads/stable refs/remotes/stable [2ms]
2025-06-06 19:47:06.456 [info] > git config --local branch.stable.vscode-merge-base [1ms]
2025-06-06 19:47:06.459 [info] > git for-each-ref --format=%(refname)%00%(upstream:short)%00%(objectname)%00%(upstream:track)%00%(upstream:remotename)%00%(upstream:remoteref) refs/heads/origin/stable refs/remotes/origin/stable [1ms]
2025-06-06 19:47:06.957 [info] > git rev-parse --show-toplevel [1ms]
2025-06-06 19:47:06.960 [info] > git rev-parse --show-toplevel [0ms]
2025-06-06 19:47:06.963 [info] > git rev-parse --show-toplevel [0ms]
2025-06-06 19:47:06.966 [info] > git rev-parse --show-toplevel [0ms]
2025-06-06 19:47:06.969 [info] > git rev-parse --show-toplevel [1ms]
2025-06-06 19:47:06.971 [info] > git rev-parse --show-toplevel [0ms]
2025-06-06 19:47:06.974 [info] > git rev-parse --show-toplevel [0ms]
2025-06-06 19:47:06.979 [info] > git rev-parse --show-toplevel [1ms]
2025-06-06 19:47:06.982 [info] > git rev-parse --show-toplevel [1ms]
2025-06-06 19:47:11.463 [info] > git config --get commit.template [1ms]
2025-06-06 19:47:11.466 [info] > git for-each-ref --format=%(refname)%00%(upstream:short)%00%(objectname)%00%(upstream:track)%00%(upstream:remotename)%00%(upstream:remoteref) refs/heads/stable refs/remotes/stable [1ms]
2025-06-06 19:47:11.468 [warning] [Git][revParse] Unable to read file: ENOENT: no such file or directory, open '/home/caroulder/AFLplusplus/.git/refs/remotes/origin/stable'
2025-06-06 19:47:11.469 [info] > git rev-parse refs/remotes/origin/stable [1ms]
2025-06-06 19:47:11.474 [info] > git status -z -uall [3ms]
2025-06-06 19:47:11.480 [info] > git for-each-ref --format=%(refname)%00%(upstream:short)%00%(objectname)%00%(upstream:track)%00%(upstream:remotename)%00%(upstream:remoteref) refs/heads/stable refs/remotes/stable [2ms]
2025-06-06 19:47:11.485 [info] > git config --local branch.stable.vscode-merge-base [1ms]
2025-06-06 19:47:11.490 [info] > git for-each-ref --format=%(refname)%00%(upstream:short)%00%(objectname)%00%(upstream:track)%00%(upstream:remotename)%00%(upstream:remoteref) refs/heads/origin/stable refs/remotes/origin/stable [0ms]
2025-06-06 19:47:11.995 [info] > git rev-parse --show-toplevel [4ms]
2025-06-06 19:47:12.001 [info] > git rev-parse --show-toplevel [1ms]
2025-06-06 19:47:12.004 [info] > git rev-parse --show-toplevel [0ms]
2025-06-06 19:47:12.010 [info] > git rev-parse --show-toplevel [1ms]
2025-06-06 19:47:12.014 [info] > git rev-parse --show-toplevel [1ms]
2025-06-06 19:47:12.017 [info] > git rev-parse --show-toplevel [0ms]
2025-06-06 19:47:12.019 [info] > git rev-parse --show-toplevel [0ms]
2025-06-06 19:47:12.022 [info] > git rev-parse --show-toplevel [0ms]
2025-06-06 19:47:12.025 [info] > git rev-parse --show-toplevel [0ms]
2025-06-06 19:47:16.492 [info] > git config --get commit.template [1ms]
2025-06-06 19:47:16.495 [info] > git for-each-ref --format=%(refname)%00%(upstream:short)%00%(objectname)%00%(upstream:track)%00%(upstream:remotename)%00%(upstream:remoteref) refs/heads/stable refs/remotes/stable [0ms]
2025-06-06 19:47:16.498 [warning] [Git][revParse] Unable to read file: ENOENT: no such file or directory, open '/home/caroulder/AFLplusplus/.git/refs/remotes/origin/stable'
2025-06-06 19:47:16.498 [info] > git rev-parse refs/remotes/origin/stable [0ms]
2025-06-06 19:47:16.504 [info] > git status -z -uall [4ms]
2025-06-06 19:47:16.510 [info] > git for-each-ref --format=%(refname)%00%(upstream:short)%00%(objectname)%00%(upstream:track)%00%(upstream:remotename)%00%(upstream:remoteref) refs/heads/stable refs/remotes/stable [2ms]
2025-06-06 19:47:16.514 [info] > git config --local branch.stable.vscode-merge-base [1ms]
2025-06-06 19:47:16.517 [info] > git for-each-ref --format=%(refname)%00%(upstream:short)%00%(objectname)%00%(upstream:track)%00%(upstream:remotename)%00%(upstream:remoteref) refs/heads/origin/stable refs/remotes/origin/stable [1ms]
2025-06-06 19:47:17.013 [info] > git rev-parse --show-toplevel [1ms]
2025-06-06 19:47:17.016 [info] > git rev-parse --show-toplevel [1ms]
2025-06-06 19:47:17.019 [info] > git rev-parse --show-toplevel [1ms]
2025-06-06 19:47:17.022 [info] > git rev-parse --show-toplevel [1ms]
2025-06-06 19:47:17.024 [info] > git rev-parse --show-toplevel [0ms]
2025-06-06 19:47:17.027 [info] > git rev-parse --show-toplevel [0ms]
2025-06-06 19:47:17.030 [info] > git rev-parse --show-toplevel [1ms]
2025-06-06 19:47:17.033 [info] > git rev-parse --show-toplevel [1ms]
2025-06-06 19:47:17.036 [info] > git rev-parse --show-toplevel [1ms]
2025-06-06 19:47:21.520 [info] > git config --get commit.template [1ms]
2025-06-06 19:47:21.524 [info] > git for-each-ref --format=%(refname)%00%(upstream:short)%00%(objectname)%00%(upstream:track)%00%(upstream:remotename)%00%(upstream:remoteref) refs/heads/stable refs/remotes/stable [1ms]
2025-06-06 19:47:21.526 [warning] [Git][revParse] Unable to read file: ENOENT: no such file or directory, open '/home/caroulder/AFLplusplus/.git/refs/remotes/origin/stable'
2025-06-06 19:47:21.527 [info] > git rev-parse refs/remotes/origin/stable [1ms]
2025-06-06 19:47:21.533 [info] > git status -z -uall [4ms]
2025-06-06 19:47:21.538 [info] > git for-each-ref --format=%(refname)%00%(upstream:short)%00%(objectname)%00%(upstream:track)%00%(upstream:remotename)%00%(upstream:remoteref) refs/heads/stable refs/remotes/stable [2ms]
2025-06-06 19:47:21.542 [info] > git config --local branch.stable.vscode-merge-base [1ms]
2025-06-06 19:47:21.545 [info] > git for-each-ref --format=%(refname)%00%(upstream:short)%00%(objectname)%00%(upstream:track)%00%(upstream:remotename)%00%(upstream:remoteref) refs/heads/origin/stable refs/remotes/origin/stable [0ms]
2025-06-06 19:47:22.045 [info] > git rev-parse --show-toplevel [0ms]
2025-06-06 19:47:22.050 [info] > git rev-parse --show-toplevel [1ms]
2025-06-06 19:47:22.053 [info] > git rev-parse --show-toplevel [1ms]
2025-06-06 19:47:22.056 [info] > git rev-parse --show-toplevel [1ms]
2025-06-06 19:47:22.058 [info] > git rev-parse --show-toplevel [0ms]
2025-06-06 19:47:22.061 [info] > git rev-parse --show-toplevel [0ms]
2025-06-06 19:47:22.064 [info] > git rev-parse --show-toplevel [1ms]
2025-06-06 19:47:22.067 [info] > git rev-parse --show-toplevel [1ms]
2025-06-06 19:47:22.069 [info] > git rev-parse --show-toplevel [1ms]
2025-06-06 19:47:26.548 [info] > git config --get commit.template [1ms]
2025-06-06 19:47:26.552 [info] > git for-each-ref --format=%(refname)%00%(upstream:short)%00%(objectname)%00%(upstream:track)%00%(upstream:remotename)%00%(upstream:remoteref) refs/heads/stable refs/remotes/stable [1ms]
2025-06-06 19:47:26.554 [warning] [Git][revParse] Unable to read file: ENOENT: no such file or directory, open '/home/caroulder/AFLplusplus/.git/refs/remotes/origin/stable'
2025-06-06 19:47:26.554 [info] > git rev-parse refs/remotes/origin/stable [0ms]
2025-06-06 19:47:26.560 [info] > git status -z -uall [4ms]
2025-06-06 19:47:26.565 [info] > git for-each-ref --format=%(refname)%00%(upstream:short)%00%(objectname)%00%(upstream:track)%00%(upstream:remotename)%00%(upstream:remoteref) refs/heads/stable refs/remotes/stable [2ms]
2025-06-06 19:47:26.569 [info] > git config --local branch.stable.vscode-merge-base [1ms]
2025-06-06 19:47:26.572 [info] > git for-each-ref --format=%(refname)%00%(upstream:short)%00%(objectname)%00%(upstream:track)%00%(upstream:remotename)%00%(upstream:remoteref) refs/heads/origin/stable refs/remotes/origin/stable [1ms]
2025-06-06 19:47:27.074 [info] > git rev-parse --show-toplevel [1ms]
2025-06-06 19:47:27.078 [info] > git rev-parse --show-toplevel [0ms]
2025-06-06 19:47:27.083 [info] > git rev-parse --show-toplevel [1ms]
2025-06-06 19:47:27.086 [info] > git rev-parse --show-toplevel [0ms]
2025-06-06 19:47:27.089 [info] > git rev-parse --show-toplevel [0ms]
2025-06-06 19:47:27.092 [info] > git rev-parse --show-toplevel [0ms]
2025-06-06 19:47:27.095 [info] > git rev-parse --show-toplevel [0ms]
2025-06-06 19:47:27.098 [info] > git rev-parse --show-toplevel [1ms]
2025-06-06 19:47:27.101 [info] > git rev-parse --show-toplevel [1ms]
2025-06-06 19:47:31.576 [info] > git config --get commit.template [1ms]
2025-06-06 19:47:31.580 [info] > git for-each-ref --format=%(refname)%00%(upstream:short)%00%(objectname)%00%(upstream:track)%00%(upstream:remotename)%00%(upstream:remoteref) refs/heads/stable refs/remotes/stable [0ms]
2025-06-06 19:47:31.582 [warning] [Git][revParse] Unable to read file: ENOENT: no such file or directory, open '/home/caroulder/AFLplusplus/.git/refs/remotes/origin/stable'
2025-06-06 19:47:31.582 [info] > git rev-parse refs/remotes/origin/stable [0ms]
2025-06-06 19:47:31.588 [info] > git status -z -uall [4ms]
2025-06-06 19:47:31.593 [info] > git for-each-ref --format=%(refname)%00%(upstream:short)%00%(objectname)%00%(upstream:track)%00%(upstream:remotename)%00%(upstream:remoteref) refs/heads/stable refs/remotes/stable [2ms]
2025-06-06 19:47:31.597 [info] > git config --local branch.stable.vscode-merge-base [1ms]
2025-06-06 19:47:31.600 [info] > git for-each-ref --format=%(refname)%00%(upstream:short)%00%(objectname)%00%(upstream:track)%00%(upstream:remotename)%00%(upstream:remoteref) refs/heads/origin/stable refs/remotes/origin/stable [1ms]
2025-06-06 19:47:32.101 [info] > git rev-parse --show-toplevel [1ms]
2025-06-06 19:47:32.105 [info] > git rev-parse --show-toplevel [0ms]
2025-06-06 19:47:32.108 [info] > git rev-parse --show-toplevel [0ms]
2025-06-06 19:47:32.111 [info] > git rev-parse --show-toplevel [1ms]
2025-06-06 19:47:32.114 [info] > git rev-parse --show-toplevel [1ms]
2025-06-06 19:47:32.116 [info] > git rev-parse --show-toplevel [0ms]
2025-06-06 19:47:32.119 [info] > git rev-parse --show-toplevel [0ms]
2025-06-06 19:47:32.123 [info] > git rev-parse --show-toplevel [1ms]
2025-06-06 19:47:32.125 [info] > git rev-parse --show-toplevel [0ms]
2025-06-06 19:47:36.600 [info] > git config --get commit.template [1ms]
2025-06-06 19:47:36.604 [info] > git for-each-ref --format=%(refname)%00%(upstream:short)%00%(objectname)%00%(upstream:track)%00%(upstream:remotename)%00%(upstream:remoteref) refs/heads/stable refs/remotes/stable [0ms]
2025-06-06 19:47:36.606 [warning] [Git][revParse] Unable to read file: ENOENT: no such file or directory, open '/home/caroulder/AFLplusplus/.git/refs/remotes/origin/stable'
2025-06-06 19:47:36.606 [info] > git rev-parse refs/remotes/origin/stable [0ms]
2025-06-06 19:47:36.612 [info] > git status -z -uall [4ms]
2025-06-06 19:47:36.617 [info] > git for-each-ref --format=%(refname)%00%(upstream:short)%00%(objectname)%00%(upstream:track)%00%(upstream:remotename)%00%(upstream:remoteref) refs/heads/stable refs/remotes/stable [3ms]
2025-06-06 19:47:36.620 [info] > git config --local branch.stable.vscode-merge-base [0ms]
2025-06-06 19:47:36.624 [info] > git for-each-ref --format=%(refname)%00%(upstream:short)%00%(objectname)%00%(upstream:track)%00%(upstream:remotename)%00%(upstream:remoteref) refs/heads/origin/stable refs/remotes/origin/stable [1ms]
2025-06-06 19:47:37.121 [info] > git rev-parse --show-toplevel [1ms]
2025-06-06 19:47:37.124 [info] > git rev-parse --show-toplevel [0ms]
2025-06-06 19:47:37.127 [info] > git rev-parse --show-toplevel [0ms]
2025-06-06 19:47:37.130 [info] > git rev-parse --show-toplevel [0ms]
2025-06-06 19:47:37.133 [info] > git rev-parse --show-toplevel [0ms]
2025-06-06 19:47:37.136 [info] > git rev-parse --show-toplevel [1ms]
2025-06-06 19:47:37.138 [info] > git rev-parse --show-toplevel [0ms]
2025-06-06 19:47:37.141 [info] > git rev-parse --show-toplevel [1ms]
2025-06-06 19:47:37.143 [info] > git rev-parse --show-toplevel [0ms]
2025-06-06 19:47:41.624 [info] > git config --get commit.template [2ms]
2025-06-06 19:47:41.628 [info] > git for-each-ref --format=%(refname)%00%(upstream:short)%00%(objectname)%00%(upstream:track)%00%(upstream:remotename)%00%(upstream:remoteref) refs/heads/stable refs/remotes/stable [1ms]
2025-06-06 19:47:41.630 [warning] [Git][revParse] Unable to read file: ENOENT: no such file or directory, open '/home/caroulder/AFLplusplus/.git/refs/remotes/origin/stable'
2025-06-06 19:47:41.631 [info] > git rev-parse refs/remotes/origin/stable [1ms]
2025-06-06 19:47:41.637 [info] > git status -z -uall [4ms]
2025-06-06 19:47:41.643 [info] > git for-each-ref --format=%(refname)%00%(upstream:short)%00%(objectname)%00%(upstream:track)%00%(upstream:remotename)%00%(upstream:remoteref) refs/heads/stable refs/remotes/stable [1ms]
2025-06-06 19:47:41.646 [info] > git config --local branch.stable.vscode-merge-base [1ms]
2025-06-06 19:47:41.649 [info] > git for-each-ref --format=%(refname)%00%(upstream:short)%00%(objectname)%00%(upstream:track)%00%(upstream:remotename)%00%(upstream:remoteref) refs/heads/origin/stable refs/remotes/origin/stable [0ms]
2025-06-06 19:47:42.147 [info] > git rev-parse --show-toplevel [1ms]
2025-06-06 19:47:42.150 [info] > git rev-parse --show-toplevel [0ms]
2025-06-06 19:47:42.153 [info] > git rev-parse --show-toplevel [1ms]
2025-06-06 19:47:42.156 [info] > git rev-parse --show-toplevel [0ms]
2025-06-06 19:47:42.159 [info] > git rev-parse --show-toplevel [0ms]
2025-06-06 19:47:42.162 [info] > git rev-parse --show-toplevel [0ms]
2025-06-06 19:47:42.164 [info] > git rev-parse --show-toplevel [0ms]
2025-06-06 19:47:42.167 [info] > git rev-parse --show-toplevel [0ms]
2025-06-06 19:47:42.170 [info] > git rev-parse --show-toplevel [1ms]
2025-06-06 19:47:46.650 [info] > git config --get commit.template [1ms]
2025-06-06 19:47:46.653 [info] > git for-each-ref --format=%(refname)%00%(upstream:short)%00%(objectname)%00%(upstream:track)%00%(upstream:remotename)%00%(upstream:remoteref) refs/heads/stable refs/remotes/stable [1ms]
2025-06-06 19:47:46.655 [warning] [Git][revParse] Unable to read file: ENOENT: no such file or directory, open '/home/caroulder/AFLplusplus/.git/refs/remotes/origin/stable'
2025-06-06 19:47:46.656 [info] > git rev-parse refs/remotes/origin/stable [1ms]
2025-06-06 19:47:46.662 [info] > git status -z -uall [4ms]
2025-06-06 19:47:46.666 [info] > git for-each-ref --format=%(refname)%00%(upstream:short)%00%(objectname)%00%(upstream:track)%00%(upstream:remotename)%00%(upstream:remoteref) refs/heads/stable refs/remotes/stable [1ms]
2025-06-06 19:47:46.670 [info] > git config --local branch.stable.vscode-merge-base [1ms]
2025-06-06 19:47:46.673 [info] > git for-each-ref --format=%(refname)%00%(upstream:short)%00%(objectname)%00%(upstream:track)%00%(upstream:remotename)%00%(upstream:remoteref) refs/heads/origin/stable refs/remotes/origin/stable [0ms]
2025-06-06 19:47:47.172 [info] > git rev-parse --show-toplevel [1ms]
2025-06-06 19:47:47.176 [info] > git rev-parse --show-toplevel [1ms]
2025-06-06 19:47:47.180 [info] > git rev-parse --show-toplevel [1ms]
2025-06-06 19:47:47.183 [info] > git rev-parse --show-toplevel [1ms]
2025-06-06 19:47:47.186 [info] > git rev-parse --show-toplevel [1ms]
2025-06-06 19:47:47.188 [info] > git rev-parse --show-toplevel [0ms]
2025-06-06 19:47:47.191 [info] > git rev-parse --show-toplevel [1ms]
2025-06-06 19:47:47.193 [info] > git rev-parse --show-toplevel [0ms]
2025-06-06 19:47:47.196 [info] > git rev-parse --show-toplevel [0ms]
2025-06-06 19:47:51.678 [info] > git config --get commit.template [3ms]
2025-06-06 19:47:51.678 [info] > git for-each-ref --format=%(refname)%00%(upstream:short)%00%(objectname)%00%(upstream:track)%00%(upstream:remotename)%00%(upstream:remoteref) refs/heads/stable refs/remotes/stable [1ms]
2025-06-06 19:47:51.681 [warning] [Git][revParse] Unable to read file: ENOENT: no such file or directory, open '/home/caroulder/AFLplusplus/.git/refs/remotes/origin/stable'
2025-06-06 19:47:51.681 [info] > git rev-parse refs/remotes/origin/stable [0ms]
2025-06-06 19:47:51.687 [info] > git status -z -uall [4ms]
2025-06-06 19:47:51.692 [info] > git for-each-ref --format=%(refname)%00%(upstream:short)%00%(objectname)%00%(upstream:track)%00%(upstream:remotename)%00%(upstream:remoteref) refs/heads/stable refs/remotes/stable [2ms]
2025-06-06 19:47:51.696 [info] > git config --local branch.stable.vscode-merge-base [2ms]
2025-06-06 19:47:51.698 [info] > git for-each-ref --format=%(refname)%00%(upstream:short)%00%(objectname)%00%(upstream:track)%00%(upstream:remotename)%00%(upstream:remoteref) refs/heads/origin/stable refs/remotes/origin/stable [0ms]
2025-06-06 19:47:52.200 [info] > git rev-parse --show-toplevel [1ms]
2025-06-06 19:47:52.204 [info] > git rev-parse --show-toplevel [1ms]
2025-06-06 19:47:52.208 [info] > git rev-parse --show-toplevel [1ms]
2025-06-06 19:47:52.211 [info] > git rev-parse --show-toplevel [0ms]
2025-06-06 19:47:52.214 [info] > git rev-parse --show-toplevel [1ms]
2025-06-06 19:47:52.216 [info] > git rev-parse --show-toplevel [0ms]
2025-06-06 19:47:52.219 [info] > git rev-parse --show-toplevel [1ms]
2025-06-06 19:47:52.222 [info] > git rev-parse --show-toplevel [1ms]
2025-06-06 19:47:52.225 [info] > git rev-parse --show-toplevel [1ms]
2025-06-06 19:47:56.705 [info] > git config --get commit.template [2ms]
2025-06-06 19:47:56.709 [info] > git for-each-ref --format=%(refname)%00%(upstream:short)%00%(objectname)%00%(upstream:track)%00%(upstream:remotename)%00%(upstream:remoteref) refs/heads/stable refs/remotes/stable [1ms]
2025-06-06 19:47:56.712 [warning] [Git][revParse] Unable to read file: ENOENT: no such file or directory, open '/home/caroulder/AFLplusplus/.git/refs/remotes/origin/stable'
2025-06-06 19:47:56.712 [info] > git rev-parse refs/remotes/origin/stable [0ms]
2025-06-06 19:47:56.718 [info] > git status -z -uall [4ms]
2025-06-06 19:47:56.723 [info] > git for-each-ref --format=%(refname)%00%(upstream:short)%00%(objectname)%00%(upstream:track)%00%(upstream:remotename)%00%(upstream:remoteref) refs/heads/stable refs/remotes/stable [2ms]
2025-06-06 19:47:56.727 [info] > git config --local branch.stable.vscode-merge-base [1ms]
2025-06-06 19:47:56.730 [info] > git for-each-ref --format=%(refname)%00%(upstream:short)%00%(objectname)%00%(upstream:track)%00%(upstream:remotename)%00%(upstream:remoteref) refs/heads/origin/stable refs/remotes/origin/stable [1ms]
2025-06-06 19:47:57.233 [info] > git rev-parse --show-toplevel [1ms]
2025-06-06 19:47:57.238 [info] > git rev-parse --show-toplevel [1ms]
2025-06-06 19:47:57.242 [info] > git rev-parse --show-toplevel [1ms]
2025-06-06 19:47:57.245 [info] > git rev-parse --show-toplevel [0ms]
2025-06-06 19:47:57.248 [info] > git rev-parse --show-toplevel [0ms]
2025-06-06 19:47:57.251 [info] > git rev-parse --show-toplevel [1ms]
2025-06-06 19:47:57.253 [info] > git rev-parse --show-toplevel [0ms]
2025-06-06 19:47:57.256 [info] > git rev-parse --show-toplevel [0ms]
2025-06-06 19:47:57.259 [info] > git rev-parse --show-toplevel [1ms]
2025-06-06 19:48:01.733 [info] > git config --get commit.template [1ms]
2025-06-06 19:48:01.737 [info] > git for-each-ref --format=%(refname)%00%(upstream:short)%00%(objectname)%00%(upstream:track)%00%(upstream:remotename)%00%(upstream:remoteref) refs/heads/stable refs/remotes/stable [1ms]
2025-06-06 19:48:01.739 [warning] [Git][revParse] Unable to read file: ENOENT: no such file or directory, open '/home/caroulder/AFLplusplus/.git/refs/remotes/origin/stable'
2025-06-06 19:48:01.740 [info] > git rev-parse refs/remotes/origin/stable [1ms]
2025-06-06 19:48:01.745 [info] > git status -z -uall [3ms]
2025-06-06 19:48:01.751 [info] > git for-each-ref --format=%(refname)%00%(upstream:short)%00%(objectname)%00%(upstream:track)%00%(upstream:remotename)%00%(upstream:remoteref) refs/heads/stable refs/remotes/stable [2ms]
2025-06-06 19:48:01.756 [info] > git config --local branch.stable.vscode-merge-base [1ms]
2025-06-06 19:48:01.759 [info] > git for-each-ref --format=%(refname)%00%(upstream:short)%00%(objectname)%00%(upstream:track)%00%(upstream:remotename)%00%(upstream:remoteref) refs/heads/origin/stable refs/remotes/origin/stable [0ms]
2025-06-06 19:48:02.255 [info] > git rev-parse --show-toplevel [0ms]
2025-06-06 19:48:02.257 [info] > git rev-parse --show-toplevel [0ms]
2025-06-06 19:48:02.260 [info] > git rev-parse --show-toplevel [0ms]
2025-06-06 19:48:02.263 [info] > git rev-parse --show-toplevel [0ms]
2025-06-06 19:48:02.266 [info] > git rev-parse --show-toplevel [1ms]
2025-06-06 19:48:02.268 [info] > git rev-parse --show-toplevel [0ms]
2025-06-06 19:48:02.271 [info] > git rev-parse --show-toplevel [1ms]
2025-06-06 19:48:02.274 [info] > git rev-parse --show-toplevel [1ms]
2025-06-06 19:48:02.276 [info] > git rev-parse --show-toplevel [0ms]
2025-06-06 19:48:06.763 [info] > git config --get commit.template [1ms]
2025-06-06 19:48:06.767 [info] > git for-each-ref --format=%(refname)%00%(upstream:short)%00%(objectname)%00%(upstream:track)%00%(upstream:remotename)%00%(upstream:remoteref) refs/heads/stable refs/remotes/stable [1ms]
2025-06-06 19:48:06.770 [warning] [Git][revParse] Unable to read file: ENOENT: no such file or directory, open '/home/caroulder/AFLplusplus/.git/refs/remotes/origin/stable'
2025-06-06 19:48:06.770 [info] > git rev-parse refs/remotes/origin/stable [0ms]
2025-06-06 19:48:06.776 [info] > git status -z -uall [4ms]
2025-06-06 19:48:06.781 [info] > git for-each-ref --format=%(refname)%00%(upstream:short)%00%(objectname)%00%(upstream:track)%00%(upstream:remotename)%00%(upstream:remoteref) refs/heads/stable refs/remotes/stable [2ms]
2025-06-06 19:48:06.785 [info] > git config --local branch.stable.vscode-merge-base [1ms]
2025-06-06 19:48:06.788 [info] > git for-each-ref --format=%(refname)%00%(upstream:short)%00%(objectname)%00%(upstream:track)%00%(upstream:remotename)%00%(upstream:remoteref) refs/heads/origin/stable refs/remotes/origin/stable [0ms]
2025-06-06 19:48:07.288 [info] > git rev-parse --show-toplevel [1ms]
2025-06-06 19:48:07.292 [info] > git rev-parse --show-toplevel [1ms]
2025-06-06 19:48:07.295 [info] > git rev-parse --show-toplevel [1ms]
2025-06-06 19:48:07.298 [info] > git rev-parse --show-toplevel [1ms]
2025-06-06 19:48:07.301 [info] > git rev-parse --show-toplevel [1ms]
2025-06-06 19:48:07.303 [info] > git rev-parse --show-toplevel [0ms]
2025-06-06 19:48:07.306 [info] > git rev-parse --show-toplevel [1ms]
2025-06-06 19:48:07.309 [info] > git rev-parse --show-toplevel [1ms]
2025-06-06 19:48:07.312 [info] > git rev-parse --show-toplevel [1ms]
2025-06-06 19:48:11.792 [info] > git config --get commit.template [1ms]
2025-06-06 19:48:11.795 [info] > git for-each-ref --format=%(refname)%00%(upstream:short)%00%(objectname)%00%(upstream:track)%00%(upstream:remotename)%00%(upstream:remoteref) refs/heads/stable refs/remotes/stable [1ms]
2025-06-06 19:48:11.798 [warning] [Git][revParse] Unable to read file: ENOENT: no such file or directory, open '/home/caroulder/AFLplusplus/.git/refs/remotes/origin/stable'
2025-06-06 19:48:11.798 [info] > git rev-parse refs/remotes/origin/stable [0ms]
2025-06-06 19:48:11.804 [info] > git status -z -uall [4ms]
2025-06-06 19:48:11.809 [info] > git for-each-ref --format=%(refname)%00%(upstream:short)%00%(objectname)%00%(upstream:track)%00%(upstream:remotename)%00%(upstream:remoteref) refs/heads/stable refs/remotes/stable [2ms]
2025-06-06 19:48:11.813 [info] > git config --local branch.stable.vscode-merge-base [2ms]
2025-06-06 19:48:11.816 [info] > git for-each-ref --format=%(refname)%00%(upstream:short)%00%(objectname)%00%(upstream:track)%00%(upstream:remotename)%00%(upstream:remoteref) refs/heads/origin/stable refs/remotes/origin/stable [1ms]
2025-06-06 19:48:12.317 [info] > git rev-parse --show-toplevel [1ms]
2025-06-06 19:48:12.321 [info] > git rev-parse --show-toplevel [0ms]
2025-06-06 19:48:12.323 [info] > git rev-parse --show-toplevel [0ms]
2025-06-06 19:48:12.337 [info] > git rev-parse --show-toplevel [0ms]
2025-06-06 19:48:12.340 [info] > git rev-parse --show-toplevel [0ms]
2025-06-06 19:48:12.343 [info] > git rev-parse --show-toplevel [1ms]
2025-06-06 19:48:12.345 [info] > git rev-parse --show-toplevel [0ms]
2025-06-06 19:48:12.348 [info] > git rev-parse --show-toplevel [0ms]
2025-06-06 19:48:12.351 [info] > git rev-parse --show-toplevel [1ms]
2025-06-06 19:48:16.819 [info] > git config --get commit.template [3ms]
2025-06-06 19:48:16.820 [info] > git for-each-ref --format=%(refname)%00%(upstream:short)%00%(objectname)%00%(upstream:track)%00%(upstream:remotename)%00%(upstream:remoteref) refs/heads/stable refs/remotes/stable [1ms]
2025-06-06 19:48:16.822 [warning] [Git][revParse] Unable to read file: ENOENT: no such file or directory, open '/home/caroulder/AFLplusplus/.git/refs/remotes/origin/stable'
2025-06-06 19:48:16.823 [info] > git rev-parse refs/remotes/origin/stable [1ms]
2025-06-06 19:48:16.828 [info] > git status -z -uall [3ms]
2025-06-06 19:48:16.834 [info] > git for-each-ref --format=%(refname)%00%(upstream:short)%00%(objectname)%00%(upstream:track)%00%(upstream:remotename)%00%(upstream:remoteref) refs/heads/stable refs/remotes/stable [2ms]
2025-06-06 19:48:16.838 [info] > git config --local branch.stable.vscode-merge-base [2ms]
2025-06-06 19:48:16.841 [info] > git for-each-ref --format=%(refname)%00%(upstream:short)%00%(objectname)%00%(upstream:track)%00%(upstream:remotename)%00%(upstream:remoteref) refs/heads/origin/stable refs/remotes/origin/stable [1ms]
2025-06-06 19:48:17.341 [info] > git rev-parse --show-toplevel [1ms]
2025-06-06 19:48:17.346 [info] > git rev-parse --show-toplevel [0ms]
2025-06-06 19:48:17.349 [info] > git rev-parse --show-toplevel [1ms]
2025-06-06 19:48:17.352 [info] > git rev-parse --show-toplevel [0ms]
2025-06-06 19:48:17.355 [info] > git rev-parse --show-toplevel [1ms]
2025-06-06 19:48:17.357 [info] > git rev-parse --show-toplevel [0ms]
2025-06-06 19:48:17.360 [info] > git rev-parse --show-toplevel [0ms]
2025-06-06 19:48:17.363 [info] > git rev-parse --show-toplevel [1ms]
2025-06-06 19:48:17.366 [info] > git rev-parse --show-toplevel [1ms]
2025-06-06 19:48:21.846 [info] > git config --get commit.template [1ms]
2025-06-06 19:48:21.849 [info] > git for-each-ref --format=%(refname)%00%(upstream:short)%00%(objectname)%00%(upstream:track)%00%(upstream:remotename)%00%(upstream:remoteref) refs/heads/stable refs/remotes/stable [0ms]
2025-06-06 19:48:21.852 [warning] [Git][revParse] Unable to read file: ENOENT: no such file or directory, open '/home/caroulder/AFLplusplus/.git/refs/remotes/origin/stable'
2025-06-06 19:48:21.853 [info] > git rev-parse refs/remotes/origin/stable [1ms]
2025-06-06 19:48:21.858 [info] > git status -z -uall [3ms]
2025-06-06 19:48:21.864 [info] > git for-each-ref --format=%(refname)%00%(upstream:short)%00%(objectname)%00%(upstream:track)%00%(upstream:remotename)%00%(upstream:remoteref) refs/heads/stable refs/remotes/stable [2ms]
2025-06-06 19:48:21.868 [info] > git config --local branch.stable.vscode-merge-base [2ms]
2025-06-06 19:48:21.871 [info] > git for-each-ref --format=%(refname)%00%(upstream:short)%00%(objectname)%00%(upstream:track)%00%(upstream:remotename)%00%(upstream:remoteref) refs/heads/origin/stable refs/remotes/origin/stable [1ms]
2025-06-06 19:48:22.371 [info] > git rev-parse --show-toplevel [2ms]
2025-06-06 19:48:22.374 [info] > git rev-parse --show-toplevel [0ms]
2025-06-06 19:48:22.377 [info] > git rev-parse --show-toplevel [0ms]
2025-06-06 19:48:22.380 [info] > git rev-parse --show-toplevel [0ms]
2025-06-06 19:48:22.383 [info] > git rev-parse --show-toplevel [1ms]
2025-06-06 19:48:22.385 [info] > git rev-parse --show-toplevel [0ms]
2025-06-06 19:48:22.388 [info] > git rev-parse --show-toplevel [1ms]
2025-06-06 19:48:22.391 [info] > git rev-parse --show-toplevel [1ms]
2025-06-06 19:48:22.393 [info] > git rev-parse --show-toplevel [0ms]
2025-06-06 19:48:26.875 [info] > git config --get commit.template [4ms]
2025-06-06 19:48:26.876 [info] > git for-each-ref --format=%(refname)%00%(upstream:short)%00%(objectname)%00%(upstream:track)%00%(upstream:remotename)%00%(upstream:remoteref) refs/heads/stable refs/remotes/stable [1ms]
2025-06-06 19:48:26.878 [warning] [Git][revParse] Unable to read file: ENOENT: no such file or directory, open '/home/caroulder/AFLplusplus/.git/refs/remotes/origin/stable'
2025-06-06 19:48:26.879 [info] > git rev-parse refs/remotes/origin/stable [1ms]
2025-06-06 19:48:26.885 [info] > git status -z -uall [4ms]
2025-06-06 19:48:26.890 [info] > git for-each-ref --format=%(refname)%00%(upstream:short)%00%(objectname)%00%(upstream:track)%00%(upstream:remotename)%00%(upstream:remoteref) refs/heads/stable refs/remotes/stable [2ms]
2025-06-06 19:48:26.893 [info] > git config --local branch.stable.vscode-merge-base [1ms]
2025-06-06 19:48:26.896 [info] > git for-each-ref --format=%(refname)%00%(upstream:short)%00%(objectname)%00%(upstream:track)%00%(upstream:remotename)%00%(upstream:remoteref) refs/heads/origin/stable refs/remotes/origin/stable [0ms]
2025-06-06 19:48:27.395 [info] > git rev-parse --show-toplevel [0ms]
2025-06-06 19:48:27.398 [info] > git rev-parse --show-toplevel [1ms]
2025-06-06 19:48:27.400 [info] > git rev-parse --show-toplevel [0ms]
2025-06-06 19:48:27.403 [info] > git rev-parse --show-toplevel [0ms]
2025-06-06 19:48:27.406 [info] > git rev-parse --show-toplevel [1ms]
2025-06-06 19:48:27.409 [info] > git rev-parse --show-toplevel [1ms]
2025-06-06 19:48:27.412 [info] > git rev-parse --show-toplevel [1ms]
2025-06-06 19:48:27.415 [info] > git rev-parse --show-toplevel [1ms]
2025-06-06 19:48:27.417 [info] > git rev-parse --show-toplevel [0ms]
2025-06-06 19:48:31.900 [info] > git config --get commit.template [1ms]
2025-06-06 19:48:31.904 [info] > git for-each-ref --format=%(refname)%00%(upstream:short)%00%(objectname)%00%(upstream:track)%00%(upstream:remotename)%00%(upstream:remoteref) refs/heads/stable refs/remotes/stable [1ms]
2025-06-06 19:48:31.906 [warning] [Git][revParse] Unable to read file: ENOENT: no such file or directory, open '/home/caroulder/AFLplusplus/.git/refs/remotes/origin/stable'
2025-06-06 19:48:31.906 [info] > git rev-parse refs/remotes/origin/stable [0ms]
2025-06-06 19:48:31.912 [info] > git status -z -uall [4ms]
2025-06-06 19:48:31.917 [info] > git for-each-ref --format=%(refname)%00%(upstream:short)%00%(objectname)%00%(upstream:track)%00%(upstream:remotename)%00%(upstream:remoteref) refs/heads/stable refs/remotes/stable [2ms]
2025-06-06 19:48:31.921 [info] > git config --local branch.stable.vscode-merge-base [1ms]
2025-06-06 19:48:31.924 [info] > git for-each-ref --format=%(refname)%00%(upstream:short)%00%(objectname)%00%(upstream:track)%00%(upstream:remotename)%00%(upstream:remoteref) refs/heads/origin/stable refs/remotes/origin/stable [1ms]
2025-06-06 19:48:32.424 [info] > git rev-parse --show-toplevel [0ms]
2025-06-06 19:48:32.427 [info] > git rev-parse --show-toplevel [0ms]
2025-06-06 19:48:32.430 [info] > git rev-parse --show-toplevel [0ms]
2025-06-06 19:48:32.434 [info] > git rev-parse --show-toplevel [0ms]
2025-06-06 19:48:32.437 [info] > git rev-parse --show-toplevel [1ms]
2025-06-06 19:48:32.440 [info] > git rev-parse --show-toplevel [1ms]
2025-06-06 19:48:32.443 [info] > git rev-parse --show-toplevel [1ms]
2025-06-06 19:48:32.445 [info] > git rev-parse --show-toplevel [0ms]
2025-06-06 19:48:32.448 [info] > git rev-parse --show-toplevel [0ms]
2025-06-06 19:48:36.927 [info] > git config --get commit.template [1ms]
2025-06-06 19:48:36.930 [info] > git for-each-ref --format=%(refname)%00%(upstream:short)%00%(objectname)%00%(upstream:track)%00%(upstream:remotename)%00%(upstream:remoteref) refs/heads/stable refs/remotes/stable [0ms]
2025-06-06 19:48:36.939 [warning] [Git][revParse] Unable to read file: ENOENT: no such file or directory, open '/home/caroulder/AFLplusplus/.git/refs/remotes/origin/stable'
2025-06-06 19:48:36.939 [info] > git rev-parse refs/remotes/origin/stable [0ms]
2025-06-06 19:48:36.945 [info] > git status -z -uall [3ms]
2025-06-06 19:48:36.951 [info] > git for-each-ref --format=%(refname)%00%(upstream:short)%00%(objectname)%00%(upstream:track)%00%(upstream:remotename)%00%(upstream:remoteref) refs/heads/stable refs/remotes/stable [3ms]
2025-06-06 19:48:36.954 [info] > git config --local branch.stable.vscode-merge-base [1ms]
2025-06-06 19:48:36.957 [info] > git for-each-ref --format=%(refname)%00%(upstream:short)%00%(objectname)%00%(upstream:track)%00%(upstream:remotename)%00%(upstream:remoteref) refs/heads/origin/stable refs/remotes/origin/stable [0ms]
2025-06-06 19:48:37.459 [info] > git rev-parse --show-toplevel [1ms]
2025-06-06 19:48:37.464 [info] > git rev-parse --show-toplevel [1ms]
2025-06-06 19:48:37.467 [info] > git rev-parse --show-toplevel [0ms]
2025-06-06 19:48:37.470 [info] > git rev-parse --show-toplevel [0ms]
2025-06-06 19:48:37.473 [info] > git rev-parse --show-toplevel [1ms]
2025-06-06 19:48:37.476 [info] > git rev-parse --show-toplevel [0ms]
2025-06-06 19:48:37.478 [info] > git rev-parse --show-toplevel [0ms]
2025-06-06 19:48:37.481 [info] > git rev-parse --show-toplevel [0ms]
2025-06-06 19:48:37.484 [info] > git rev-parse --show-toplevel [0ms]
2025-06-06 19:48:41.964 [info] > git config --get commit.template [1ms]
2025-06-06 19:48:41.968 [info] > git for-each-ref --format=%(refname)%00%(upstream:short)%00%(objectname)%00%(upstream:track)%00%(upstream:remotename)%00%(upstream:remoteref) refs/heads/stable refs/remotes/stable [1ms]
2025-06-06 19:48:41.970 [warning] [Git][revParse] Unable to read file: ENOENT: no such file or directory, open '/home/caroulder/AFLplusplus/.git/refs/remotes/origin/stable'
2025-06-06 19:48:41.971 [info] > git rev-parse refs/remotes/origin/stable [1ms]
2025-06-06 19:48:41.977 [info] > git status -z -uall [4ms]
2025-06-06 19:48:41.982 [info] > git for-each-ref --format=%(refname)%00%(upstream:short)%00%(objectname)%00%(upstream:track)%00%(upstream:remotename)%00%(upstream:remoteref) refs/heads/stable refs/remotes/stable [2ms]
2025-06-06 19:48:41.985 [info] > git config --local branch.stable.vscode-merge-base [1ms]
2025-06-06 19:48:41.989 [info] > git for-each-ref --format=%(refname)%00%(upstream:short)%00%(objectname)%00%(upstream:track)%00%(upstream:remotename)%00%(upstream:remoteref) refs/heads/origin/stable refs/remotes/origin/stable [1ms]
2025-06-06 19:48:42.492 [info] > git rev-parse --show-toplevel [2ms]
2025-06-06 19:48:42.497 [info] > git rev-parse --show-toplevel [1ms]
2025-06-06 19:48:42.500 [info] > git rev-parse --show-toplevel [1ms]
2025-06-06 19:48:42.502 [info] > git rev-parse --show-toplevel [0ms]
2025-06-06 19:48:42.506 [info] > git rev-parse --show-toplevel [1ms]
2025-06-06 19:48:42.508 [info] > git rev-parse --show-toplevel [0ms]
2025-06-06 19:48:42.511 [info] > git rev-parse --show-toplevel [1ms]
2025-06-06 19:48:42.514 [info] > git rev-parse --show-toplevel [1ms]
2025-06-06 19:48:42.517 [info] > git rev-parse --show-toplevel [0ms]
2025-06-06 19:48:46.992 [info] > git config --get commit.template [4ms]
2025-06-06 19:48:46.992 [info] > git for-each-ref --format=%(refname)%00%(upstream:short)%00%(objectname)%00%(upstream:track)%00%(upstream:remotename)%00%(upstream:remoteref) refs/heads/stable refs/remotes/stable [0ms]
2025-06-06 19:48:46.995 [warning] [Git][revParse] Unable to read file: ENOENT: no such file or directory, open '/home/caroulder/AFLplusplus/.git/refs/remotes/origin/stable'
2025-06-06 19:48:46.995 [info] > git rev-parse refs/remotes/origin/stable [0ms]
2025-06-06 19:48:47.001 [info] > git status -z -uall [4ms]
2025-06-06 19:48:47.006 [info] > git for-each-ref --format=%(refname)%00%(upstream:short)%00%(objectname)%00%(upstream:track)%00%(upstream:remotename)%00%(upstream:remoteref) refs/heads/stable refs/remotes/stable [1ms]
2025-06-06 19:48:47.013 [info] > git config --local branch.stable.vscode-merge-base [2ms]
2025-06-06 19:48:47.016 [info] > git for-each-ref --format=%(refname)%00%(upstream:short)%00%(objectname)%00%(upstream:track)%00%(upstream:remotename)%00%(upstream:remoteref) refs/heads/origin/stable refs/remotes/origin/stable [1ms]
2025-06-06 19:48:47.512 [info] > git rev-parse --show-toplevel [1ms]
2025-06-06 19:48:47.516 [info] > git rev-parse --show-toplevel [1ms]
2025-06-06 19:48:47.519 [info] > git rev-parse --show-toplevel [1ms]
2025-06-06 19:48:47.522 [info] > git rev-parse --show-toplevel [1ms]
2025-06-06 19:48:47.524 [info] > git rev-parse --show-toplevel [0ms]
2025-06-06 19:48:47.528 [info] > git rev-parse --show-toplevel [1ms]
2025-06-06 19:48:47.530 [info] > git rev-parse --show-toplevel [0ms]
2025-06-06 19:48:47.533 [info] > git rev-parse --show-toplevel [1ms]
2025-06-06 19:48:47.535 [info] > git rev-parse --show-toplevel [0ms]
2025-06-06 19:48:52.018 [info] > git config --get commit.template [1ms]
2025-06-06 19:48:52.022 [info] > git for-each-ref --format=%(refname)%00%(upstream:short)%00%(objectname)%00%(upstream:track)%00%(upstream:remotename)%00%(upstream:remoteref) refs/heads/stable refs/remotes/stable [1ms]
2025-06-06 19:48:52.025 [warning] [Git][revParse] Unable to read file: ENOENT: no such file or directory, open '/home/caroulder/AFLplusplus/.git/refs/remotes/origin/stable'
2025-06-06 19:48:52.025 [info] > git rev-parse refs/remotes/origin/stable [0ms]
2025-06-06 19:48:52.031 [info] > git status -z -uall [4ms]
2025-06-06 19:48:52.036 [info] > git for-each-ref --format=%(refname)%00%(upstream:short)%00%(objectname)%00%(upstream:track)%00%(upstream:remotename)%00%(upstream:remoteref) refs/heads/stable refs/remotes/stable [2ms]
2025-06-06 19:48:52.040 [info] > git config --local branch.stable.vscode-merge-base [2ms]
2025-06-06 19:48:52.043 [info] > git for-each-ref --format=%(refname)%00%(upstream:short)%00%(objectname)%00%(upstream:track)%00%(upstream:remotename)%00%(upstream:remoteref) refs/heads/origin/stable refs/remotes/origin/stable [1ms]
2025-06-06 19:48:52.545 [info] > git rev-parse --show-toplevel [1ms]
2025-06-06 19:48:52.549 [info] > git rev-parse --show-toplevel [1ms]
2025-06-06 19:48:52.552 [info] > git rev-parse --show-toplevel [1ms]
2025-06-06 19:48:52.554 [info] > git rev-parse --show-toplevel [0ms]
2025-06-06 19:48:52.557 [info] > git rev-parse --show-toplevel [1ms]
2025-06-06 19:48:52.559 [info] > git rev-parse --show-toplevel [0ms]
2025-06-06 19:48:52.562 [info] > git rev-parse --show-toplevel [1ms]
2025-06-06 19:48:52.564 [info] > git rev-parse --show-toplevel [0ms]
2025-06-06 19:48:52.566 [info] > git rev-parse --show-toplevel [0ms]
2025-06-06 19:48:57.048 [info] > git config --get commit.template [3ms]
2025-06-06 19:48:57.048 [info] > git for-each-ref --format=%(refname)%00%(upstream:short)%00%(objectname)%00%(upstream:track)%00%(upstream:remotename)%00%(upstream:remoteref) refs/heads/stable refs/remotes/stable [0ms]
2025-06-06 19:48:57.050 [warning] [Git][revParse] Unable to read file: ENOENT: no such file or directory, open '/home/caroulder/AFLplusplus/.git/refs/remotes/origin/stable'
2025-06-06 19:48:57.051 [info] > git rev-parse refs/remotes/origin/stable [1ms]
2025-06-06 19:48:57.056 [info] > git status -z -uall [3ms]
2025-06-06 19:48:57.070 [info] > git for-each-ref --format=%(refname)%00%(upstream:short)%00%(objectname)%00%(upstream:track)%00%(upstream:remotename)%00%(upstream:remoteref) refs/heads/stable refs/remotes/stable [2ms]
2025-06-06 19:48:57.074 [info] > git config --local branch.stable.vscode-merge-base [2ms]
2025-06-06 19:48:57.077 [info] > git for-each-ref --format=%(refname)%00%(upstream:short)%00%(objectname)%00%(upstream:track)%00%(upstream:remotename)%00%(upstream:remoteref) refs/heads/origin/stable refs/remotes/origin/stable [1ms]
2025-06-06 19:48:57.575 [info] > git rev-parse --show-toplevel [1ms]
2025-06-06 19:48:57.578 [info] > git rev-parse --show-toplevel [0ms]
2025-06-06 19:48:57.581 [info] > git rev-parse --show-toplevel [1ms]
2025-06-06 19:48:57.584 [info] > git rev-parse --show-toplevel [1ms]
2025-06-06 19:48:57.586 [info] > git rev-parse --show-toplevel [0ms]
2025-06-06 19:48:57.589 [info] > git rev-parse --show-toplevel [1ms]
2025-06-06 19:48:57.591 [info] > git rev-parse --show-toplevel [0ms]
2025-06-06 19:48:57.594 [info] > git rev-parse --show-toplevel [1ms]
2025-06-06 19:48:57.596 [info] > git rev-parse --show-toplevel [0ms]
2025-06-06 19:49:02.082 [info] > git config --get commit.template [2ms]
2025-06-06 19:49:02.086 [info] > git for-each-ref --format=%(refname)%00%(upstream:short)%00%(objectname)%00%(upstream:track)%00%(upstream:remotename)%00%(upstream:remoteref) refs/heads/stable refs/remotes/stable [1ms]
2025-06-06 19:49:02.089 [warning] [Git][revParse] Unable to read file: ENOENT: no such file or directory, open '/home/caroulder/AFLplusplus/.git/refs/remotes/origin/stable'
2025-06-06 19:49:02.089 [info] > git rev-parse refs/remotes/origin/stable [0ms]
2025-06-06 19:49:02.095 [info] > git status -z -uall [4ms]
2025-06-06 19:49:02.122 [info] > git for-each-ref --format=%(refname)%00%(upstream:short)%00%(objectname)%00%(upstream:track)%00%(upstream:remotename)%00%(upstream:remoteref) refs/heads/stable refs/remotes/stable [2ms]
2025-06-06 19:49:02.143 [info] > git config --local branch.stable.vscode-merge-base [18ms]
2025-06-06 19:49:02.153 [info] > git for-each-ref --format=%(refname)%00%(upstream:short)%00%(objectname)%00%(upstream:track)%00%(upstream:remotename)%00%(upstream:remoteref) refs/heads/origin/stable refs/remotes/origin/stable [0ms]
2025-06-06 19:49:02.633 [info] > git rev-parse --show-toplevel [2ms]
2025-06-06 19:49:02.637 [info] > git rev-parse --show-toplevel [0ms]
2025-06-06 19:49:02.640 [info] > git rev-parse --show-toplevel [0ms]
2025-06-06 19:49:02.643 [info] > git rev-parse --show-toplevel [0ms]
2025-06-06 19:49:02.646 [info] > git rev-parse --show-toplevel [0ms]
2025-06-06 19:49:02.649 [info] > git rev-parse --show-toplevel [0ms]
2025-06-06 19:49:02.652 [info] > git rev-parse --show-toplevel [1ms]
2025-06-06 19:49:02.655 [info] > git rev-parse --show-toplevel [1ms]
2025-06-06 19:49:02.657 [info] > git rev-parse --show-toplevel [0ms]
2025-06-06 19:49:07.133 [info] > git config --get commit.template [1ms]
2025-06-06 19:49:07.136 [info] > git for-each-ref --format=%(refname)%00%(upstream:short)%00%(objectname)%00%(upstream:track)%00%(upstream:remotename)%00%(upstream:remoteref) refs/heads/stable refs/remotes/stable [1ms]
2025-06-06 19:49:07.138 [warning] [Git][revParse] Unable to read file: ENOENT: no such file or directory, open '/home/caroulder/AFLplusplus/.git/refs/remotes/origin/stable'
2025-06-06 19:49:07.139 [info] > git rev-parse refs/remotes/origin/stable [1ms]
2025-06-06 19:49:07.144 [info] > git status -z -uall [3ms]
2025-06-06 19:49:07.150 [info] > git for-each-ref --format=%(refname)%00%(upstream:short)%00%(objectname)%00%(upstream:track)%00%(upstream:remotename)%00%(upstream:remoteref) refs/heads/stable refs/remotes/stable [2ms]
2025-06-06 19:49:07.153 [info] > git config --local branch.stable.vscode-merge-base [1ms]
2025-06-06 19:49:07.156 [info] > git for-each-ref --format=%(refname)%00%(upstream:short)%00%(objectname)%00%(upstream:track)%00%(upstream:remotename)%00%(upstream:remoteref) refs/heads/origin/stable refs/remotes/origin/stable [0ms]
2025-06-06 19:49:07.658 [info] > git rev-parse --show-toplevel [1ms]
2025-06-06 19:49:07.662 [info] > git rev-parse --show-toplevel [0ms]
2025-06-06 19:49:07.664 [info] > git rev-parse --show-toplevel [0ms]
2025-06-06 19:49:07.667 [info] > git rev-parse --show-toplevel [0ms]
2025-06-06 19:49:07.670 [info] > git rev-parse --show-toplevel [0ms]
2025-06-06 19:49:07.673 [info] > git rev-parse --show-toplevel [1ms]
2025-06-06 19:49:07.676 [info] > git rev-parse --show-toplevel [1ms]
2025-06-06 19:49:07.678 [info] > git rev-parse --show-toplevel [0ms]
2025-06-06 19:49:07.681 [info] > git rev-parse --show-toplevel [1ms]
2025-06-06 19:49:12.163 [info] > git config --get commit.template [1ms]
2025-06-06 19:49:12.166 [info] > git for-each-ref --format=%(refname)%00%(upstream:short)%00%(objectname)%00%(upstream:track)%00%(upstream:remotename)%00%(upstream:remoteref) refs/heads/stable refs/remotes/stable [0ms]
2025-06-06 19:49:12.169 [warning] [Git][revParse] Unable to read file: ENOENT: no such file or directory, open '/home/caroulder/AFLplusplus/.git/refs/remotes/origin/stable'
2025-06-06 19:49:12.169 [info] > git rev-parse refs/remotes/origin/stable [0ms]
2025-06-06 19:49:12.175 [info] > git status -z -uall [4ms]
2025-06-06 19:49:12.180 [info] > git for-each-ref --format=%(refname)%00%(upstream:short)%00%(objectname)%00%(upstream:track)%00%(upstream:remotename)%00%(upstream:remoteref) refs/heads/stable refs/remotes/stable [2ms]
2025-06-06 19:49:12.182 [info] > git config --local branch.stable.vscode-merge-base [0ms]
2025-06-06 19:49:12.186 [info] > git for-each-ref --format=%(refname)%00%(upstream:short)%00%(objectname)%00%(upstream:track)%00%(upstream:remotename)%00%(upstream:remoteref) refs/heads/origin/stable refs/remotes/origin/stable [2ms]
2025-06-06 19:49:12.686 [info] > git rev-parse --show-toplevel [1ms]
2025-06-06 19:49:12.689 [info] > git rev-parse --show-toplevel [0ms]
2025-06-06 19:49:12.692 [info] > git rev-parse --show-toplevel [0ms]
2025-06-06 19:49:12.695 [info] > git rev-parse --show-toplevel [0ms]
2025-06-06 19:49:12.698 [info] > git rev-parse --show-toplevel [1ms]
2025-06-06 19:49:12.701 [info] > git rev-parse --show-toplevel [1ms]
2025-06-06 19:49:12.704 [info] > git rev-parse --show-toplevel [1ms]
2025-06-06 19:49:12.706 [info] > git rev-parse --show-toplevel [0ms]
2025-06-06 19:49:12.709 [info] > git rev-parse --show-toplevel [0ms]
2025-06-06 19:49:17.199 [info] > git config --get commit.template [10ms]
2025-06-06 19:49:17.202 [info] > git for-each-ref --format=%(refname)%00%(upstream:short)%00%(objectname)%00%(upstream:track)%00%(upstream:remotename)%00%(upstream:remoteref) refs/heads/stable refs/remotes/stable [1ms]
2025-06-06 19:49:17.204 [warning] [Git][revParse] Unable to read file: ENOENT: no such file or directory, open '/home/caroulder/AFLplusplus/.git/refs/remotes/origin/stable'
2025-06-06 19:49:17.205 [info] > git rev-parse refs/remotes/origin/stable [1ms]
2025-06-06 19:49:17.210 [info] > git status -z -uall [3ms]
2025-06-06 19:49:17.215 [info] > git for-each-ref --format=%(refname)%00%(upstream:short)%00%(objectname)%00%(upstream:track)%00%(upstream:remotename)%00%(upstream:remoteref) refs/heads/stable refs/remotes/stable [1ms]
2025-06-06 19:49:17.219 [info] > git config --local branch.stable.vscode-merge-base [1ms]
2025-06-06 19:49:17.222 [info] > git for-each-ref --format=%(refname)%00%(upstream:short)%00%(objectname)%00%(upstream:track)%00%(upstream:remotename)%00%(upstream:remoteref) refs/heads/origin/stable refs/remotes/origin/stable [0ms]
2025-06-06 19:49:17.727 [info] > git rev-parse --show-toplevel [2ms]
2025-06-06 19:49:17.733 [info] > git rev-parse --show-toplevel [0ms]
2025-06-06 19:49:17.736 [info] > git rev-parse --show-toplevel [1ms]
2025-06-06 19:49:17.739 [info] > git rev-parse --show-toplevel [1ms]
2025-06-06 19:49:17.742 [info] > git rev-parse --show-toplevel [1ms]
2025-06-06 19:49:17.745 [info] > git rev-parse --show-toplevel [1ms]
2025-06-06 19:49:17.747 [info] > git rev-parse --show-toplevel [0ms]
2025-06-06 19:49:17.750 [info] > git rev-parse --show-toplevel [0ms]
2025-06-06 19:49:17.753 [info] > git rev-parse --show-toplevel [1ms]
2025-06-06 19:49:22.227 [info] > git config --get commit.template [1ms]
2025-06-06 19:49:22.231 [info] > git for-each-ref --format=%(refname)%00%(upstream:short)%00%(objectname)%00%(upstream:track)%00%(upstream:remotename)%00%(upstream:remoteref) refs/heads/stable refs/remotes/stable [1ms]
2025-06-06 19:49:22.233 [warning] [Git][revParse] Unable to read file: ENOENT: no such file or directory, open '/home/caroulder/AFLplusplus/.git/refs/remotes/origin/stable'
2025-06-06 19:49:22.233 [info] > git rev-parse refs/remotes/origin/stable [0ms]
2025-06-06 19:49:22.239 [info] > git status -z -uall [3ms]
2025-06-06 19:49:22.245 [info] > git for-each-ref --format=%(refname)%00%(upstream:short)%00%(objectname)%00%(upstream:track)%00%(upstream:remotename)%00%(upstream:remoteref) refs/heads/stable refs/remotes/stable [3ms]
2025-06-06 19:49:22.248 [info] > git config --local branch.stable.vscode-merge-base [1ms]
2025-06-06 19:49:22.252 [info] > git for-each-ref --format=%(refname)%00%(upstream:short)%00%(objectname)%00%(upstream:track)%00%(upstream:remotename)%00%(upstream:remoteref) refs/heads/origin/stable refs/remotes/origin/stable [1ms]
2025-06-06 19:49:22.754 [info] > git rev-parse --show-toplevel [0ms]
2025-06-06 19:49:22.757 [info] > git rev-parse --show-toplevel [1ms]
2025-06-06 19:49:22.759 [info] > git rev-parse --show-toplevel [0ms]
2025-06-06 19:49:22.762 [info] > git rev-parse --show-toplevel [1ms]
2025-06-06 19:49:22.764 [info] > git rev-parse --show-toplevel [0ms]
2025-06-06 19:49:22.767 [info] > git rev-parse --show-toplevel [0ms]
2025-06-06 19:49:22.770 [info] > git rev-parse --show-toplevel [0ms]
2025-06-06 19:49:22.772 [info] > git rev-parse --show-toplevel [0ms]
2025-06-06 19:49:22.775 [info] > git rev-parse --show-toplevel [1ms]
2025-06-06 19:49:27.252 [info] > git config --get commit.template [1ms]
2025-06-06 19:49:27.255 [info] > git for-each-ref --format=%(refname)%00%(upstream:short)%00%(objectname)%00%(upstream:track)%00%(upstream:remotename)%00%(upstream:remoteref) refs/heads/stable refs/remotes/stable [0ms]
2025-06-06 19:49:27.258 [warning] [Git][revParse] Unable to read file: ENOENT: no such file or directory, open '/home/caroulder/AFLplusplus/.git/refs/remotes/origin/stable'
2025-06-06 19:49:27.258 [info] > git rev-parse refs/remotes/origin/stable [0ms]
2025-06-06 19:49:27.264 [info] > git status -z -uall [4ms]
2025-06-06 19:49:27.268 [info] > git for-each-ref --format=%(refname)%00%(upstream:short)%00%(objectname)%00%(upstream:track)%00%(upstream:remotename)%00%(upstream:remoteref) refs/heads/stable refs/remotes/stable [1ms]
2025-06-06 19:49:27.272 [info] > git config --local branch.stable.vscode-merge-base [1ms]
2025-06-06 19:49:27.276 [info] > git for-each-ref --format=%(refname)%00%(upstream:short)%00%(objectname)%00%(upstream:track)%00%(upstream:remotename)%00%(upstream:remoteref) refs/heads/origin/stable refs/remotes/origin/stable [1ms]
2025-06-06 19:49:27.774 [info] > git rev-parse --show-toplevel [1ms]
2025-06-06 19:49:27.778 [info] > git rev-parse --show-toplevel [1ms]
2025-06-06 19:49:27.780 [info] > git rev-parse --show-toplevel [0ms]
2025-06-06 19:49:27.783 [info] > git rev-parse --show-toplevel [0ms]
2025-06-06 19:49:27.786 [info] > git rev-parse --show-toplevel [0ms]
2025-06-06 19:49:27.789 [info] > git rev-parse --show-toplevel [1ms]
2025-06-06 19:49:27.792 [info] > git rev-parse --show-toplevel [1ms]
2025-06-06 19:49:27.794 [info] > git rev-parse --show-toplevel [0ms]
2025-06-06 19:49:27.797 [info] > git rev-parse --show-toplevel [1ms]
2025-06-06 19:49:32.276 [info] > git config --get commit.template [1ms]
2025-06-06 19:49:32.280 [info] > git for-each-ref --format=%(refname)%00%(upstream:short)%00%(objectname)%00%(upstream:track)%00%(upstream:remotename)%00%(upstream:remoteref) refs/heads/stable refs/remotes/stable [1ms]
2025-06-06 19:49:32.282 [warning] [Git][revParse] Unable to read file: ENOENT: no such file or directory, open '/home/caroulder/AFLplusplus/.git/refs/remotes/origin/stable'
2025-06-06 19:49:32.283 [info] > git rev-parse refs/remotes/origin/stable [1ms]
2025-06-06 19:49:32.288 [info] > git status -z -uall [3ms]
2025-06-06 19:49:32.293 [info] > git for-each-ref --format=%(refname)%00%(upstream:short)%00%(objectname)%00%(upstream:track)%00%(upstream:remotename)%00%(upstream:remoteref) refs/heads/stable refs/remotes/stable [2ms]
2025-06-06 19:49:32.297 [info] > git config --local branch.stable.vscode-merge-base [0ms]
2025-06-06 19:49:32.300 [info] > git for-each-ref --format=%(refname)%00%(upstream:short)%00%(objectname)%00%(upstream:track)%00%(upstream:remotename)%00%(upstream:remoteref) refs/heads/origin/stable refs/remotes/origin/stable [1ms]
2025-06-06 19:49:32.800 [info] > git rev-parse --show-toplevel [1ms]
2025-06-06 19:49:32.804 [info] > git rev-parse --show-toplevel [1ms]
2025-06-06 19:49:32.807 [info] > git rev-parse --show-toplevel [0ms]
2025-06-06 19:49:32.810 [info] > git rev-parse --show-toplevel [0ms]
2025-06-06 19:49:32.814 [info] > git rev-parse --show-toplevel [1ms]
2025-06-06 19:49:32.817 [info] > git rev-parse --show-toplevel [1ms]
2025-06-06 19:49:32.820 [info] > git rev-parse --show-toplevel [1ms]
2025-06-06 19:49:32.822 [info] > git rev-parse --show-toplevel [0ms]
2025-06-06 19:49:32.825 [info] > git rev-parse --show-toplevel [1ms]
2025-06-06 19:49:37.301 [info] > git config --get commit.template [1ms]
2025-06-06 19:49:37.304 [info] > git for-each-ref --format=%(refname)%00%(upstream:short)%00%(objectname)%00%(upstream:track)%00%(upstream:remotename)%00%(upstream:remoteref) refs/heads/stable refs/remotes/stable [1ms]
2025-06-06 19:49:37.306 [warning] [Git][revParse] Unable to read file: ENOENT: no such file or directory, open '/home/caroulder/AFLplusplus/.git/refs/remotes/origin/stable'
2025-06-06 19:49:37.307 [info] > git rev-parse refs/remotes/origin/stable [1ms]
2025-06-06 19:49:37.313 [info] > git status -z -uall [4ms]
2025-06-06 19:49:37.317 [info] > git for-each-ref --format=%(refname)%00%(upstream:short)%00%(objectname)%00%(upstream:track)%00%(upstream:remotename)%00%(upstream:remoteref) refs/heads/stable refs/remotes/stable [1ms]
2025-06-06 19:49:37.321 [info] > git config --local branch.stable.vscode-merge-base [2ms]
2025-06-06 19:49:37.324 [info] > git for-each-ref --format=%(refname)%00%(upstream:short)%00%(objectname)%00%(upstream:track)%00%(upstream:remotename)%00%(upstream:remoteref) refs/heads/origin/stable refs/remotes/origin/stable [1ms]
2025-06-06 19:49:37.824 [info] > git rev-parse --show-toplevel [0ms]
2025-06-06 19:49:37.828 [info] > git rev-parse --show-toplevel [1ms]
2025-06-06 19:49:37.830 [info] > git rev-parse --show-toplevel [0ms]
2025-06-06 19:49:37.833 [info] > git rev-parse --show-toplevel [0ms]
2025-06-06 19:49:37.836 [info] > git rev-parse --show-toplevel [1ms]
2025-06-06 19:49:37.839 [info] > git rev-parse --show-toplevel [1ms]
2025-06-06 19:49:37.842 [info] > git rev-parse --show-toplevel [1ms]
2025-06-06 19:49:37.845 [info] > git rev-parse --show-toplevel [1ms]
2025-06-06 19:49:37.847 [info] > git rev-parse --show-toplevel [0ms]
2025-06-06 19:49:42.328 [info] > git config --get commit.template [4ms]
2025-06-06 19:49:42.328 [info] > git for-each-ref --format=%(refname)%00%(upstream:short)%00%(objectname)%00%(upstream:track)%00%(upstream:remotename)%00%(upstream:remoteref) refs/heads/stable refs/remotes/stable [1ms]
2025-06-06 19:49:42.331 [warning] [Git][revParse] Unable to read file: ENOENT: no such file or directory, open '/home/caroulder/AFLplusplus/.git/refs/remotes/origin/stable'
2025-06-06 19:49:42.331 [info] > git rev-parse refs/remotes/origin/stable [0ms]
2025-06-06 19:49:42.337 [info] > git status -z -uall [4ms]
2025-06-06 19:49:42.342 [info] > git for-each-ref --format=%(refname)%00%(upstream:short)%00%(objectname)%00%(upstream:track)%00%(upstream:remotename)%00%(upstream:remoteref) refs/heads/stable refs/remotes/stable [2ms]
2025-06-06 19:49:42.345 [info] > git config --local branch.stable.vscode-merge-base [1ms]
2025-06-06 19:49:42.348 [info] > git for-each-ref --format=%(refname)%00%(upstream:short)%00%(objectname)%00%(upstream:track)%00%(upstream:remotename)%00%(upstream:remoteref) refs/heads/origin/stable refs/remotes/origin/stable [1ms]
2025-06-06 19:49:42.851 [info] > git rev-parse --show-toplevel [1ms]
2025-06-06 19:49:42.854 [info] > git rev-parse --show-toplevel [1ms]
2025-06-06 19:49:42.858 [info] > git rev-parse --show-toplevel [1ms]
2025-06-06 19:49:42.861 [info] > git rev-parse --show-toplevel [1ms]
2025-06-06 19:49:42.863 [info] > git rev-parse --show-toplevel [0ms]
2025-06-06 19:49:42.866 [info] > git rev-parse --show-toplevel [1ms]
2025-06-06 19:49:42.868 [info] > git rev-parse --show-toplevel [0ms]
2025-06-06 19:49:42.904 [info] > git rev-parse --show-toplevel [1ms]
2025-06-06 19:49:42.907 [info] > git rev-parse --show-toplevel [1ms]
2025-06-06 19:49:47.350 [info] > git config --get commit.template [1ms]
2025-06-06 19:49:47.354 [info] > git for-each-ref --format=%(refname)%00%(upstream:short)%00%(objectname)%00%(upstream:track)%00%(upstream:remotename)%00%(upstream:remoteref) refs/heads/stable refs/remotes/stable [1ms]
2025-06-06 19:49:47.357 [warning] [Git][revParse] Unable to read file: ENOENT: no such file or directory, open '/home/caroulder/AFLplusplus/.git/refs/remotes/origin/stable'
2025-06-06 19:49:47.357 [info] > git rev-parse refs/remotes/origin/stable [0ms]
2025-06-06 19:49:47.363 [info] > git status -z -uall [4ms]
2025-06-06 19:49:47.368 [info] > git for-each-ref --format=%(refname)%00%(upstream:short)%00%(objectname)%00%(upstream:track)%00%(upstream:remotename)%00%(upstream:remoteref) refs/heads/stable refs/remotes/stable [2ms]
2025-06-06 19:49:47.371 [info] > git config --local branch.stable.vscode-merge-base [1ms]
2025-06-06 19:49:47.374 [info] > git for-each-ref --format=%(refname)%00%(upstream:short)%00%(objectname)%00%(upstream:track)%00%(upstream:remotename)%00%(upstream:remoteref) refs/heads/origin/stable refs/remotes/origin/stable [0ms]
2025-06-06 19:49:47.876 [info] > git rev-parse --show-toplevel [2ms]
2025-06-06 19:49:47.879 [info] > git rev-parse --show-toplevel [0ms]
2025-06-06 19:49:47.882 [info] > git rev-parse --show-toplevel [0ms]
2025-06-06 19:49:47.885 [info] > git rev-parse --show-toplevel [1ms]
2025-06-06 19:49:47.888 [info] > git rev-parse --show-toplevel [1ms]
2025-06-06 19:49:47.892 [info] > git rev-parse --show-toplevel [1ms]
2025-06-06 19:49:47.895 [info] > git rev-parse --show-toplevel [1ms]
2025-06-06 19:49:47.897 [info] > git rev-parse --show-toplevel [0ms]
2025-06-06 19:49:47.900 [info] > git rev-parse --show-toplevel [0ms]
2025-06-06 19:49:52.376 [info] > git config --get commit.template [1ms]
2025-06-06 19:49:52.379 [info] > git for-each-ref --format=%(refname)%00%(upstream:short)%00%(objectname)%00%(upstream:track)%00%(upstream:remotename)%00%(upstream:remoteref) refs/heads/stable refs/remotes/stable [0ms]
2025-06-06 19:49:52.382 [warning] [Git][revParse] Unable to read file: ENOENT: no such file or directory, open '/home/caroulder/AFLplusplus/.git/refs/remotes/origin/stable'
2025-06-06 19:49:52.383 [info] > git rev-parse refs/remotes/origin/stable [1ms]
2025-06-06 19:49:52.389 [info] > git status -z -uall [4ms]
2025-06-06 19:49:52.394 [info] > git for-each-ref --format=%(refname)%00%(upstream:short)%00%(objectname)%00%(upstream:track)%00%(upstream:remotename)%00%(upstream:remoteref) refs/heads/stable refs/remotes/stable [2ms]
2025-06-06 19:49:52.406 [info] > git config --local branch.stable.vscode-merge-base [1ms]
2025-06-06 19:49:52.410 [info] > git for-each-ref --format=%(refname)%00%(upstream:short)%00%(objectname)%00%(upstream:track)%00%(upstream:remotename)%00%(upstream:remoteref) refs/heads/origin/stable refs/remotes/origin/stable [1ms]
2025-06-06 19:49:52.902 [info] > git rev-parse --show-toplevel [1ms]
2025-06-06 19:49:52.906 [info] > git rev-parse --show-toplevel [1ms]
2025-06-06 19:49:52.909 [info] > git rev-parse --show-toplevel [1ms]
2025-06-06 19:49:52.912 [info] > git rev-parse --show-toplevel [0ms]
2025-06-06 19:49:52.915 [info] > git rev-parse --show-toplevel [1ms]
2025-06-06 19:49:52.917 [info] > git rev-parse --show-toplevel [0ms]
2025-06-06 19:49:52.920 [info] > git rev-parse --show-toplevel [0ms]
2025-06-06 19:49:52.923 [info] > git rev-parse --show-toplevel [0ms]
2025-06-06 19:49:52.926 [info] > git rev-parse --show-toplevel [1ms]
2025-06-06 19:49:57.405 [info] > git config --get commit.template [1ms]
2025-06-06 19:49:57.408 [info] > git for-each-ref --format=%(refname)%00%(upstream:short)%00%(objectname)%00%(upstream:track)%00%(upstream:remotename)%00%(upstream:remoteref) refs/heads/stable refs/remotes/stable [0ms]
2025-06-06 19:49:57.410 [warning] [Git][revParse] Unable to read file: ENOENT: no such file or directory, open '/home/caroulder/AFLplusplus/.git/refs/remotes/origin/stable'
2025-06-06 19:49:57.411 [info] > git rev-parse refs/remotes/origin/stable [1ms]
2025-06-06 19:49:57.416 [info] > git status -z -uall [3ms]
2025-06-06 19:49:57.431 [info] > git for-each-ref --format=%(refname)%00%(upstream:short)%00%(objectname)%00%(upstream:track)%00%(upstream:remotename)%00%(upstream:remoteref) refs/heads/stable refs/remotes/stable [2ms]
2025-06-06 19:49:57.435 [info] > git config --local branch.stable.vscode-merge-base [1ms]
2025-06-06 19:49:57.438 [info] > git for-each-ref --format=%(refname)%00%(upstream:short)%00%(objectname)%00%(upstream:track)%00%(upstream:remotename)%00%(upstream:remoteref) refs/heads/origin/stable refs/remotes/origin/stable [1ms]
2025-06-06 19:49:57.939 [info] > git rev-parse --show-toplevel [1ms]
2025-06-06 19:49:57.942 [info] > git rev-parse --show-toplevel [0ms]
2025-06-06 19:49:57.945 [info] > git rev-parse --show-toplevel [0ms]
2025-06-06 19:49:57.948 [info] > git rev-parse --show-toplevel [1ms]
2025-06-06 19:49:57.950 [info] > git rev-parse --show-toplevel [0ms]
2025-06-06 19:49:57.953 [info] > git rev-parse --show-toplevel [1ms]
2025-06-06 19:49:57.955 [info] > git rev-parse --show-toplevel [0ms]
2025-06-06 19:49:57.958 [info] > git rev-parse --show-toplevel [1ms]
2025-06-06 19:49:57.962 [info] > git rev-parse --show-toplevel [1ms]
2025-06-06 19:50:02.446 [info] > git config --get commit.template [1ms]
2025-06-06 19:50:02.450 [info] > git for-each-ref --format=%(refname)%00%(upstream:short)%00%(objectname)%00%(upstream:track)%00%(upstream:remotename)%00%(upstream:remoteref) refs/heads/stable refs/remotes/stable [1ms]
2025-06-06 19:50:02.452 [warning] [Git][revParse] Unable to read file: ENOENT: no such file or directory, open '/home/caroulder/AFLplusplus/.git/refs/remotes/origin/stable'
2025-06-06 19:50:02.453 [info] > git rev-parse refs/remotes/origin/stable [1ms]
2025-06-06 19:50:02.459 [info] > git status -z -uall [4ms]
2025-06-06 19:50:02.465 [info] > git for-each-ref --format=%(refname)%00%(upstream:short)%00%(objectname)%00%(upstream:track)%00%(upstream:remotename)%00%(upstream:remoteref) refs/heads/stable refs/remotes/stable [3ms]
2025-06-06 19:50:02.468 [info] > git config --local branch.stable.vscode-merge-base [1ms]
2025-06-06 19:50:02.471 [info] > git for-each-ref --format=%(refname)%00%(upstream:short)%00%(objectname)%00%(upstream:track)%00%(upstream:remotename)%00%(upstream:remoteref) refs/heads/origin/stable refs/remotes/origin/stable [1ms]
2025-06-06 19:50:02.974 [info] > git rev-parse --show-toplevel [1ms]
2025-06-06 19:50:02.977 [info] > git rev-parse --show-toplevel [0ms]
2025-06-06 19:50:02.980 [info] > git rev-parse --show-toplevel [0ms]
2025-06-06 19:50:02.983 [info] > git rev-parse --show-toplevel [0ms]
2025-06-06 19:50:02.986 [info] > git rev-parse --show-toplevel [0ms]
2025-06-06 19:50:02.990 [info] > git rev-parse --show-toplevel [0ms]
2025-06-06 19:50:02.992 [info] > git rev-parse --show-toplevel [0ms]
2025-06-06 19:50:02.995 [info] > git rev-parse --show-toplevel [0ms]
2025-06-06 19:50:02.998 [info] > git rev-parse --show-toplevel [1ms]
2025-06-06 19:50:07.479 [info] > git config --get commit.template [3ms]
2025-06-06 19:50:07.479 [info] > git for-each-ref --format=%(refname)%00%(upstream:short)%00%(objectname)%00%(upstream:track)%00%(upstream:remotename)%00%(upstream:remoteref) refs/heads/stable refs/remotes/stable [1ms]
2025-06-06 19:50:07.481 [warning] [Git][revParse] Unable to read file: ENOENT: no such file or directory, open '/home/caroulder/AFLplusplus/.git/refs/remotes/origin/stable'
2025-06-06 19:50:07.482 [info] > git rev-parse refs/remotes/origin/stable [1ms]
2025-06-06 19:50:07.488 [info] > git status -z -uall [4ms]
2025-06-06 19:50:07.492 [info] > git for-each-ref --format=%(refname)%00%(upstream:short)%00%(objectname)%00%(upstream:track)%00%(upstream:remotename)%00%(upstream:remoteref) refs/heads/stable refs/remotes/stable [1ms]
2025-06-06 19:50:07.496 [info] > git config --local branch.stable.vscode-merge-base [1ms]
2025-06-06 19:50:07.499 [info] > git for-each-ref --format=%(refname)%00%(upstream:short)%00%(objectname)%00%(upstream:track)%00%(upstream:remotename)%00%(upstream:remoteref) refs/heads/origin/stable refs/remotes/origin/stable [1ms]
2025-06-06 19:50:08.001 [info] > git rev-parse --show-toplevel [0ms]
2025-06-06 19:50:08.005 [info] > git rev-parse --show-toplevel [1ms]
2025-06-06 19:50:08.008 [info] > git rev-parse --show-toplevel [1ms]
2025-06-06 19:50:08.010 [info] > git rev-parse --show-toplevel [0ms]
2025-06-06 19:50:08.012 [info] > git rev-parse --show-toplevel [0ms]
2025-06-06 19:50:08.015 [info] > git rev-parse --show-toplevel [0ms]
2025-06-06 19:50:08.018 [info] > git rev-parse --show-toplevel [1ms]
2025-06-06 19:50:08.020 [info] > git rev-parse --show-toplevel [0ms]
2025-06-06 19:50:08.023 [info] > git rev-parse --show-toplevel [1ms]
2025-06-06 19:50:12.503 [info] > git config --get commit.template [1ms]
2025-06-06 19:50:12.507 [info] > git for-each-ref --format=%(refname)%00%(upstream:short)%00%(objectname)%00%(upstream:track)%00%(upstream:remotename)%00%(upstream:remoteref) refs/heads/stable refs/remotes/stable [1ms]
2025-06-06 19:50:12.509 [warning] [Git][revParse] Unable to read file: ENOENT: no such file or directory, open '/home/caroulder/AFLplusplus/.git/refs/remotes/origin/stable'
2025-06-06 19:50:12.509 [info] > git rev-parse refs/remotes/origin/stable [0ms]
2025-06-06 19:50:12.515 [info] > git status -z -uall [3ms]
2025-06-06 19:50:12.520 [info] > git for-each-ref --format=%(refname)%00%(upstream:short)%00%(objectname)%00%(upstream:track)%00%(upstream:remotename)%00%(upstream:remoteref) refs/heads/stable refs/remotes/stable [2ms]
2025-06-06 19:50:12.523 [info] > git config --local branch.stable.vscode-merge-base [0ms]
2025-06-06 19:50:12.527 [info] > git for-each-ref --format=%(refname)%00%(upstream:short)%00%(objectname)%00%(upstream:track)%00%(upstream:remotename)%00%(upstream:remoteref) refs/heads/origin/stable refs/remotes/origin/stable [1ms]
2025-06-06 19:50:13.026 [info] > git rev-parse --show-toplevel [1ms]
2025-06-06 19:50:13.029 [info] > git rev-parse --show-toplevel [1ms]
2025-06-06 19:50:13.031 [info] > git rev-parse --show-toplevel [0ms]
2025-06-06 19:50:13.034 [info] > git rev-parse --show-toplevel [1ms]
2025-06-06 19:50:13.036 [info] > git rev-parse --show-toplevel [0ms]
2025-06-06 19:50:13.039 [info] > git rev-parse --show-toplevel [1ms]
2025-06-06 19:50:13.041 [info] > git rev-parse --show-toplevel [0ms]
2025-06-06 19:50:13.044 [info] > git rev-parse --show-toplevel [1ms]
2025-06-06 19:50:13.046 [info] > git rev-parse --show-toplevel [0ms]
2025-06-06 19:50:17.531 [info] > git config --get commit.template [2ms]
2025-06-06 19:50:17.536 [info] > git for-each-ref --format=%(refname)%00%(upstream:short)%00%(objectname)%00%(upstream:track)%00%(upstream:remotename)%00%(upstream:remoteref) refs/heads/stable refs/remotes/stable [1ms]
2025-06-06 19:50:17.538 [warning] [Git][revParse] Unable to read file: ENOENT: no such file or directory, open '/home/caroulder/AFLplusplus/.git/refs/remotes/origin/stable'
2025-06-06 19:50:17.539 [info] > git rev-parse refs/remotes/origin/stable [1ms]
2025-06-06 19:50:17.545 [info] > git status -z -uall [4ms]
2025-06-06 19:50:17.550 [info] > git for-each-ref --format=%(refname)%00%(upstream:short)%00%(objectname)%00%(upstream:track)%00%(upstream:remotename)%00%(upstream:remoteref) refs/heads/stable refs/remotes/stable [2ms]
2025-06-06 19:50:17.554 [info] > git config --local branch.stable.vscode-merge-base [1ms]
2025-06-06 19:50:17.557 [info] > git for-each-ref --format=%(refname)%00%(upstream:short)%00%(objectname)%00%(upstream:track)%00%(upstream:remotename)%00%(upstream:remoteref) refs/heads/origin/stable refs/remotes/origin/stable [1ms]
2025-06-06 19:50:18.054 [info] > git rev-parse --show-toplevel [1ms]
2025-06-06 19:50:18.058 [info] > git rev-parse --show-toplevel [0ms]
2025-06-06 19:50:18.060 [info] > git rev-parse --show-toplevel [0ms]
2025-06-06 19:50:18.063 [info] > git rev-parse --show-toplevel [0ms]
2025-06-06 19:50:18.066 [info] > git rev-parse --show-toplevel [0ms]
2025-06-06 19:50:18.069 [info] > git rev-parse --show-toplevel [0ms]
2025-06-06 19:50:18.072 [info] > git rev-parse --show-toplevel [0ms]
2025-06-06 19:50:18.075 [info] > git rev-parse --show-toplevel [0ms]
2025-06-06 19:50:18.078 [info] > git rev-parse --show-toplevel [1ms]
2025-06-06 19:50:22.561 [info] > git config --get commit.template [3ms]
2025-06-06 19:50:22.561 [info] > git for-each-ref --format=%(refname)%00%(upstream:short)%00%(objectname)%00%(upstream:track)%00%(upstream:remotename)%00%(upstream:remoteref) refs/heads/stable refs/remotes/stable [1ms]
2025-06-06 19:50:22.563 [warning] [Git][revParse] Unable to read file: ENOENT: no such file or directory, open '/home/caroulder/AFLplusplus/.git/refs/remotes/origin/stable'
2025-06-06 19:50:22.565 [info] > git rev-parse refs/remotes/origin/stable [2ms]
2025-06-06 19:50:22.571 [info] > git status -z -uall [4ms]
2025-06-06 19:50:22.576 [info] > git for-each-ref --format=%(refname)%00%(upstream:short)%00%(objectname)%00%(upstream:track)%00%(upstream:remotename)%00%(upstream:remoteref) refs/heads/stable refs/remotes/stable [2ms]
2025-06-06 19:50:22.580 [info] > git config --local branch.stable.vscode-merge-base [2ms]
2025-06-06 19:50:22.582 [info] > git for-each-ref --format=%(refname)%00%(upstream:short)%00%(objectname)%00%(upstream:track)%00%(upstream:remotename)%00%(upstream:remoteref) refs/heads/origin/stable refs/remotes/origin/stable [0ms]
2025-06-06 19:50:23.080 [info] > git rev-parse --show-toplevel [1ms]
2025-06-06 19:50:23.084 [info] > git rev-parse --show-toplevel [0ms]
2025-06-06 19:50:23.087 [info] > git rev-parse --show-toplevel [1ms]
2025-06-06 19:50:23.090 [info] > git rev-parse --show-toplevel [0ms]
2025-06-06 19:50:23.093 [info] > git rev-parse --show-toplevel [0ms]
2025-06-06 19:50:23.097 [info] > git rev-parse --show-toplevel [2ms]
2025-06-06 19:50:23.100 [info] > git rev-parse --show-toplevel [0ms]
2025-06-06 19:50:23.103 [info] > git rev-parse --show-toplevel [1ms]
2025-06-06 19:50:23.105 [info] > git rev-parse --show-toplevel [0ms]
2025-06-06 19:50:27.583 [info] > git config --get commit.template [1ms]
2025-06-06 19:50:27.587 [info] > git for-each-ref --format=%(refname)%00%(upstream:short)%00%(objectname)%00%(upstream:track)%00%(upstream:remotename)%00%(upstream:remoteref) refs/heads/stable refs/remotes/stable [1ms]
2025-06-06 19:50:27.589 [warning] [Git][revParse] Unable to read file: ENOENT: no such file or directory, open '/home/caroulder/AFLplusplus/.git/refs/remotes/origin/stable'
2025-06-06 19:50:27.590 [info] > git rev-parse refs/remotes/origin/stable [1ms]
2025-06-06 19:50:27.596 [info] > git status -z -uall [4ms]
2025-06-06 19:50:27.600 [info] > git for-each-ref --format=%(refname)%00%(upstream:short)%00%(objectname)%00%(upstream:track)%00%(upstream:remotename)%00%(upstream:remoteref) refs/heads/stable refs/remotes/stable [2ms]
2025-06-06 19:50:27.604 [info] > git config --local branch.stable.vscode-merge-base [1ms]
2025-06-06 19:50:27.607 [info] > git for-each-ref --format=%(refname)%00%(upstream:short)%00%(objectname)%00%(upstream:track)%00%(upstream:remotename)%00%(upstream:remoteref) refs/heads/origin/stable refs/remotes/origin/stable [0ms]
2025-06-06 19:50:28.106 [info] > git rev-parse --show-toplevel [1ms]
2025-06-06 19:50:28.111 [info] > git rev-parse --show-toplevel [1ms]
2025-06-06 19:50:28.114 [info] > git rev-parse --show-toplevel [0ms]
2025-06-06 19:50:28.119 [info] > git rev-parse --show-toplevel [2ms]
2025-06-06 19:50:28.123 [info] > git rev-parse --show-toplevel [1ms]
2025-06-06 19:50:28.126 [info] > git rev-parse --show-toplevel [1ms]
2025-06-06 19:50:28.128 [info] > git rev-parse --show-toplevel [0ms]
2025-06-06 19:50:28.131 [info] > git rev-parse --show-toplevel [1ms]
2025-06-06 19:50:28.134 [info] > git rev-parse --show-toplevel [1ms]
2025-06-06 19:50:32.611 [info] > git config --get commit.template [2ms]
2025-06-06 19:50:32.614 [info] > git for-each-ref --format=%(refname)%00%(upstream:short)%00%(objectname)%00%(upstream:track)%00%(upstream:remotename)%00%(upstream:remoteref) refs/heads/stable refs/remotes/stable [0ms]
2025-06-06 19:50:32.617 [warning] [Git][revParse] Unable to read file: ENOENT: no such file or directory, open '/home/caroulder/AFLplusplus/.git/refs/remotes/origin/stable'
2025-06-06 19:50:32.619 [info] > git rev-parse refs/remotes/origin/stable [2ms]
2025-06-06 19:50:32.625 [info] > git status -z -uall [4ms]
2025-06-06 19:50:32.630 [info] > git for-each-ref --format=%(refname)%00%(upstream:short)%00%(objectname)%00%(upstream:track)%00%(upstream:remotename)%00%(upstream:remoteref) refs/heads/stable refs/remotes/stable [2ms]
2025-06-06 19:50:32.634 [info] > git config --local branch.stable.vscode-merge-base [2ms]
2025-06-06 19:50:32.638 [info] > git for-each-ref --format=%(refname)%00%(upstream:short)%00%(objectname)%00%(upstream:track)%00%(upstream:remotename)%00%(upstream:remoteref) refs/heads/origin/stable refs/remotes/origin/stable [1ms]
2025-06-06 19:50:33.137 [info] > git rev-parse --show-toplevel [1ms]
2025-06-06 19:50:33.143 [info] > git rev-parse --show-toplevel [1ms]
2025-06-06 19:50:33.146 [info] > git rev-parse --show-toplevel [0ms]
2025-06-06 19:50:33.149 [info] > git rev-parse --show-toplevel [0ms]
2025-06-06 19:50:33.152 [info] > git rev-parse --show-toplevel [1ms]
2025-06-06 19:50:33.155 [info] > git rev-parse --show-toplevel [1ms]
2025-06-06 19:50:33.157 [info] > git rev-parse --show-toplevel [0ms]
2025-06-06 19:50:33.159 [info] > git rev-parse --show-toplevel [0ms]
2025-06-06 19:50:33.165 [info] > git rev-parse --show-toplevel [1ms]
2025-06-06 19:50:37.646 [info] > git config --get commit.template [0ms]
2025-06-06 19:50:37.649 [info] > git for-each-ref --format=%(refname)%00%(upstream:short)%00%(objectname)%00%(upstream:track)%00%(upstream:remotename)%00%(upstream:remoteref) refs/heads/stable refs/remotes/stable [0ms]
2025-06-06 19:50:37.651 [warning] [Git][revParse] Unable to read file: ENOENT: no such file or directory, open '/home/caroulder/AFLplusplus/.git/refs/remotes/origin/stable'
2025-06-06 19:50:37.652 [info] > git rev-parse refs/remotes/origin/stable [1ms]
2025-06-06 19:50:37.657 [info] > git status -z -uall [3ms]
2025-06-06 19:50:37.663 [info] > git for-each-ref --format=%(refname)%00%(upstream:short)%00%(objectname)%00%(upstream:track)%00%(upstream:remotename)%00%(upstream:remoteref) refs/heads/stable refs/remotes/stable [2ms]
2025-06-06 19:50:37.667 [info] > git config --local branch.stable.vscode-merge-base [1ms]
2025-06-06 19:50:37.670 [info] > git for-each-ref --format=%(refname)%00%(upstream:short)%00%(objectname)%00%(upstream:track)%00%(upstream:remotename)%00%(upstream:remoteref) refs/heads/origin/stable refs/remotes/origin/stable [1ms]
2025-06-06 19:50:38.170 [info] > git rev-parse --show-toplevel [1ms]
2025-06-06 19:50:38.174 [info] > git rev-parse --show-toplevel [0ms]
2025-06-06 19:50:38.177 [info] > git rev-parse --show-toplevel [0ms]
2025-06-06 19:50:38.180 [info] > git rev-parse --show-toplevel [1ms]
2025-06-06 19:50:38.182 [info] > git rev-parse --show-toplevel [0ms]
2025-06-06 19:50:38.185 [info] > git rev-parse --show-toplevel [0ms]
2025-06-06 19:50:38.189 [info] > git rev-parse --show-toplevel [1ms]
2025-06-06 19:50:38.192 [info] > git rev-parse --show-toplevel [1ms]
2025-06-06 19:50:38.194 [info] > git rev-parse --show-toplevel [0ms]
2025-06-06 19:50:42.670 [info] > git config --get commit.template [1ms]
2025-06-06 19:50:42.674 [info] > git for-each-ref --format=%(refname)%00%(upstream:short)%00%(objectname)%00%(upstream:track)%00%(upstream:remotename)%00%(upstream:remoteref) refs/heads/stable refs/remotes/stable [1ms]
2025-06-06 19:50:42.676 [warning] [Git][revParse] Unable to read file: ENOENT: no such file or directory, open '/home/caroulder/AFLplusplus/.git/refs/remotes/origin/stable'
2025-06-06 19:50:42.676 [info] > git rev-parse refs/remotes/origin/stable [0ms]
2025-06-06 19:50:42.683 [info] > git status -z -uall [4ms]
2025-06-06 19:50:42.688 [info] > git for-each-ref --format=%(refname)%00%(upstream:short)%00%(objectname)%00%(upstream:track)%00%(upstream:remotename)%00%(upstream:remoteref) refs/heads/stable refs/remotes/stable [2ms]
2025-06-06 19:50:42.691 [info] > git config --local branch.stable.vscode-merge-base [1ms]
2025-06-06 19:50:42.694 [info] > git for-each-ref --format=%(refname)%00%(upstream:short)%00%(objectname)%00%(upstream:track)%00%(upstream:remotename)%00%(upstream:remoteref) refs/heads/origin/stable refs/remotes/origin/stable [0ms]
2025-06-06 19:50:43.196 [info] > git rev-parse --show-toplevel [1ms]
2025-06-06 19:50:43.200 [info] > git rev-parse --show-toplevel [1ms]
2025-06-06 19:50:43.203 [info] > git rev-parse --show-toplevel [1ms]
2025-06-06 19:50:43.206 [info] > git rev-parse --show-toplevel [1ms]
2025-06-06 19:50:43.208 [info] > git rev-parse --show-toplevel [0ms]
2025-06-06 19:50:43.211 [info] > git rev-parse --show-toplevel [0ms]
2025-06-06 19:50:43.214 [info] > git rev-parse --show-toplevel [1ms]
2025-06-06 19:50:43.217 [info] > git rev-parse --show-toplevel [1ms]
2025-06-06 19:50:43.220 [info] > git rev-parse --show-toplevel [1ms]
2025-06-06 19:50:47.698 [info] > git config --get commit.template [1ms]
2025-06-06 19:50:47.701 [info] > git for-each-ref --format=%(refname)%00%(upstream:short)%00%(objectname)%00%(upstream:track)%00%(upstream:remotename)%00%(upstream:remoteref) refs/heads/stable refs/remotes/stable [1ms]
2025-06-06 19:50:47.704 [warning] [Git][revParse] Unable to read file: ENOENT: no such file or directory, open '/home/caroulder/AFLplusplus/.git/refs/remotes/origin/stable'
2025-06-06 19:50:47.704 [info] > git rev-parse refs/remotes/origin/stable [0ms]
2025-06-06 19:50:47.710 [info] > git status -z -uall [4ms]
2025-06-06 19:50:47.716 [info] > git for-each-ref --format=%(refname)%00%(upstream:short)%00%(objectname)%00%(upstream:track)%00%(upstream:remotename)%00%(upstream:remoteref) refs/heads/stable refs/remotes/stable [2ms]
2025-06-06 19:50:47.720 [info] > git config --local branch.stable.vscode-merge-base [1ms]
2025-06-06 19:50:47.722 [info] > git for-each-ref --format=%(refname)%00%(upstream:short)%00%(objectname)%00%(upstream:track)%00%(upstream:remotename)%00%(upstream:remoteref) refs/heads/origin/stable refs/remotes/origin/stable [0ms]
2025-06-06 19:50:48.220 [info] > git rev-parse --show-toplevel [1ms]
2025-06-06 19:50:48.224 [info] > git rev-parse --show-toplevel [0ms]
2025-06-06 19:50:48.226 [info] > git rev-parse --show-toplevel [0ms]
2025-06-06 19:50:48.229 [info] > git rev-parse --show-toplevel [1ms]
2025-06-06 19:50:48.231 [info] > git rev-parse --show-toplevel [0ms]
2025-06-06 19:50:48.234 [info] > git rev-parse --show-toplevel [1ms]
2025-06-06 19:50:48.236 [info] > git rev-parse --show-toplevel [0ms]
2025-06-06 19:50:48.239 [info] > git rev-parse --show-toplevel [0ms]
2025-06-06 19:50:48.242 [info] > git rev-parse --show-toplevel [1ms]
2025-06-06 19:50:52.727 [info] > git config --get commit.template [1ms]
2025-06-06 19:50:52.730 [info] > git for-each-ref --format=%(refname)%00%(upstream:short)%00%(objectname)%00%(upstream:track)%00%(upstream:remotename)%00%(upstream:remoteref) refs/heads/stable refs/remotes/stable [0ms]
2025-06-06 19:50:52.733 [warning] [Git][revParse] Unable to read file: ENOENT: no such file or directory, open '/home/caroulder/AFLplusplus/.git/refs/remotes/origin/stable'
2025-06-06 19:50:52.733 [info] > git rev-parse refs/remotes/origin/stable [0ms]
2025-06-06 19:50:52.739 [info] > git status -z -uall [4ms]
2025-06-06 19:50:52.744 [info] > git for-each-ref --format=%(refname)%00%(upstream:short)%00%(objectname)%00%(upstream:track)%00%(upstream:remotename)%00%(upstream:remoteref) refs/heads/stable refs/remotes/stable [3ms]
2025-06-06 19:50:52.747 [info] > git config --local branch.stable.vscode-merge-base [1ms]
2025-06-06 19:50:52.750 [info] > git for-each-ref --format=%(refname)%00%(upstream:short)%00%(objectname)%00%(upstream:track)%00%(upstream:remotename)%00%(upstream:remoteref) refs/heads/origin/stable refs/remotes/origin/stable [1ms]
2025-06-06 19:50:53.251 [info] > git rev-parse --show-toplevel [1ms]
2025-06-06 19:50:53.257 [info] > git rev-parse --show-toplevel [1ms]
2025-06-06 19:50:53.261 [info] > git rev-parse --show-toplevel [1ms]
2025-06-06 19:50:53.264 [info] > git rev-parse --show-toplevel [1ms]
2025-06-06 19:50:53.266 [info] > git rev-parse --show-toplevel [0ms]
2025-06-06 19:50:53.269 [info] > git rev-parse --show-toplevel [0ms]
2025-06-06 19:50:53.272 [info] > git rev-parse --show-toplevel [1ms]
2025-06-06 19:50:53.274 [info] > git rev-parse --show-toplevel [0ms]
2025-06-06 19:50:53.277 [info] > git rev-parse --show-toplevel [0ms]
2025-06-06 19:50:57.756 [info] > git config --get commit.template [1ms]
2025-06-06 19:50:57.759 [info] > git for-each-ref --format=%(refname)%00%(upstream:short)%00%(objectname)%00%(upstream:track)%00%(upstream:remotename)%00%(upstream:remoteref) refs/heads/stable refs/remotes/stable [0ms]
2025-06-06 19:50:57.762 [warning] [Git][revParse] Unable to read file: ENOENT: no such file or directory, open '/home/caroulder/AFLplusplus/.git/refs/remotes/origin/stable'
2025-06-06 19:50:57.762 [info] > git rev-parse refs/remotes/origin/stable [0ms]
2025-06-06 19:50:57.768 [info] > git status -z -uall [4ms]
2025-06-06 19:50:57.773 [info] > git for-each-ref --format=%(refname)%00%(upstream:short)%00%(objectname)%00%(upstream:track)%00%(upstream:remotename)%00%(upstream:remoteref) refs/heads/stable refs/remotes/stable [2ms]
2025-06-06 19:50:57.776 [info] > git config --local branch.stable.vscode-merge-base [1ms]
2025-06-06 19:50:57.779 [info] > git for-each-ref --format=%(refname)%00%(upstream:short)%00%(objectname)%00%(upstream:track)%00%(upstream:remotename)%00%(upstream:remoteref) refs/heads/origin/stable refs/remotes/origin/stable [0ms]
2025-06-06 19:50:58.278 [info] > git rev-parse --show-toplevel [1ms]
2025-06-06 19:50:58.281 [info] > git rev-parse --show-toplevel [0ms]
2025-06-06 19:50:58.284 [info] > git rev-parse --show-toplevel [1ms]
2025-06-06 19:50:58.286 [info] > git rev-parse --show-toplevel [0ms]
2025-06-06 19:50:58.289 [info] > git rev-parse --show-toplevel [1ms]
2025-06-06 19:50:58.291 [info] > git rev-parse --show-toplevel [0ms]
2025-06-06 19:50:58.294 [info] > git rev-parse --show-toplevel [1ms]
2025-06-06 19:50:58.297 [info] > git rev-parse --show-toplevel [1ms]
2025-06-06 19:50:58.299 [info] > git rev-parse --show-toplevel [0ms]
2025-06-06 19:51:02.783 [info] > git config --get commit.template [1ms]
2025-06-06 19:51:02.786 [info] > git for-each-ref --format=%(refname)%00%(upstream:short)%00%(objectname)%00%(upstream:track)%00%(upstream:remotename)%00%(upstream:remoteref) refs/heads/stable refs/remotes/stable [0ms]
2025-06-06 19:51:02.789 [warning] [Git][revParse] Unable to read file: ENOENT: no such file or directory, open '/home/caroulder/AFLplusplus/.git/refs/remotes/origin/stable'
2025-06-06 19:51:02.789 [info] > git rev-parse refs/remotes/origin/stable [0ms]
2025-06-06 19:51:02.795 [info] > git status -z -uall [3ms]
2025-06-06 19:51:02.801 [info] > git for-each-ref --format=%(refname)%00%(upstream:short)%00%(objectname)%00%(upstream:track)%00%(upstream:remotename)%00%(upstream:remoteref) refs/heads/stable refs/remotes/stable [2ms]
2025-06-06 19:51:02.805 [info] > git config --local branch.stable.vscode-merge-base [2ms]
2025-06-06 19:51:02.808 [info] > git for-each-ref --format=%(refname)%00%(upstream:short)%00%(objectname)%00%(upstream:track)%00%(upstream:remotename)%00%(upstream:remoteref) refs/heads/origin/stable refs/remotes/origin/stable [1ms]
2025-06-06 19:51:03.310 [info] > git rev-parse --show-toplevel [0ms]
2025-06-06 19:51:03.314 [info] > git rev-parse --show-toplevel [1ms]
2025-06-06 19:51:03.317 [info] > git rev-parse --show-toplevel [0ms]
2025-06-06 19:51:03.320 [info] > git rev-parse --show-toplevel [0ms]
2025-06-06 19:51:03.323 [info] > git rev-parse --show-toplevel [1ms]
2025-06-06 19:51:03.326 [info] > git rev-parse --show-toplevel [1ms]
2025-06-06 19:51:03.328 [info] > git rev-parse --show-toplevel [0ms]
2025-06-06 19:51:03.331 [info] > git rev-parse --show-toplevel [0ms]
2025-06-06 19:51:03.334 [info] > git rev-parse --show-toplevel [1ms]
2025-06-06 19:51:07.810 [info] > git config --get commit.template [2ms]
2025-06-06 19:51:07.813 [info] > git for-each-ref --format=%(refname)%00%(upstream:short)%00%(objectname)%00%(upstream:track)%00%(upstream:remotename)%00%(upstream:remoteref) refs/heads/stable refs/remotes/stable [1ms]
2025-06-06 19:51:07.815 [warning] [Git][revParse] Unable to read file: ENOENT: no such file or directory, open '/home/caroulder/AFLplusplus/.git/refs/remotes/origin/stable'
2025-06-06 19:51:07.816 [info] > git rev-parse refs/remotes/origin/stable [1ms]
2025-06-06 19:51:07.822 [info] > git status -z -uall [4ms]
2025-06-06 19:51:07.827 [info] > git for-each-ref --format=%(refname)%00%(upstream:short)%00%(objectname)%00%(upstream:track)%00%(upstream:remotename)%00%(upstream:remoteref) refs/heads/stable refs/remotes/stable [2ms]
2025-06-06 19:51:07.830 [info] > git config --local branch.stable.vscode-merge-base [1ms]
2025-06-06 19:51:07.833 [info] > git for-each-ref --format=%(refname)%00%(upstream:short)%00%(objectname)%00%(upstream:track)%00%(upstream:remotename)%00%(upstream:remoteref) refs/heads/origin/stable refs/remotes/origin/stable [0ms]
2025-06-06 19:51:08.335 [info] > git rev-parse --show-toplevel [1ms]
2025-06-06 19:51:08.339 [info] > git rev-parse --show-toplevel [0ms]
2025-06-06 19:51:08.342 [info] > git rev-parse --show-toplevel [0ms]
2025-06-06 19:51:08.345 [info] > git rev-parse --show-toplevel [0ms]
2025-06-06 19:51:08.348 [info] > git rev-parse --show-toplevel [1ms]
2025-06-06 19:51:08.351 [info] > git rev-parse --show-toplevel [1ms]
2025-06-06 19:51:08.354 [info] > git rev-parse --show-toplevel [0ms]
2025-06-06 19:51:08.356 [info] > git rev-parse --show-toplevel [0ms]
2025-06-06 19:51:08.359 [info] > git rev-parse --show-toplevel [0ms]
2025-06-06 19:51:12.840 [info] > git config --get commit.template [1ms]
2025-06-06 19:51:12.843 [info] > git for-each-ref --format=%(refname)%00%(upstream:short)%00%(objectname)%00%(upstream:track)%00%(upstream:remotename)%00%(upstream:remoteref) refs/heads/stable refs/remotes/stable [0ms]
2025-06-06 19:51:12.845 [warning] [Git][revParse] Unable to read file: ENOENT: no such file or directory, open '/home/caroulder/AFLplusplus/.git/refs/remotes/origin/stable'
2025-06-06 19:51:12.846 [info] > git rev-parse refs/remotes/origin/stable [1ms]
2025-06-06 19:51:12.852 [info] > git status -z -uall [4ms]
2025-06-06 19:51:12.857 [info] > git for-each-ref --format=%(refname)%00%(upstream:short)%00%(objectname)%00%(upstream:track)%00%(upstream:remotename)%00%(upstream:remoteref) refs/heads/stable refs/remotes/stable [2ms]
2025-06-06 19:51:12.860 [info] > git config --local branch.stable.vscode-merge-base [1ms]
2025-06-06 19:51:12.863 [info] > git for-each-ref --format=%(refname)%00%(upstream:short)%00%(objectname)%00%(upstream:track)%00%(upstream:remotename)%00%(upstream:remoteref) refs/heads/origin/stable refs/remotes/origin/stable [0ms]
2025-06-06 19:51:13.367 [info] > git rev-parse --show-toplevel [2ms]
2025-06-06 19:51:13.372 [info] > git rev-parse --show-toplevel [1ms]
2025-06-06 19:51:13.375 [info] > git rev-parse --show-toplevel [0ms]
2025-06-06 19:51:13.378 [info] > git rev-parse --show-toplevel [1ms]
2025-06-06 19:51:13.381 [info] > git rev-parse --show-toplevel [1ms]
2025-06-06 19:51:13.383 [info] > git rev-parse --show-toplevel [0ms]
2025-06-06 19:51:13.386 [info] > git rev-parse --show-toplevel [1ms]
2025-06-06 19:51:13.393 [info] > git rev-parse --show-toplevel [5ms]
2025-06-06 19:51:13.396 [info] > git rev-parse --show-toplevel [1ms]
2025-06-06 19:51:17.871 [info] > git for-each-ref --format=%(refname)%00%(upstream:short)%00%(objectname)%00%(upstream:track)%00%(upstream:remotename)%00%(upstream:remoteref) refs/heads/stable refs/remotes/stable [0ms]
2025-06-06 19:51:17.871 [info] > git config --get commit.template [5ms]
2025-06-06 19:51:17.873 [warning] [Git][revParse] Unable to read file: ENOENT: no such file or directory, open '/home/caroulder/AFLplusplus/.git/refs/remotes/origin/stable'
2025-06-06 19:51:17.874 [info] > git rev-parse refs/remotes/origin/stable [1ms]
2025-06-06 19:51:17.882 [info] > git status -z -uall [3ms]
2025-06-06 19:51:17.892 [info] > git for-each-ref --format=%(refname)%00%(upstream:short)%00%(objectname)%00%(upstream:track)%00%(upstream:remotename)%00%(upstream:remoteref) refs/heads/stable refs/remotes/stable [3ms]
2025-06-06 19:51:17.896 [info] > git config --local branch.stable.vscode-merge-base [2ms]
2025-06-06 19:51:17.899 [info] > git for-each-ref --format=%(refname)%00%(upstream:short)%00%(objectname)%00%(upstream:track)%00%(upstream:remotename)%00%(upstream:remoteref) refs/heads/origin/stable refs/remotes/origin/stable [0ms]
2025-06-06 19:51:18.397 [info] > git rev-parse --show-toplevel [1ms]
2025-06-06 19:51:18.401 [info] > git rev-parse --show-toplevel [1ms]
2025-06-06 19:51:18.404 [info] > git rev-parse --show-toplevel [1ms]
2025-06-06 19:51:18.407 [info] > git rev-parse --show-toplevel [1ms]
2025-06-06 19:51:18.410 [info] > git rev-parse --show-toplevel [0ms]
2025-06-06 19:51:18.413 [info] > git rev-parse --show-toplevel [1ms]
2025-06-06 19:51:18.416 [info] > git rev-parse --show-toplevel [1ms]
2025-06-06 19:51:18.418 [info] > git rev-parse --show-toplevel [0ms]
2025-06-06 19:51:18.421 [info] > git rev-parse --show-toplevel [1ms]
2025-06-06 19:51:22.900 [info] > git config --get commit.template [4ms]
2025-06-06 19:51:22.900 [info] > git for-each-ref --format=%(refname)%00%(upstream:short)%00%(objectname)%00%(upstream:track)%00%(upstream:remotename)%00%(upstream:remoteref) refs/heads/stable refs/remotes/stable [1ms]
2025-06-06 19:51:22.902 [warning] [Git][revParse] Unable to read file: ENOENT: no such file or directory, open '/home/caroulder/AFLplusplus/.git/refs/remotes/origin/stable'
2025-06-06 19:51:22.903 [info] > git rev-parse refs/remotes/origin/stable [1ms]
2025-06-06 19:51:22.909 [info] > git status -z -uall [4ms]
2025-06-06 19:51:22.914 [info] > git for-each-ref --format=%(refname)%00%(upstream:short)%00%(objectname)%00%(upstream:track)%00%(upstream:remotename)%00%(upstream:remoteref) refs/heads/stable refs/remotes/stable [2ms]
2025-06-06 19:51:22.918 [info] > git config --local branch.stable.vscode-merge-base [1ms]
2025-06-06 19:51:22.921 [info] > git for-each-ref --format=%(refname)%00%(upstream:short)%00%(objectname)%00%(upstream:track)%00%(upstream:remotename)%00%(upstream:remoteref) refs/heads/origin/stable refs/remotes/origin/stable [1ms]
2025-06-06 19:51:23.423 [info] > git rev-parse --show-toplevel [1ms]
2025-06-06 19:51:23.426 [info] > git rev-parse --show-toplevel [0ms]
2025-06-06 19:51:23.429 [info] > git rev-parse --show-toplevel [0ms]
2025-06-06 19:51:23.432 [info] > git rev-parse --show-toplevel [0ms]
2025-06-06 19:51:23.435 [info] > git rev-parse --show-toplevel [0ms]
2025-06-06 19:51:23.438 [info] > git rev-parse --show-toplevel [1ms]
2025-06-06 19:51:23.441 [info] > git rev-parse --show-toplevel [0ms]
2025-06-06 19:51:23.444 [info] > git rev-parse --show-toplevel [1ms]
2025-06-06 19:51:23.446 [info] > git rev-parse --show-toplevel [0ms]
2025-06-06 19:51:27.922 [info] > git config --get commit.template [0ms]
2025-06-06 19:51:27.925 [info] > git for-each-ref --format=%(refname)%00%(upstream:short)%00%(objectname)%00%(upstream:track)%00%(upstream:remotename)%00%(upstream:remoteref) refs/heads/stable refs/remotes/stable [1ms]
2025-06-06 19:51:27.928 [warning] [Git][revParse] Unable to read file: ENOENT: no such file or directory, open '/home/caroulder/AFLplusplus/.git/refs/remotes/origin/stable'
2025-06-06 19:51:27.928 [info] > git rev-parse refs/remotes/origin/stable [0ms]
2025-06-06 19:51:27.935 [info] > git status -z -uall [5ms]
2025-06-06 19:51:27.939 [info] > git for-each-ref --format=%(refname)%00%(upstream:short)%00%(objectname)%00%(upstream:track)%00%(upstream:remotename)%00%(upstream:remoteref) refs/heads/stable refs/remotes/stable [1ms]
2025-06-06 19:51:27.943 [info] > git config --local branch.stable.vscode-merge-base [1ms]
2025-06-06 19:51:27.946 [info] > git for-each-ref --format=%(refname)%00%(upstream:short)%00%(objectname)%00%(upstream:track)%00%(upstream:remotename)%00%(upstream:remoteref) refs/heads/origin/stable refs/remotes/origin/stable [1ms]
2025-06-06 19:51:28.450 [info] > git rev-parse --show-toplevel [2ms]
2025-06-06 19:51:28.455 [info] > git rev-parse --show-toplevel [1ms]
2025-06-06 19:51:28.458 [info] > git rev-parse --show-toplevel [0ms]
2025-06-06 19:51:28.461 [info] > git rev-parse --show-toplevel [0ms]
2025-06-06 19:51:28.464 [info] > git rev-parse --show-toplevel [0ms]
2025-06-06 19:51:28.467 [info] > git rev-parse --show-toplevel [1ms]
2025-06-06 19:51:28.470 [info] > git rev-parse --show-toplevel [1ms]
2025-06-06 19:51:28.472 [info] > git rev-parse --show-toplevel [0ms]
2025-06-06 19:51:28.475 [info] > git rev-parse --show-toplevel [0ms]
2025-06-06 19:51:32.952 [info] > git config --get commit.template [2ms]
2025-06-06 19:51:32.956 [info] > git for-each-ref --format=%(refname)%00%(upstream:short)%00%(objectname)%00%(upstream:track)%00%(upstream:remotename)%00%(upstream:remoteref) refs/heads/stable refs/remotes/stable [1ms]
2025-06-06 19:51:32.959 [warning] [Git][revParse] Unable to read file: ENOENT: no such file or directory, open '/home/caroulder/AFLplusplus/.git/refs/remotes/origin/stable'
2025-06-06 19:51:32.959 [info] > git rev-parse refs/remotes/origin/stable [0ms]
2025-06-06 19:51:32.965 [info] > git status -z -uall [4ms]
2025-06-06 19:51:32.970 [info] > git for-each-ref --format=%(refname)%00%(upstream:short)%00%(objectname)%00%(upstream:track)%00%(upstream:remotename)%00%(upstream:remoteref) refs/heads/stable refs/remotes/stable [2ms]
2025-06-06 19:51:32.976 [info] > git config --local branch.stable.vscode-merge-base [1ms]
2025-06-06 19:51:32.978 [info] > git for-each-ref --format=%(refname)%00%(upstream:short)%00%(objectname)%00%(upstream:track)%00%(upstream:remotename)%00%(upstream:remoteref) refs/heads/origin/stable refs/remotes/origin/stable [0ms]
2025-06-06 19:51:33.481 [info] > git rev-parse --show-toplevel [2ms]
2025-06-06 19:51:33.485 [info] > git rev-parse --show-toplevel [0ms]
2025-06-06 19:51:33.489 [info] > git rev-parse --show-toplevel [1ms]
2025-06-06 19:51:33.492 [info] > git rev-parse --show-toplevel [1ms]
2025-06-06 19:51:33.494 [info] > git rev-parse --show-toplevel [0ms]
2025-06-06 19:51:33.497 [info] > git rev-parse --show-toplevel [0ms]
2025-06-06 19:51:33.500 [info] > git rev-parse --show-toplevel [1ms]
2025-06-06 19:51:33.503 [info] > git rev-parse --show-toplevel [1ms]
2025-06-06 19:51:33.506 [info] > git rev-parse --show-toplevel [1ms]
2025-06-06 19:51:37.993 [info] > git config --get commit.template [1ms]
2025-06-06 19:51:37.996 [info] > git for-each-ref --format=%(refname)%00%(upstream:short)%00%(objectname)%00%(upstream:track)%00%(upstream:remotename)%00%(upstream:remoteref) refs/heads/stable refs/remotes/stable [1ms]
2025-06-06 19:51:37.999 [warning] [Git][revParse] Unable to read file: ENOENT: no such file or directory, open '/home/caroulder/AFLplusplus/.git/refs/remotes/origin/stable'
2025-06-06 19:51:37.999 [info] > git rev-parse refs/remotes/origin/stable [1ms]
2025-06-06 19:51:38.005 [info] > git status -z -uall [4ms]
2025-06-06 19:51:38.014 [info] > git for-each-ref --format=%(refname)%00%(upstream:short)%00%(objectname)%00%(upstream:track)%00%(upstream:remotename)%00%(upstream:remoteref) refs/heads/stable refs/remotes/stable [5ms]
2025-06-06 19:51:38.019 [info] > git config --local branch.stable.vscode-merge-base [0ms]
2025-06-06 19:51:38.023 [info] > git for-each-ref --format=%(refname)%00%(upstream:short)%00%(objectname)%00%(upstream:track)%00%(upstream:remotename)%00%(upstream:remoteref) refs/heads/origin/stable refs/remotes/origin/stable [1ms]
2025-06-06 19:51:38.519 [info] > git rev-parse --show-toplevel [1ms]
2025-06-06 19:51:38.523 [info] > git rev-parse --show-toplevel [0ms]
2025-06-06 19:51:38.526 [info] > git rev-parse --show-toplevel [0ms]
2025-06-06 19:51:38.529 [info] > git rev-parse --show-toplevel [1ms]
2025-06-06 19:51:38.532 [info] > git rev-parse --show-toplevel [1ms]
2025-06-06 19:51:38.535 [info] > git rev-parse --show-toplevel [1ms]
2025-06-06 19:51:38.537 [info] > git rev-parse --show-toplevel [0ms]
2025-06-06 19:51:38.540 [info] > git rev-parse --show-toplevel [0ms]
2025-06-06 19:51:38.542 [info] > git rev-parse --show-toplevel [0ms]
2025-06-06 19:51:43.020 [info] > git config --get commit.template [1ms]
2025-06-06 19:51:43.023 [info] > git for-each-ref --format=%(refname)%00%(upstream:short)%00%(objectname)%00%(upstream:track)%00%(upstream:remotename)%00%(upstream:remoteref) refs/heads/stable refs/remotes/stable [0ms]
2025-06-06 19:51:43.026 [warning] [Git][revParse] Unable to read file: ENOENT: no such file or directory, open '/home/caroulder/AFLplusplus/.git/refs/remotes/origin/stable'
2025-06-06 19:51:43.026 [info] > git rev-parse refs/remotes/origin/stable [0ms]
2025-06-06 19:51:43.032 [info] > git status -z -uall [4ms]
2025-06-06 19:51:43.037 [info] > git for-each-ref --format=%(refname)%00%(upstream:short)%00%(objectname)%00%(upstream:track)%00%(upstream:remotename)%00%(upstream:remoteref) refs/heads/stable refs/remotes/stable [2ms]
2025-06-06 19:51:43.040 [info] > git config --local branch.stable.vscode-merge-base [1ms]
2025-06-06 19:51:43.045 [info] > git for-each-ref --format=%(refname)%00%(upstream:short)%00%(objectname)%00%(upstream:track)%00%(upstream:remotename)%00%(upstream:remoteref) refs/heads/origin/stable refs/remotes/origin/stable [3ms]
2025-06-06 19:51:43.544 [info] > git rev-parse --show-toplevel [1ms]
2025-06-06 19:51:43.549 [info] > git rev-parse --show-toplevel [1ms]
2025-06-06 19:51:43.552 [info] > git rev-parse --show-toplevel [0ms]
2025-06-06 19:51:43.556 [info] > git rev-parse --show-toplevel [1ms]
2025-06-06 19:51:43.558 [info] > git rev-parse --show-toplevel [0ms]
2025-06-06 19:51:43.561 [info] > git rev-parse --show-toplevel [1ms]
2025-06-06 19:51:43.563 [info] > git rev-parse --show-toplevel [0ms]
2025-06-06 19:51:43.566 [info] > git rev-parse --show-toplevel [1ms]
2025-06-06 19:51:43.569 [info] > git rev-parse --show-toplevel [1ms]
2025-06-06 19:51:48.047 [info] > git config --get commit.template [3ms]
2025-06-06 19:51:48.048 [info] > git for-each-ref --format=%(refname)%00%(upstream:short)%00%(objectname)%00%(upstream:track)%00%(upstream:remotename)%00%(upstream:remoteref) refs/heads/stable refs/remotes/stable [1ms]
2025-06-06 19:51:48.050 [warning] [Git][revParse] Unable to read file: ENOENT: no such file or directory, open '/home/caroulder/AFLplusplus/.git/refs/remotes/origin/stable'
2025-06-06 19:51:48.050 [info] > git rev-parse refs/remotes/origin/stable [0ms]
2025-06-06 19:51:48.056 [info] > git status -z -uall [4ms]
2025-06-06 19:51:48.060 [info] > git for-each-ref --format=%(refname)%00%(upstream:short)%00%(objectname)%00%(upstream:track)%00%(upstream:remotename)%00%(upstream:remoteref) refs/heads/stable refs/remotes/stable [2ms]
2025-06-06 19:51:48.064 [info] > git config --local branch.stable.vscode-merge-base [1ms]
2025-06-06 19:51:48.067 [info] > git for-each-ref --format=%(refname)%00%(upstream:short)%00%(objectname)%00%(upstream:track)%00%(upstream:remotename)%00%(upstream:remoteref) refs/heads/origin/stable refs/remotes/origin/stable [0ms]
2025-06-06 19:51:48.565 [info] > git rev-parse --show-toplevel [1ms]
2025-06-06 19:51:48.567 [info] > git rev-parse --show-toplevel [0ms]
2025-06-06 19:51:48.570 [info] > git rev-parse --show-toplevel [1ms]
2025-06-06 19:51:48.572 [info] > git rev-parse --show-toplevel [0ms]
2025-06-06 19:51:48.575 [info] > git rev-parse --show-toplevel [1ms]
2025-06-06 19:51:48.577 [info] > git rev-parse --show-toplevel [0ms]
2025-06-06 19:51:48.580 [info] > git rev-parse --show-toplevel [1ms]
2025-06-06 19:51:48.584 [info] > git rev-parse --show-toplevel [1ms]
2025-06-06 19:51:48.586 [info] > git rev-parse --show-toplevel [0ms]
2025-06-06 19:51:53.077 [info] > git config --get commit.template [5ms]
2025-06-06 19:51:53.080 [info] > git for-each-ref --format=%(refname)%00%(upstream:short)%00%(objectname)%00%(upstream:track)%00%(upstream:remotename)%00%(upstream:remoteref) refs/heads/stable refs/remotes/stable [0ms]
2025-06-06 19:51:53.082 [warning] [Git][revParse] Unable to read file: ENOENT: no such file or directory, open '/home/caroulder/AFLplusplus/.git/refs/remotes/origin/stable'
2025-06-06 19:51:53.083 [info] > git rev-parse refs/remotes/origin/stable [1ms]
2025-06-06 19:51:53.089 [info] > git status -z -uall [4ms]
2025-06-06 19:51:53.093 [info] > git for-each-ref --format=%(refname)%00%(upstream:short)%00%(objectname)%00%(upstream:track)%00%(upstream:remotename)%00%(upstream:remoteref) refs/heads/stable refs/remotes/stable [1ms]
2025-06-06 19:51:53.097 [info] > git config --local branch.stable.vscode-merge-base [1ms]
2025-06-06 19:51:53.100 [info] > git for-each-ref --format=%(refname)%00%(upstream:short)%00%(objectname)%00%(upstream:track)%00%(upstream:remotename)%00%(upstream:remoteref) refs/heads/origin/stable refs/remotes/origin/stable [1ms]
2025-06-06 19:51:53.596 [info] > git rev-parse --show-toplevel [0ms]
2025-06-06 19:51:53.600 [info] > git rev-parse --show-toplevel [0ms]
2025-06-06 19:51:53.603 [info] > git rev-parse --show-toplevel [0ms]
2025-06-06 19:51:53.606 [info] > git rev-parse --show-toplevel [0ms]
2025-06-06 19:51:53.609 [info] > git rev-parse --show-toplevel [0ms]
2025-06-06 19:51:53.612 [info] > git rev-parse --show-toplevel [1ms]
2025-06-06 19:51:53.614 [info] > git rev-parse --show-toplevel [0ms]
2025-06-06 19:51:53.617 [info] > git rev-parse --show-toplevel [0ms]
2025-06-06 19:51:53.620 [info] > git rev-parse --show-toplevel [0ms]
2025-06-06 19:51:58.102 [info] > git config --get commit.template [1ms]
2025-06-06 19:51:58.106 [info] > git for-each-ref --format=%(refname)%00%(upstream:short)%00%(objectname)%00%(upstream:track)%00%(upstream:remotename)%00%(upstream:remoteref) refs/heads/stable refs/remotes/stable [1ms]
2025-06-06 19:51:58.108 [warning] [Git][revParse] Unable to read file: ENOENT: no such file or directory, open '/home/caroulder/AFLplusplus/.git/refs/remotes/origin/stable'
2025-06-06 19:51:58.108 [info] > git rev-parse refs/remotes/origin/stable [0ms]
2025-06-06 19:51:58.114 [info] > git status -z -uall [3ms]
2025-06-06 19:51:58.121 [info] > git for-each-ref --format=%(refname)%00%(upstream:short)%00%(objectname)%00%(upstream:track)%00%(upstream:remotename)%00%(upstream:remoteref) refs/heads/stable refs/remotes/stable [3ms]
2025-06-06 19:51:58.124 [info] > git config --local branch.stable.vscode-merge-base [0ms]
2025-06-06 19:51:58.127 [info] > git for-each-ref --format=%(refname)%00%(upstream:short)%00%(objectname)%00%(upstream:track)%00%(upstream:remotename)%00%(upstream:remoteref) refs/heads/origin/stable refs/remotes/origin/stable [0ms]
2025-06-06 19:51:58.626 [info] > git rev-parse --show-toplevel [1ms]
2025-06-06 19:51:58.629 [info] > git rev-parse --show-toplevel [0ms]
2025-06-06 19:51:58.632 [info] > git rev-parse --show-toplevel [0ms]
2025-06-06 19:51:58.635 [info] > git rev-parse --show-toplevel [0ms]
2025-06-06 19:51:58.638 [info] > git rev-parse --show-toplevel [1ms]
2025-06-06 19:51:58.641 [info] > git rev-parse --show-toplevel [1ms]
2025-06-06 19:51:58.643 [info] > git rev-parse --show-toplevel [0ms]
2025-06-06 19:51:58.646 [info] > git rev-parse --show-toplevel [0ms]
2025-06-06 19:51:58.649 [info] > git rev-parse --show-toplevel [0ms]
2025-06-06 19:52:03.132 [info] > git config --get commit.template [4ms]
2025-06-06 19:52:03.132 [info] > git for-each-ref --format=%(refname)%00%(upstream:short)%00%(objectname)%00%(upstream:track)%00%(upstream:remotename)%00%(upstream:remoteref) refs/heads/stable refs/remotes/stable [1ms]
2025-06-06 19:52:03.134 [warning] [Git][revParse] Unable to read file: ENOENT: no such file or directory, open '/home/caroulder/AFLplusplus/.git/refs/remotes/origin/stable'
2025-06-06 19:52:03.135 [info] > git rev-parse refs/remotes/origin/stable [1ms]
2025-06-06 19:52:03.140 [info] > git status -z -uall [4ms]
2025-06-06 19:52:03.145 [info] > git for-each-ref --format=%(refname)%00%(upstream:short)%00%(objectname)%00%(upstream:track)%00%(upstream:remotename)%00%(upstream:remoteref) refs/heads/stable refs/remotes/stable [2ms]
2025-06-06 19:52:03.148 [info] > git config --local branch.stable.vscode-merge-base [1ms]
2025-06-06 19:52:03.151 [info] > git for-each-ref --format=%(refname)%00%(upstream:short)%00%(objectname)%00%(upstream:track)%00%(upstream:remotename)%00%(upstream:remoteref) refs/heads/origin/stable refs/remotes/origin/stable [1ms]
2025-06-06 19:52:03.649 [info] > git rev-parse --show-toplevel [1ms]
2025-06-06 19:52:03.653 [info] > git rev-parse --show-toplevel [1ms]
2025-06-06 19:52:03.656 [info] > git rev-parse --show-toplevel [1ms]
2025-06-06 19:52:03.658 [info] > git rev-parse --show-toplevel [0ms]
2025-06-06 19:52:03.661 [info] > git rev-parse --show-toplevel [1ms]
2025-06-06 19:52:03.664 [info] > git rev-parse --show-toplevel [1ms]
2025-06-06 19:52:03.666 [info] > git rev-parse --show-toplevel [0ms]
2025-06-06 19:52:03.669 [info] > git rev-parse --show-toplevel [1ms]
2025-06-06 19:52:03.671 [info] > git rev-parse --show-toplevel [0ms]
2025-06-06 19:52:08.154 [info] > git config --get commit.template [3ms]
2025-06-06 19:52:08.155 [info] > git for-each-ref --format=%(refname)%00%(upstream:short)%00%(objectname)%00%(upstream:track)%00%(upstream:remotename)%00%(upstream:remoteref) refs/heads/stable refs/remotes/stable [1ms]
2025-06-06 19:52:08.157 [warning] [Git][revParse] Unable to read file: ENOENT: no such file or directory, open '/home/caroulder/AFLplusplus/.git/refs/remotes/origin/stable'
2025-06-06 19:52:08.157 [info] > git rev-parse refs/remotes/origin/stable [0ms]
2025-06-06 19:52:08.163 [info] > git status -z -uall [4ms]
2025-06-06 19:52:08.168 [info] > git for-each-ref --format=%(refname)%00%(upstream:short)%00%(objectname)%00%(upstream:track)%00%(upstream:remotename)%00%(upstream:remoteref) refs/heads/stable refs/remotes/stable [2ms]
2025-06-06 19:52:08.171 [info] > git config --local branch.stable.vscode-merge-base [1ms]
2025-06-06 19:52:08.174 [info] > git for-each-ref --format=%(refname)%00%(upstream:short)%00%(objectname)%00%(upstream:track)%00%(upstream:remotename)%00%(upstream:remoteref) refs/heads/origin/stable refs/remotes/origin/stable [1ms]
2025-06-06 19:52:08.674 [info] > git rev-parse --show-toplevel [1ms]
2025-06-06 19:52:08.677 [info] > git rev-parse --show-toplevel [0ms]
2025-06-06 19:52:08.680 [info] > git rev-parse --show-toplevel [0ms]
2025-06-06 19:52:08.684 [info] > git rev-parse --show-toplevel [1ms]
2025-06-06 19:52:08.686 [info] > git rev-parse --show-toplevel [0ms]
2025-06-06 19:52:08.689 [info] > git rev-parse --show-toplevel [0ms]
2025-06-06 19:52:08.692 [info] > git rev-parse --show-toplevel [0ms]
2025-06-06 19:52:08.695 [info] > git rev-parse --show-toplevel [1ms]
2025-06-06 19:52:08.697 [info] > git rev-parse --show-toplevel [0ms]
2025-06-06 19:52:13.178 [info] > git config --get commit.template [1ms]
2025-06-06 19:52:13.182 [info] > git for-each-ref --format=%(refname)%00%(upstream:short)%00%(objectname)%00%(upstream:track)%00%(upstream:remotename)%00%(upstream:remoteref) refs/heads/stable refs/remotes/stable [0ms]
2025-06-06 19:52:13.187 [warning] [Git][revParse] Unable to read file: ENOENT: no such file or directory, open '/home/caroulder/AFLplusplus/.git/refs/remotes/origin/stable'
2025-06-06 19:52:13.188 [info] > git rev-parse refs/remotes/origin/stable [1ms]
2025-06-06 19:52:13.193 [info] > git status -z -uall [3ms]
2025-06-06 19:52:13.198 [info] > git for-each-ref --format=%(refname)%00%(upstream:short)%00%(objectname)%00%(upstream:track)%00%(upstream:remotename)%00%(upstream:remoteref) refs/heads/stable refs/remotes/stable [2ms]
2025-06-06 19:52:13.213 [info] > git config --local branch.stable.vscode-merge-base [1ms]
2025-06-06 19:52:13.223 [info] > git for-each-ref --format=%(refname)%00%(upstream:short)%00%(objectname)%00%(upstream:track)%00%(upstream:remotename)%00%(upstream:remoteref) refs/heads/origin/stable refs/remotes/origin/stable [4ms]
2025-06-06 19:52:13.704 [info] > git rev-parse --show-toplevel [0ms]
2025-06-06 19:52:13.708 [info] > git rev-parse --show-toplevel [1ms]
2025-06-06 19:52:13.710 [info] > git rev-parse --show-toplevel [0ms]
2025-06-06 19:52:13.713 [info] > git rev-parse --show-toplevel [0ms]
2025-06-06 19:52:13.715 [info] > git rev-parse --show-toplevel [0ms]
2025-06-06 19:52:13.718 [info] > git rev-parse --show-toplevel [0ms]
2025-06-06 19:52:13.721 [info] > git rev-parse --show-toplevel [1ms]
2025-06-06 19:52:13.723 [info] > git rev-parse --show-toplevel [0ms]
2025-06-06 19:52:13.726 [info] > git rev-parse --show-toplevel [0ms]
2025-06-06 19:52:18.205 [info] > git config --get commit.template [1ms]
2025-06-06 19:52:18.208 [info] > git for-each-ref --format=%(refname)%00%(upstream:short)%00%(objectname)%00%(upstream:track)%00%(upstream:remotename)%00%(upstream:remoteref) refs/heads/stable refs/remotes/stable [0ms]
2025-06-06 19:52:18.210 [warning] [Git][revParse] Unable to read file: ENOENT: no such file or directory, open '/home/caroulder/AFLplusplus/.git/refs/remotes/origin/stable'
2025-06-06 19:52:18.211 [info] > git rev-parse refs/remotes/origin/stable [1ms]
2025-06-06 19:52:18.216 [info] > git status -z -uall [3ms]
2025-06-06 19:52:18.222 [info] > git for-each-ref --format=%(refname)%00%(upstream:short)%00%(objectname)%00%(upstream:track)%00%(upstream:remotename)%00%(upstream:remoteref) refs/heads/stable refs/remotes/stable [1ms]
2025-06-06 19:52:18.225 [info] > git config --local branch.stable.vscode-merge-base [1ms]
2025-06-06 19:52:18.228 [info] > git for-each-ref --format=%(refname)%00%(upstream:short)%00%(objectname)%00%(upstream:track)%00%(upstream:remotename)%00%(upstream:remoteref) refs/heads/origin/stable refs/remotes/origin/stable [1ms]
2025-06-06 19:52:18.727 [info] > git rev-parse --show-toplevel [1ms]
2025-06-06 19:52:18.731 [info] > git rev-parse --show-toplevel [1ms]
2025-06-06 19:52:18.734 [info] > git rev-parse --show-toplevel [1ms]
2025-06-06 19:52:18.736 [info] > git rev-parse --show-toplevel [0ms]
2025-06-06 19:52:18.739 [info] > git rev-parse --show-toplevel [0ms]
2025-06-06 19:52:18.742 [info] > git rev-parse --show-toplevel [0ms]
2025-06-06 19:52:18.745 [info] > git rev-parse --show-toplevel [1ms]
2025-06-06 19:52:18.748 [info] > git rev-parse --show-toplevel [0ms]
2025-06-06 19:52:18.752 [info] > git rev-parse --show-toplevel [1ms]
2025-06-06 19:52:23.234 [info] > git config --get commit.template [1ms]
2025-06-06 19:52:23.239 [info] > git for-each-ref --format=%(refname)%00%(upstream:short)%00%(objectname)%00%(upstream:track)%00%(upstream:remotename)%00%(upstream:remoteref) refs/heads/stable refs/remotes/stable [2ms]
2025-06-06 19:52:23.242 [warning] [Git][revParse] Unable to read file: ENOENT: no such file or directory, open '/home/caroulder/AFLplusplus/.git/refs/remotes/origin/stable'
2025-06-06 19:52:23.242 [info] > git rev-parse refs/remotes/origin/stable [0ms]
2025-06-06 19:52:23.249 [info] > git status -z -uall [4ms]
2025-06-06 19:52:23.253 [info] > git for-each-ref --format=%(refname)%00%(upstream:short)%00%(objectname)%00%(upstream:track)%00%(upstream:remotename)%00%(upstream:remoteref) refs/heads/stable refs/remotes/stable [1ms]
2025-06-06 19:52:23.257 [info] > git config --local branch.stable.vscode-merge-base [1ms]
2025-06-06 19:52:23.260 [info] > git for-each-ref --format=%(refname)%00%(upstream:short)%00%(objectname)%00%(upstream:track)%00%(upstream:remotename)%00%(upstream:remoteref) refs/heads/origin/stable refs/remotes/origin/stable [1ms]
2025-06-06 19:52:23.758 [info] > git rev-parse --show-toplevel [1ms]
2025-06-06 19:52:23.761 [info] > git rev-parse --show-toplevel [0ms]
2025-06-06 19:52:23.764 [info] > git rev-parse --show-toplevel [1ms]
2025-06-06 19:52:23.767 [info] > git rev-parse --show-toplevel [1ms]
2025-06-06 19:52:23.769 [info] > git rev-parse --show-toplevel [0ms]
2025-06-06 19:52:23.772 [info] > git rev-parse --show-toplevel [0ms]
2025-06-06 19:52:23.775 [info] > git rev-parse --show-toplevel [1ms]
2025-06-06 19:52:23.778 [info] > git rev-parse --show-toplevel [0ms]
2025-06-06 19:52:23.780 [info] > git rev-parse --show-toplevel [0ms]
2025-06-06 19:52:28.259 [info] > git config --get commit.template [0ms]
2025-06-06 19:52:28.263 [info] > git for-each-ref --format=%(refname)%00%(upstream:short)%00%(objectname)%00%(upstream:track)%00%(upstream:remotename)%00%(upstream:remoteref) refs/heads/stable refs/remotes/stable [1ms]
2025-06-06 19:52:28.265 [warning] [Git][revParse] Unable to read file: ENOENT: no such file or directory, open '/home/caroulder/AFLplusplus/.git/refs/remotes/origin/stable'
2025-06-06 19:52:28.266 [info] > git rev-parse refs/remotes/origin/stable [1ms]
2025-06-06 19:52:28.271 [info] > git status -z -uall [3ms]
2025-06-06 19:52:28.277 [info] > git for-each-ref --format=%(refname)%00%(upstream:short)%00%(objectname)%00%(upstream:track)%00%(upstream:remotename)%00%(upstream:remoteref) refs/heads/stable refs/remotes/stable [3ms]
2025-06-06 19:52:28.280 [info] > git config --local branch.stable.vscode-merge-base [1ms]
2025-06-06 19:52:28.298 [info] > git for-each-ref --format=%(refname)%00%(upstream:short)%00%(objectname)%00%(upstream:track)%00%(upstream:remotename)%00%(upstream:remoteref) refs/heads/origin/stable refs/remotes/origin/stable [0ms]
2025-06-06 19:52:28.778 [info] > git rev-parse --show-toplevel [0ms]
2025-06-06 19:52:28.781 [info] > git rev-parse --show-toplevel [0ms]
2025-06-06 19:52:28.784 [info] > git rev-parse --show-toplevel [0ms]
2025-06-06 19:52:28.787 [info] > git rev-parse --show-toplevel [1ms]
2025-06-06 19:52:28.789 [info] > git rev-parse --show-toplevel [0ms]
2025-06-06 19:52:28.792 [info] > git rev-parse --show-toplevel [1ms]
2025-06-06 19:52:28.794 [info] > git rev-parse --show-toplevel [0ms]
2025-06-06 19:52:28.797 [info] > git rev-parse --show-toplevel [1ms]
2025-06-06 19:52:28.800 [info] > git rev-parse --show-toplevel [0ms]
2025-06-06 19:52:33.285 [info] > git config --get commit.template [3ms]
2025-06-06 19:52:33.286 [info] > git for-each-ref --format=%(refname)%00%(upstream:short)%00%(objectname)%00%(upstream:track)%00%(upstream:remotename)%00%(upstream:remoteref) refs/heads/stable refs/remotes/stable [1ms]
2025-06-06 19:52:33.288 [warning] [Git][revParse] Unable to read file: ENOENT: no such file or directory, open '/home/caroulder/AFLplusplus/.git/refs/remotes/origin/stable'
2025-06-06 19:52:33.289 [info] > git rev-parse refs/remotes/origin/stable [1ms]
2025-06-06 19:52:33.295 [info] > git status -z -uall [4ms]
2025-06-06 19:52:33.301 [info] > git for-each-ref --format=%(refname)%00%(upstream:short)%00%(objectname)%00%(upstream:track)%00%(upstream:remotename)%00%(upstream:remoteref) refs/heads/stable refs/remotes/stable [3ms]
2025-06-06 19:52:33.305 [info] > git config --local branch.stable.vscode-merge-base [1ms]
2025-06-06 19:52:33.308 [info] > git for-each-ref --format=%(refname)%00%(upstream:short)%00%(objectname)%00%(upstream:track)%00%(upstream:remotename)%00%(upstream:remoteref) refs/heads/origin/stable refs/remotes/origin/stable [1ms]
2025-06-06 19:52:33.817 [info] > git rev-parse --show-toplevel [1ms]
2025-06-06 19:52:33.819 [info] > git rev-parse --show-toplevel [0ms]
2025-06-06 19:52:33.822 [info] > git rev-parse --show-toplevel [0ms]
2025-06-06 19:52:33.825 [info] > git rev-parse --show-toplevel [0ms]
2025-06-06 19:52:33.829 [info] > git rev-parse --show-toplevel [1ms]
2025-06-06 19:52:33.831 [info] > git rev-parse --show-toplevel [0ms]
2025-06-06 19:52:33.834 [info] > git rev-parse --show-toplevel [0ms]
2025-06-06 19:52:33.837 [info] > git rev-parse --show-toplevel [1ms]
2025-06-06 19:52:33.840 [info] > git rev-parse --show-toplevel [1ms]
2025-06-06 19:52:38.313 [info] > git config --get commit.template [5ms]
2025-06-06 19:52:38.313 [info] > git for-each-ref --format=%(refname)%00%(upstream:short)%00%(objectname)%00%(upstream:track)%00%(upstream:remotename)%00%(upstream:remoteref) refs/heads/stable refs/remotes/stable [1ms]
2025-06-06 19:52:38.316 [warning] [Git][revParse] Unable to read file: ENOENT: no such file or directory, open '/home/caroulder/AFLplusplus/.git/refs/remotes/origin/stable'
2025-06-06 19:52:38.316 [info] > git rev-parse refs/remotes/origin/stable [0ms]
2025-06-06 19:52:38.322 [info] > git status -z -uall [4ms]
2025-06-06 19:52:38.326 [info] > git for-each-ref --format=%(refname)%00%(upstream:short)%00%(objectname)%00%(upstream:track)%00%(upstream:remotename)%00%(upstream:remoteref) refs/heads/stable refs/remotes/stable [1ms]
2025-06-06 19:52:38.330 [info] > git config --local branch.stable.vscode-merge-base [1ms]
2025-06-06 19:52:38.333 [info] > git for-each-ref --format=%(refname)%00%(upstream:short)%00%(objectname)%00%(upstream:track)%00%(upstream:remotename)%00%(upstream:remoteref) refs/heads/origin/stable refs/remotes/origin/stable [1ms]
2025-06-06 19:52:38.834 [info] > git rev-parse --show-toplevel [1ms]
2025-06-06 19:52:38.840 [info] > git rev-parse --show-toplevel [1ms]
2025-06-06 19:52:38.844 [info] > git rev-parse --show-toplevel [1ms]
2025-06-06 19:52:38.847 [info] > git rev-parse --show-toplevel [1ms]
2025-06-06 19:52:38.849 [info] > git rev-parse --show-toplevel [0ms]
2025-06-06 19:52:38.852 [info] > git rev-parse --show-toplevel [0ms]
2025-06-06 19:52:38.855 [info] > git rev-parse --show-toplevel [0ms]
2025-06-06 19:52:38.858 [info] > git rev-parse --show-toplevel [1ms]
2025-06-06 19:52:38.860 [info] > git rev-parse --show-toplevel [0ms]
2025-06-06 19:52:43.335 [info] > git config --get commit.template [1ms]
2025-06-06 19:52:43.339 [info] > git for-each-ref --format=%(refname)%00%(upstream:short)%00%(objectname)%00%(upstream:track)%00%(upstream:remotename)%00%(upstream:remoteref) refs/heads/stable refs/remotes/stable [1ms]
2025-06-06 19:52:43.342 [warning] [Git][revParse] Unable to read file: ENOENT: no such file or directory, open '/home/caroulder/AFLplusplus/.git/refs/remotes/origin/stable'
2025-06-06 19:52:43.342 [info] > git rev-parse refs/remotes/origin/stable [1ms]
2025-06-06 19:52:43.348 [info] > git status -z -uall [4ms]
2025-06-06 19:52:43.352 [info] > git for-each-ref --format=%(refname)%00%(upstream:short)%00%(objectname)%00%(upstream:track)%00%(upstream:remotename)%00%(upstream:remoteref) refs/heads/stable refs/remotes/stable [2ms]
2025-06-06 19:52:43.355 [info] > git config --local branch.stable.vscode-merge-base [1ms]
2025-06-06 19:52:43.358 [info] > git for-each-ref --format=%(refname)%00%(upstream:short)%00%(objectname)%00%(upstream:track)%00%(upstream:remotename)%00%(upstream:remoteref) refs/heads/origin/stable refs/remotes/origin/stable [0ms]
2025-06-06 19:52:43.859 [info] > git rev-parse --show-toplevel [1ms]
2025-06-06 19:52:43.862 [info] > git rev-parse --show-toplevel [0ms]
2025-06-06 19:52:43.865 [info] > git rev-parse --show-toplevel [0ms]
2025-06-06 19:52:43.868 [info] > git rev-parse --show-toplevel [1ms]
2025-06-06 19:52:43.871 [info] > git rev-parse --show-toplevel [1ms]
2025-06-06 19:52:43.873 [info] > git rev-parse --show-toplevel [0ms]
2025-06-06 19:52:43.875 [info] > git rev-parse --show-toplevel [0ms]
2025-06-06 19:52:43.878 [info] > git rev-parse --show-toplevel [0ms]
2025-06-06 19:52:43.881 [info] > git rev-parse --show-toplevel [1ms]
2025-06-06 19:52:48.363 [info] > git config --get commit.template [4ms]
2025-06-06 19:52:48.363 [info] > git for-each-ref --format=%(refname)%00%(upstream:short)%00%(objectname)%00%(upstream:track)%00%(upstream:remotename)%00%(upstream:remoteref) refs/heads/stable refs/remotes/stable [1ms]
2025-06-06 19:52:48.366 [warning] [Git][revParse] Unable to read file: ENOENT: no such file or directory, open '/home/caroulder/AFLplusplus/.git/refs/remotes/origin/stable'
2025-06-06 19:52:48.366 [info] > git rev-parse refs/remotes/origin/stable [0ms]
2025-06-06 19:52:48.373 [info] > git status -z -uall [4ms]
2025-06-06 19:52:48.377 [info] > git for-each-ref --format=%(refname)%00%(upstream:short)%00%(objectname)%00%(upstream:track)%00%(upstream:remotename)%00%(upstream:remoteref) refs/heads/stable refs/remotes/stable [1ms]
2025-06-06 19:52:48.381 [info] > git config --local branch.stable.vscode-merge-base [1ms]
2025-06-06 19:52:48.384 [info] > git for-each-ref --format=%(refname)%00%(upstream:short)%00%(objectname)%00%(upstream:track)%00%(upstream:remotename)%00%(upstream:remoteref) refs/heads/origin/stable refs/remotes/origin/stable [0ms]
2025-06-06 19:52:48.885 [info] > git rev-parse --show-toplevel [1ms]
2025-06-06 19:52:48.889 [info] > git rev-parse --show-toplevel [1ms]
2025-06-06 19:52:48.891 [info] > git rev-parse --show-toplevel [0ms]
2025-06-06 19:52:48.894 [info] > git rev-parse --show-toplevel [0ms]
2025-06-06 19:52:48.897 [info] > git rev-parse --show-toplevel [0ms]
2025-06-06 19:52:48.900 [info] > git rev-parse --show-toplevel [1ms]
2025-06-06 19:52:48.902 [info] > git rev-parse --show-toplevel [0ms]
2025-06-06 19:52:48.905 [info] > git rev-parse --show-toplevel [1ms]
2025-06-06 19:52:48.908 [info] > git rev-parse --show-toplevel [1ms]
2025-06-06 19:52:53.394 [info] > git config --get commit.template [4ms]
2025-06-06 19:52:53.394 [info] > git for-each-ref --format=%(refname)%00%(upstream:short)%00%(objectname)%00%(upstream:track)%00%(upstream:remotename)%00%(upstream:remoteref) refs/heads/stable refs/remotes/stable [0ms]
2025-06-06 19:52:53.397 [warning] [Git][revParse] Unable to read file: ENOENT: no such file or directory, open '/home/caroulder/AFLplusplus/.git/refs/remotes/origin/stable'
2025-06-06 19:52:53.397 [info] > git rev-parse refs/remotes/origin/stable [0ms]
2025-06-06 19:52:53.403 [info] > git status -z -uall [4ms]
2025-06-06 19:52:53.409 [info] > git for-each-ref --format=%(refname)%00%(upstream:short)%00%(objectname)%00%(upstream:track)%00%(upstream:remotename)%00%(upstream:remoteref) refs/heads/stable refs/remotes/stable [4ms]
2025-06-06 19:52:53.412 [info] > git config --local branch.stable.vscode-merge-base [1ms]
2025-06-06 19:52:53.420 [info] > git for-each-ref --format=%(refname)%00%(upstream:short)%00%(objectname)%00%(upstream:track)%00%(upstream:remotename)%00%(upstream:remoteref) refs/heads/origin/stable refs/remotes/origin/stable [6ms]
2025-06-06 19:52:53.913 [info] > git rev-parse --show-toplevel [1ms]
2025-06-06 19:52:53.917 [info] > git rev-parse --show-toplevel [1ms]
2025-06-06 19:52:53.920 [info] > git rev-parse --show-toplevel [1ms]
2025-06-06 19:52:53.923 [info] > git rev-parse --show-toplevel [0ms]
2025-06-06 19:52:53.927 [info] > git rev-parse --show-toplevel [0ms]
2025-06-06 19:52:53.931 [info] > git rev-parse --show-toplevel [1ms]
2025-06-06 19:52:53.934 [info] > git rev-parse --show-toplevel [1ms]
2025-06-06 19:52:53.937 [info] > git rev-parse --show-toplevel [1ms]
2025-06-06 19:52:53.941 [info] > git rev-parse --show-toplevel [1ms]
2025-06-06 19:52:58.417 [info] > git config --get commit.template [1ms]
2025-06-06 19:52:58.420 [info] > git for-each-ref --format=%(refname)%00%(upstream:short)%00%(objectname)%00%(upstream:track)%00%(upstream:remotename)%00%(upstream:remoteref) refs/heads/stable refs/remotes/stable [1ms]
2025-06-06 19:52:58.423 [warning] [Git][revParse] Unable to read file: ENOENT: no such file or directory, open '/home/caroulder/AFLplusplus/.git/refs/remotes/origin/stable'
2025-06-06 19:52:58.423 [info] > git rev-parse refs/remotes/origin/stable [0ms]
2025-06-06 19:52:58.429 [info] > git status -z -uall [4ms]
2025-06-06 19:52:58.435 [info] > git for-each-ref --format=%(refname)%00%(upstream:short)%00%(objectname)%00%(upstream:track)%00%(upstream:remotename)%00%(upstream:remoteref) refs/heads/stable refs/remotes/stable [3ms]
2025-06-06 19:52:58.440 [info] > git config --local branch.stable.vscode-merge-base [2ms]
2025-06-06 19:52:58.443 [info] > git for-each-ref --format=%(refname)%00%(upstream:short)%00%(objectname)%00%(upstream:track)%00%(upstream:remotename)%00%(upstream:remoteref) refs/heads/origin/stable refs/remotes/origin/stable [1ms]
2025-06-06 19:52:58.941 [info] > git rev-parse --show-toplevel [1ms]
2025-06-06 19:52:58.945 [info] > git rev-parse --show-toplevel [1ms]
2025-06-06 19:52:58.948 [info] > git rev-parse --show-toplevel [1ms]
2025-06-06 19:52:58.951 [info] > git rev-parse --show-toplevel [1ms]
2025-06-06 19:52:58.954 [info] > git rev-parse --show-toplevel [1ms]
2025-06-06 19:52:58.958 [info] > git rev-parse --show-toplevel [2ms]
2025-06-06 19:52:58.960 [info] > git rev-parse --show-toplevel [0ms]
2025-06-06 19:52:58.963 [info] > git rev-parse --show-toplevel [0ms]
2025-06-06 19:52:58.966 [info] > git rev-parse --show-toplevel [0ms]
2025-06-06 19:53:03.443 [info] > git config --get commit.template [1ms]
2025-06-06 19:53:03.446 [info] > git for-each-ref --format=%(refname)%00%(upstream:short)%00%(objectname)%00%(upstream:track)%00%(upstream:remotename)%00%(upstream:remoteref) refs/heads/stable refs/remotes/stable [0ms]
2025-06-06 19:53:03.448 [warning] [Git][revParse] Unable to read file: ENOENT: no such file or directory, open '/home/caroulder/AFLplusplus/.git/refs/remotes/origin/stable'
2025-06-06 19:53:03.449 [info] > git rev-parse refs/remotes/origin/stable [1ms]
2025-06-06 19:53:03.454 [info] > git status -z -uall [3ms]
2025-06-06 19:53:03.460 [info] > git for-each-ref --format=%(refname)%00%(upstream:short)%00%(objectname)%00%(upstream:track)%00%(upstream:remotename)%00%(upstream:remoteref) refs/heads/stable refs/remotes/stable [2ms]
2025-06-06 19:53:03.477 [info] > git config --local branch.stable.vscode-merge-base [0ms]
2025-06-06 19:53:03.481 [info] > git for-each-ref --format=%(refname)%00%(upstream:short)%00%(objectname)%00%(upstream:track)%00%(upstream:remotename)%00%(upstream:remoteref) refs/heads/origin/stable refs/remotes/origin/stable [1ms]
2025-06-06 19:53:03.966 [info] > git rev-parse --show-toplevel [1ms]
2025-06-06 19:53:03.970 [info] > git rev-parse --show-toplevel [1ms]
2025-06-06 19:53:03.973 [info] > git rev-parse --show-toplevel [1ms]
2025-06-06 19:53:03.975 [info] > git rev-parse --show-toplevel [0ms]
2025-06-06 19:53:03.978 [info] > git rev-parse --show-toplevel [1ms]
2025-06-06 19:53:03.981 [info] > git rev-parse --show-toplevel [1ms]
2025-06-06 19:53:03.983 [info] > git rev-parse --show-toplevel [0ms]
2025-06-06 19:53:03.986 [info] > git rev-parse --show-toplevel [0ms]
2025-06-06 19:53:03.989 [info] > git rev-parse --show-toplevel [1ms]
2025-06-06 19:53:08.474 [info] > git config --get commit.template [5ms]
2025-06-06 19:53:08.475 [info] > git for-each-ref --format=%(refname)%00%(upstream:short)%00%(objectname)%00%(upstream:track)%00%(upstream:remotename)%00%(upstream:remoteref) refs/heads/stable refs/remotes/stable [1ms]
2025-06-06 19:53:08.478 [warning] [Git][revParse] Unable to read file: ENOENT: no such file or directory, open '/home/caroulder/AFLplusplus/.git/refs/remotes/origin/stable'
2025-06-06 19:53:08.478 [info] > git rev-parse refs/remotes/origin/stable [0ms]
2025-06-06 19:53:08.484 [info] > git status -z -uall [4ms]
2025-06-06 19:53:08.489 [info] > git for-each-ref --format=%(refname)%00%(upstream:short)%00%(objectname)%00%(upstream:track)%00%(upstream:remotename)%00%(upstream:remoteref) refs/heads/stable refs/remotes/stable [2ms]
2025-06-06 19:53:08.493 [info] > git config --local branch.stable.vscode-merge-base [1ms]
2025-06-06 19:53:08.496 [info] > git for-each-ref --format=%(refname)%00%(upstream:short)%00%(objectname)%00%(upstream:track)%00%(upstream:remotename)%00%(upstream:remoteref) refs/heads/origin/stable refs/remotes/origin/stable [0ms]
2025-06-06 19:53:08.999 [info] > git rev-parse --show-toplevel [1ms]
2025-06-06 19:53:09.005 [info] > git rev-parse --show-toplevel [0ms]
2025-06-06 19:53:09.008 [info] > git rev-parse --show-toplevel [1ms]
2025-06-06 19:53:09.011 [info] > git rev-parse --show-toplevel [1ms]
2025-06-06 19:53:09.013 [info] > git rev-parse --show-toplevel [0ms]
2025-06-06 19:53:09.016 [info] > git rev-parse --show-toplevel [0ms]
2025-06-06 19:53:09.019 [info] > git rev-parse --show-toplevel [1ms]
2025-06-06 19:53:09.021 [info] > git rev-parse --show-toplevel [0ms]
2025-06-06 19:53:09.024 [info] > git rev-parse --show-toplevel [1ms]
2025-06-06 19:53:13.502 [info] > git config --get commit.template [1ms]
2025-06-06 19:53:13.505 [info] > git for-each-ref --format=%(refname)%00%(upstream:short)%00%(objectname)%00%(upstream:track)%00%(upstream:remotename)%00%(upstream:remoteref) refs/heads/stable refs/remotes/stable [0ms]
2025-06-06 19:53:13.507 [warning] [Git][revParse] Unable to read file: ENOENT: no such file or directory, open '/home/caroulder/AFLplusplus/.git/refs/remotes/origin/stable'
2025-06-06 19:53:13.508 [info] > git rev-parse refs/remotes/origin/stable [1ms]
2025-06-06 19:53:13.514 [info] > git status -z -uall [4ms]
2025-06-06 19:53:13.520 [info] > git for-each-ref --format=%(refname)%00%(upstream:short)%00%(objectname)%00%(upstream:track)%00%(upstream:remotename)%00%(upstream:remoteref) refs/heads/stable refs/remotes/stable [3ms]
2025-06-06 19:53:13.523 [info] > git config --local branch.stable.vscode-merge-base [1ms]
2025-06-06 19:53:13.527 [info] > git for-each-ref --format=%(refname)%00%(upstream:short)%00%(objectname)%00%(upstream:track)%00%(upstream:remotename)%00%(upstream:remoteref) refs/heads/origin/stable refs/remotes/origin/stable [0ms]
2025-06-06 19:53:14.032 [info] > git rev-parse --show-toplevel [0ms]
2025-06-06 19:53:14.035 [info] > git rev-parse --show-toplevel [0ms]
2025-06-06 19:53:14.038 [info] > git rev-parse --show-toplevel [0ms]
2025-06-06 19:53:14.042 [info] > git rev-parse --show-toplevel [1ms]
2025-06-06 19:53:14.045 [info] > git rev-parse --show-toplevel [1ms]
2025-06-06 19:53:14.048 [info] > git rev-parse --show-toplevel [0ms]
2025-06-06 19:53:14.051 [info] > git rev-parse --show-toplevel [0ms]
2025-06-06 19:53:14.054 [info] > git rev-parse --show-toplevel [0ms]
2025-06-06 19:53:14.057 [info] > git rev-parse --show-toplevel [1ms]
2025-06-06 19:53:18.528 [info] > git config --get commit.template [3ms]
2025-06-06 19:53:18.528 [info] > git for-each-ref --format=%(refname)%00%(upstream:short)%00%(objectname)%00%(upstream:track)%00%(upstream:remotename)%00%(upstream:remoteref) refs/heads/stable refs/remotes/stable [1ms]
2025-06-06 19:53:18.531 [warning] [Git][revParse] Unable to read file: ENOENT: no such file or directory, open '/home/caroulder/AFLplusplus/.git/refs/remotes/origin/stable'
2025-06-06 19:53:18.531 [info] > git rev-parse refs/remotes/origin/stable [0ms]
2025-06-06 19:53:18.537 [info] > git status -z -uall [4ms]
2025-06-06 19:53:18.541 [info] > git for-each-ref --format=%(refname)%00%(upstream:short)%00%(objectname)%00%(upstream:track)%00%(upstream:remotename)%00%(upstream:remoteref) refs/heads/stable refs/remotes/stable [1ms]
2025-06-06 19:53:18.544 [info] > git config --local branch.stable.vscode-merge-base [1ms]
2025-06-06 19:53:18.548 [info] > git for-each-ref --format=%(refname)%00%(upstream:short)%00%(objectname)%00%(upstream:track)%00%(upstream:remotename)%00%(upstream:remoteref) refs/heads/origin/stable refs/remotes/origin/stable [1ms]
2025-06-06 19:53:19.051 [info] > git rev-parse --show-toplevel [1ms]
2025-06-06 19:53:19.054 [info] > git rev-parse --show-toplevel [0ms]
2025-06-06 19:53:19.057 [info] > git rev-parse --show-toplevel [0ms]
2025-06-06 19:53:19.059 [info] > git rev-parse --show-toplevel [0ms]
2025-06-06 19:53:19.062 [info] > git rev-parse --show-toplevel [0ms]
2025-06-06 19:53:19.064 [info] > git rev-parse --show-toplevel [0ms]
2025-06-06 19:53:19.067 [info] > git rev-parse --show-toplevel [1ms]
2025-06-06 19:53:19.070 [info] > git rev-parse --show-toplevel [1ms]
2025-06-06 19:53:19.072 [info] > git rev-parse --show-toplevel [0ms]
2025-06-06 19:53:23.552 [info] > git config --get commit.template [4ms]
2025-06-06 19:53:23.552 [info] > git for-each-ref --format=%(refname)%00%(upstream:short)%00%(objectname)%00%(upstream:track)%00%(upstream:remotename)%00%(upstream:remoteref) refs/heads/stable refs/remotes/stable [1ms]
2025-06-06 19:53:23.554 [warning] [Git][revParse] Unable to read file: ENOENT: no such file or directory, open '/home/caroulder/AFLplusplus/.git/refs/remotes/origin/stable'
2025-06-06 19:53:23.555 [info] > git rev-parse refs/remotes/origin/stable [1ms]
2025-06-06 19:53:23.560 [info] > git status -z -uall [3ms]
2025-06-06 19:53:23.565 [info] > git for-each-ref --format=%(refname)%00%(upstream:short)%00%(objectname)%00%(upstream:track)%00%(upstream:remotename)%00%(upstream:remoteref) refs/heads/stable refs/remotes/stable [2ms]
2025-06-06 19:53:23.568 [info] > git config --local branch.stable.vscode-merge-base [1ms]
2025-06-06 19:53:23.571 [info] > git for-each-ref --format=%(refname)%00%(upstream:short)%00%(objectname)%00%(upstream:track)%00%(upstream:remotename)%00%(upstream:remoteref) refs/heads/origin/stable refs/remotes/origin/stable [0ms]
2025-06-06 19:53:24.082 [info] > git rev-parse --show-toplevel [1ms]
2025-06-06 19:53:24.085 [info] > git rev-parse --show-toplevel [0ms]
2025-06-06 19:53:24.088 [info] > git rev-parse --show-toplevel [0ms]
2025-06-06 19:53:24.092 [info] > git rev-parse --show-toplevel [1ms]
2025-06-06 19:53:24.094 [info] > git rev-parse --show-toplevel [0ms]
2025-06-06 19:53:24.097 [info] > git rev-parse --show-toplevel [0ms]
2025-06-06 19:53:24.100 [info] > git rev-parse --show-toplevel [0ms]
2025-06-06 19:53:24.102 [info] > git rev-parse --show-toplevel [0ms]
2025-06-06 19:53:24.104 [info] > git rev-parse --show-toplevel [0ms]
2025-06-06 19:53:28.574 [info] > git config --get commit.template [3ms]
2025-06-06 19:53:28.575 [info] > git for-each-ref --format=%(refname)%00%(upstream:short)%00%(objectname)%00%(upstream:track)%00%(upstream:remotename)%00%(upstream:remoteref) refs/heads/stable refs/remotes/stable [1ms]
2025-06-06 19:53:28.577 [warning] [Git][revParse] Unable to read file: ENOENT: no such file or directory, open '/home/caroulder/AFLplusplus/.git/refs/remotes/origin/stable'
2025-06-06 19:53:28.578 [info] > git rev-parse refs/remotes/origin/stable [1ms]
2025-06-06 19:53:28.591 [info] > git status -z -uall [4ms]
2025-06-06 19:53:28.597 [info] > git for-each-ref --format=%(refname)%00%(upstream:short)%00%(objectname)%00%(upstream:track)%00%(upstream:remotename)%00%(upstream:remoteref) refs/heads/stable refs/remotes/stable [2ms]
2025-06-06 19:53:28.601 [info] > git config --local branch.stable.vscode-merge-base [1ms]
2025-06-06 19:53:28.605 [info] > git for-each-ref --format=%(refname)%00%(upstream:short)%00%(objectname)%00%(upstream:track)%00%(upstream:remotename)%00%(upstream:remoteref) refs/heads/origin/stable refs/remotes/origin/stable [1ms]
2025-06-06 19:53:29.107 [info] > git rev-parse --show-toplevel [1ms]
2025-06-06 19:53:29.111 [info] > git rev-parse --show-toplevel [0ms]
2025-06-06 19:53:29.114 [info] > git rev-parse --show-toplevel [0ms]
2025-06-06 19:53:29.117 [info] > git rev-parse --show-toplevel [1ms]
2025-06-06 19:53:29.120 [info] > git rev-parse --show-toplevel [1ms]
2025-06-06 19:53:29.128 [info] > git rev-parse --show-toplevel [0ms]
2025-06-06 19:53:29.131 [info] > git rev-parse --show-toplevel [1ms]
2025-06-06 19:53:29.133 [info] > git rev-parse --show-toplevel [0ms]
2025-06-06 19:53:29.136 [info] > git rev-parse --show-toplevel [1ms]
2025-06-06 19:53:33.615 [info] > git config --get commit.template [6ms]
2025-06-06 19:53:33.616 [info] > git for-each-ref --format=%(refname)%00%(upstream:short)%00%(objectname)%00%(upstream:track)%00%(upstream:remotename)%00%(upstream:remoteref) refs/heads/stable refs/remotes/stable [2ms]
2025-06-06 19:53:33.618 [warning] [Git][revParse] Unable to read file: ENOENT: no such file or directory, open '/home/caroulder/AFLplusplus/.git/refs/remotes/origin/stable'
2025-06-06 19:53:33.619 [info] > git rev-parse refs/remotes/origin/stable [1ms]
2025-06-06 19:53:33.625 [info] > git status -z -uall [4ms]
2025-06-06 19:53:33.630 [info] > git for-each-ref --format=%(refname)%00%(upstream:short)%00%(objectname)%00%(upstream:track)%00%(upstream:remotename)%00%(upstream:remoteref) refs/heads/stable refs/remotes/stable [2ms]
2025-06-06 19:53:33.633 [info] > git config --local branch.stable.vscode-merge-base [0ms]
2025-06-06 19:53:33.636 [info] > git for-each-ref --format=%(refname)%00%(upstream:short)%00%(objectname)%00%(upstream:track)%00%(upstream:remotename)%00%(upstream:remoteref) refs/heads/origin/stable refs/remotes/origin/stable [0ms]
2025-06-06 19:53:34.141 [info] > git rev-parse --show-toplevel [2ms]
2025-06-06 19:53:34.146 [info] > git rev-parse --show-toplevel [1ms]
2025-06-06 19:53:34.150 [info] > git rev-parse --show-toplevel [1ms]
2025-06-06 19:53:34.152 [info] > git rev-parse --show-toplevel [0ms]
2025-06-06 19:53:34.155 [info] > git rev-parse --show-toplevel [0ms]
2025-06-06 19:53:34.158 [info] > git rev-parse --show-toplevel [1ms]
2025-06-06 19:53:34.160 [info] > git rev-parse --show-toplevel [0ms]
2025-06-06 19:53:34.166 [info] > git rev-parse --show-toplevel [4ms]
2025-06-06 19:53:34.168 [info] > git rev-parse --show-toplevel [0ms]
2025-06-06 19:53:38.647 [info] > git config --get commit.template [3ms]
2025-06-06 19:53:38.647 [info] > git for-each-ref --format=%(refname)%00%(upstream:short)%00%(objectname)%00%(upstream:track)%00%(upstream:remotename)%00%(upstream:remoteref) refs/heads/stable refs/remotes/stable [0ms]
2025-06-06 19:53:38.650 [warning] [Git][revParse] Unable to read file: ENOENT: no such file or directory, open '/home/caroulder/AFLplusplus/.git/refs/remotes/origin/stable'
2025-06-06 19:53:38.650 [info] > git rev-parse refs/remotes/origin/stable [0ms]
2025-06-06 19:53:38.656 [info] > git status -z -uall [3ms]
2025-06-06 19:53:38.661 [info] > git for-each-ref --format=%(refname)%00%(upstream:short)%00%(objectname)%00%(upstream:track)%00%(upstream:remotename)%00%(upstream:remoteref) refs/heads/stable refs/remotes/stable [2ms]
2025-06-06 19:53:38.664 [info] > git config --local branch.stable.vscode-merge-base [1ms]
2025-06-06 19:53:38.667 [info] > git for-each-ref --format=%(refname)%00%(upstream:short)%00%(objectname)%00%(upstream:track)%00%(upstream:remotename)%00%(upstream:remoteref) refs/heads/origin/stable refs/remotes/origin/stable [1ms]
2025-06-06 19:53:39.167 [info] > git rev-parse --show-toplevel [1ms]
2025-06-06 19:53:39.172 [info] > git rev-parse --show-toplevel [0ms]
2025-06-06 19:53:39.175 [info] > git rev-parse --show-toplevel [0ms]
2025-06-06 19:53:39.178 [info] > git rev-parse --show-toplevel [0ms]
2025-06-06 19:53:39.181 [info] > git rev-parse --show-toplevel [1ms]
2025-06-06 19:53:39.184 [info] > git rev-parse --show-toplevel [1ms]
2025-06-06 19:53:39.187 [info] > git rev-parse --show-toplevel [1ms]
2025-06-06 19:53:39.190 [info] > git rev-parse --show-toplevel [1ms]
2025-06-06 19:53:39.192 [info] > git rev-parse --show-toplevel [0ms]
2025-06-06 19:53:43.669 [info] > git config --get commit.template [4ms]
2025-06-06 19:53:43.669 [info] > git for-each-ref --format=%(refname)%00%(upstream:short)%00%(objectname)%00%(upstream:track)%00%(upstream:remotename)%00%(upstream:remoteref) refs/heads/stable refs/remotes/stable [1ms]
2025-06-06 19:53:43.671 [warning] [Git][revParse] Unable to read file: ENOENT: no such file or directory, open '/home/caroulder/AFLplusplus/.git/refs/remotes/origin/stable'
2025-06-06 19:53:43.673 [info] > git rev-parse refs/remotes/origin/stable [2ms]
2025-06-06 19:53:43.678 [info] > git status -z -uall [3ms]
2025-06-06 19:53:43.684 [info] > git for-each-ref --format=%(refname)%00%(upstream:short)%00%(objectname)%00%(upstream:track)%00%(upstream:remotename)%00%(upstream:remoteref) refs/heads/stable refs/remotes/stable [2ms]
2025-06-06 19:53:43.687 [info] > git config --local branch.stable.vscode-merge-base [1ms]
2025-06-06 19:53:43.690 [info] > git for-each-ref --format=%(refname)%00%(upstream:short)%00%(objectname)%00%(upstream:track)%00%(upstream:remotename)%00%(upstream:remoteref) refs/heads/origin/stable refs/remotes/origin/stable [0ms]
2025-06-06 19:53:44.193 [info] > git rev-parse --show-toplevel [1ms]
2025-06-06 19:53:44.197 [info] > git rev-parse --show-toplevel [2ms]
2025-06-06 19:53:44.200 [info] > git rev-parse --show-toplevel [1ms]
2025-06-06 19:53:44.202 [info] > git rev-parse --show-toplevel [0ms]
2025-06-06 19:53:44.205 [info] > git rev-parse --show-toplevel [0ms]
2025-06-06 19:53:44.208 [info] > git rev-parse --show-toplevel [0ms]
2025-06-06 19:53:44.211 [info] > git rev-parse --show-toplevel [0ms]
2025-06-06 19:53:44.214 [info] > git rev-parse --show-toplevel [1ms]
2025-06-06 19:53:44.217 [info] > git rev-parse --show-toplevel [1ms]
2025-06-06 19:53:48.692 [info] > git config --get commit.template [3ms]
2025-06-06 19:53:48.693 [info] > git for-each-ref --format=%(refname)%00%(upstream:short)%00%(objectname)%00%(upstream:track)%00%(upstream:remotename)%00%(upstream:remoteref) refs/heads/stable refs/remotes/stable [1ms]
2025-06-06 19:53:48.697 [warning] [Git][revParse] Unable to read file: ENOENT: no such file or directory, open '/home/caroulder/AFLplusplus/.git/refs/remotes/origin/stable'
2025-06-06 19:53:48.698 [info] > git rev-parse refs/remotes/origin/stable [1ms]
2025-06-06 19:53:48.704 [info] > git status -z -uall [3ms]
2025-06-06 19:53:48.710 [info] > git for-each-ref --format=%(refname)%00%(upstream:short)%00%(objectname)%00%(upstream:track)%00%(upstream:remotename)%00%(upstream:remoteref) refs/heads/stable refs/remotes/stable [3ms]
2025-06-06 19:53:48.714 [info] > git config --local branch.stable.vscode-merge-base [1ms]
2025-06-06 19:53:48.717 [info] > git for-each-ref --format=%(refname)%00%(upstream:short)%00%(objectname)%00%(upstream:track)%00%(upstream:remotename)%00%(upstream:remoteref) refs/heads/origin/stable refs/remotes/origin/stable [1ms]
2025-06-06 19:53:49.213 [info] > git rev-parse --show-toplevel [0ms]
2025-06-06 19:53:49.217 [info] > git rev-parse --show-toplevel [1ms]
2025-06-06 19:53:49.220 [info] > git rev-parse --show-toplevel [0ms]
2025-06-06 19:53:49.223 [info] > git rev-parse --show-toplevel [1ms]
2025-06-06 19:53:49.226 [info] > git rev-parse --show-toplevel [1ms]
2025-06-06 19:53:49.228 [info] > git rev-parse --show-toplevel [0ms]
2025-06-06 19:53:49.231 [info] > git rev-parse --show-toplevel [0ms]
2025-06-06 19:53:49.233 [info] > git rev-parse --show-toplevel [0ms]
2025-06-06 19:53:49.236 [info] > git rev-parse --show-toplevel [0ms]
2025-06-06 19:53:53.718 [info] > git config --get commit.template [3ms]
2025-06-06 19:53:53.719 [info] > git for-each-ref --format=%(refname)%00%(upstream:short)%00%(objectname)%00%(upstream:track)%00%(upstream:remotename)%00%(upstream:remoteref) refs/heads/stable refs/remotes/stable [1ms]
2025-06-06 19:53:53.721 [warning] [Git][revParse] Unable to read file: ENOENT: no such file or directory, open '/home/caroulder/AFLplusplus/.git/refs/remotes/origin/stable'
2025-06-06 19:53:53.722 [info] > git rev-parse refs/remotes/origin/stable [1ms]
2025-06-06 19:53:53.727 [info] > git status -z -uall [3ms]
2025-06-06 19:53:53.733 [info] > git for-each-ref --format=%(refname)%00%(upstream:short)%00%(objectname)%00%(upstream:track)%00%(upstream:remotename)%00%(upstream:remoteref) refs/heads/stable refs/remotes/stable [2ms]
2025-06-06 19:53:53.736 [info] > git config --local branch.stable.vscode-merge-base [0ms]
2025-06-06 19:53:53.739 [info] > git for-each-ref --format=%(refname)%00%(upstream:short)%00%(objectname)%00%(upstream:track)%00%(upstream:remotename)%00%(upstream:remoteref) refs/heads/origin/stable refs/remotes/origin/stable [0ms]
2025-06-06 19:53:54.237 [info] > git rev-parse --show-toplevel [1ms]
2025-06-06 19:53:54.240 [info] > git rev-parse --show-toplevel [0ms]
2025-06-06 19:53:54.243 [info] > git rev-parse --show-toplevel [1ms]
2025-06-06 19:53:54.246 [info] > git rev-parse --show-toplevel [1ms]
2025-06-06 19:53:54.248 [info] > git rev-parse --show-toplevel [0ms]
2025-06-06 19:53:54.251 [info] > git rev-parse --show-toplevel [1ms]
2025-06-06 19:53:54.253 [info] > git rev-parse --show-toplevel [0ms]
2025-06-06 19:53:54.256 [info] > git rev-parse --show-toplevel [0ms]
2025-06-06 19:53:54.259 [info] > git rev-parse --show-toplevel [1ms]
2025-06-06 19:53:58.740 [info] > git config --get commit.template [1ms]
2025-06-06 19:53:58.743 [info] > git for-each-ref --format=%(refname)%00%(upstream:short)%00%(objectname)%00%(upstream:track)%00%(upstream:remotename)%00%(upstream:remoteref) refs/heads/stable refs/remotes/stable [1ms]
2025-06-06 19:53:58.746 [warning] [Git][revParse] Unable to read file: ENOENT: no such file or directory, open '/home/caroulder/AFLplusplus/.git/refs/remotes/origin/stable'
2025-06-06 19:53:58.747 [info] > git rev-parse refs/remotes/origin/stable [1ms]
2025-06-06 19:53:58.753 [info] > git status -z -uall [4ms]
2025-06-06 19:53:58.758 [info] > git for-each-ref --format=%(refname)%00%(upstream:short)%00%(objectname)%00%(upstream:track)%00%(upstream:remotename)%00%(upstream:remoteref) refs/heads/stable refs/remotes/stable [2ms]
2025-06-06 19:53:58.762 [info] > git config --local branch.stable.vscode-merge-base [2ms]
2025-06-06 19:53:58.765 [info] > git for-each-ref --format=%(refname)%00%(upstream:short)%00%(objectname)%00%(upstream:track)%00%(upstream:remotename)%00%(upstream:remoteref) refs/heads/origin/stable refs/remotes/origin/stable [1ms]
2025-06-06 19:53:59.263 [info] > git rev-parse --show-toplevel [1ms]
2025-06-06 19:53:59.266 [info] > git rev-parse --show-toplevel [1ms]
2025-06-06 19:53:59.270 [info] > git rev-parse --show-toplevel [1ms]
2025-06-06 19:53:59.273 [info] > git rev-parse --show-toplevel [1ms]
2025-06-06 19:53:59.275 [info] > git rev-parse --show-toplevel [0ms]
2025-06-06 19:53:59.278 [info] > git rev-parse --show-toplevel [0ms]
2025-06-06 19:53:59.281 [info] > git rev-parse --show-toplevel [0ms]
2025-06-06 19:53:59.284 [info] > git rev-parse --show-toplevel [0ms]
2025-06-06 19:53:59.286 [info] > git rev-parse --show-toplevel [0ms]
2025-06-06 19:54:03.765 [info] > git config --get commit.template [1ms]
2025-06-06 19:54:03.768 [info] > git for-each-ref --format=%(refname)%00%(upstream:short)%00%(objectname)%00%(upstream:track)%00%(upstream:remotename)%00%(upstream:remoteref) refs/heads/stable refs/remotes/stable [1ms]
2025-06-06 19:54:03.770 [warning] [Git][revParse] Unable to read file: ENOENT: no such file or directory, open '/home/caroulder/AFLplusplus/.git/refs/remotes/origin/stable'
2025-06-06 19:54:03.771 [info] > git rev-parse refs/remotes/origin/stable [1ms]
2025-06-06 19:54:03.777 [info] > git status -z -uall [4ms]
2025-06-06 19:54:03.782 [info] > git for-each-ref --format=%(refname)%00%(upstream:short)%00%(objectname)%00%(upstream:track)%00%(upstream:remotename)%00%(upstream:remoteref) refs/heads/stable refs/remotes/stable [2ms]
2025-06-06 19:54:03.786 [info] > git config --local branch.stable.vscode-merge-base [2ms]
2025-06-06 19:54:03.789 [info] > git for-each-ref --format=%(refname)%00%(upstream:short)%00%(objectname)%00%(upstream:track)%00%(upstream:remotename)%00%(upstream:remoteref) refs/heads/origin/stable refs/remotes/origin/stable [0ms]
2025-06-06 19:54:04.289 [info] > git rev-parse --show-toplevel [1ms]
2025-06-06 19:54:04.293 [info] > git rev-parse --show-toplevel [1ms]
2025-06-06 19:54:04.296 [info] > git rev-parse --show-toplevel [0ms]
2025-06-06 19:54:04.298 [info] > git rev-parse --show-toplevel [0ms]
2025-06-06 19:54:04.301 [info] > git rev-parse --show-toplevel [1ms]
2025-06-06 19:54:04.304 [info] > git rev-parse --show-toplevel [1ms]
2025-06-06 19:54:04.307 [info] > git rev-parse --show-toplevel [1ms]
2025-06-06 19:54:04.309 [info] > git rev-parse --show-toplevel [0ms]
2025-06-06 19:54:04.312 [info] > git rev-parse --show-toplevel [0ms]
2025-06-06 19:54:08.789 [info] > git config --get commit.template [1ms]
2025-06-06 19:54:08.793 [info] > git for-each-ref --format=%(refname)%00%(upstream:short)%00%(objectname)%00%(upstream:track)%00%(upstream:remotename)%00%(upstream:remoteref) refs/heads/stable refs/remotes/stable [1ms]
2025-06-06 19:54:08.795 [warning] [Git][revParse] Unable to read file: ENOENT: no such file or directory, open '/home/caroulder/AFLplusplus/.git/refs/remotes/origin/stable'
2025-06-06 19:54:08.796 [info] > git rev-parse refs/remotes/origin/stable [1ms]
2025-06-06 19:54:08.801 [info] > git status -z -uall [3ms]
2025-06-06 19:54:08.806 [info] > git for-each-ref --format=%(refname)%00%(upstream:short)%00%(objectname)%00%(upstream:track)%00%(upstream:remotename)%00%(upstream:remoteref) refs/heads/stable refs/remotes/stable [1ms]
2025-06-06 19:54:08.810 [info] > git config --local branch.stable.vscode-merge-base [1ms]
2025-06-06 19:54:08.814 [info] > git for-each-ref --format=%(refname)%00%(upstream:short)%00%(objectname)%00%(upstream:track)%00%(upstream:remotename)%00%(upstream:remoteref) refs/heads/origin/stable refs/remotes/origin/stable [1ms]
2025-06-06 19:54:09.312 [info] > git rev-parse --show-toplevel [1ms]
2025-06-06 19:54:09.317 [info] > git rev-parse --show-toplevel [1ms]
2025-06-06 19:54:09.321 [info] > git rev-parse --show-toplevel [1ms]
2025-06-06 19:54:09.324 [info] > git rev-parse --show-toplevel [0ms]
2025-06-06 19:54:09.327 [info] > git rev-parse --show-toplevel [0ms]
2025-06-06 19:54:09.330 [info] > git rev-parse --show-toplevel [1ms]
2025-06-06 19:54:09.333 [info] > git rev-parse --show-toplevel [1ms]
2025-06-06 19:54:09.335 [info] > git rev-parse --show-toplevel [0ms]
2025-06-06 19:54:09.338 [info] > git rev-parse --show-toplevel [1ms]
2025-06-06 19:54:13.818 [info] > git config --get commit.template [5ms]
2025-06-06 19:54:13.818 [info] > git for-each-ref --format=%(refname)%00%(upstream:short)%00%(objectname)%00%(upstream:track)%00%(upstream:remotename)%00%(upstream:remoteref) refs/heads/stable refs/remotes/stable [1ms]
2025-06-06 19:54:13.820 [warning] [Git][revParse] Unable to read file: ENOENT: no such file or directory, open '/home/caroulder/AFLplusplus/.git/refs/remotes/origin/stable'
2025-06-06 19:54:13.821 [info] > git rev-parse refs/remotes/origin/stable [1ms]
2025-06-06 19:54:13.827 [info] > git status -z -uall [4ms]
2025-06-06 19:54:13.831 [info] > git for-each-ref --format=%(refname)%00%(upstream:short)%00%(objectname)%00%(upstream:track)%00%(upstream:remotename)%00%(upstream:remoteref) refs/heads/stable refs/remotes/stable [2ms]
2025-06-06 19:54:13.835 [info] > git config --local branch.stable.vscode-merge-base [2ms]
2025-06-06 19:54:13.838 [info] > git for-each-ref --format=%(refname)%00%(upstream:short)%00%(objectname)%00%(upstream:track)%00%(upstream:remotename)%00%(upstream:remoteref) refs/heads/origin/stable refs/remotes/origin/stable [1ms]
2025-06-06 19:54:14.335 [info] > git rev-parse --show-toplevel [0ms]
2025-06-06 19:54:14.339 [info] > git rev-parse --show-toplevel [1ms]
2025-06-06 19:54:14.341 [info] > git rev-parse --show-toplevel [0ms]
2025-06-06 19:54:14.346 [info] > git rev-parse --show-toplevel [2ms]
2025-06-06 19:54:14.348 [info] > git rev-parse --show-toplevel [0ms]
2025-06-06 19:54:14.351 [info] > git rev-parse --show-toplevel [1ms]
2025-06-06 19:54:14.353 [info] > git rev-parse --show-toplevel [0ms]
2025-06-06 19:54:14.356 [info] > git rev-parse --show-toplevel [1ms]
2025-06-06 19:54:14.359 [info] > git rev-parse --show-toplevel [1ms]
2025-06-06 19:54:18.840 [info] > git config --get commit.template [1ms]
2025-06-06 19:54:18.844 [info] > git for-each-ref --format=%(refname)%00%(upstream:short)%00%(objectname)%00%(upstream:track)%00%(upstream:remotename)%00%(upstream:remoteref) refs/heads/stable refs/remotes/stable [1ms]
2025-06-06 19:54:18.846 [warning] [Git][revParse] Unable to read file: ENOENT: no such file or directory, open '/home/caroulder/AFLplusplus/.git/refs/remotes/origin/stable'
2025-06-06 19:54:18.847 [info] > git rev-parse refs/remotes/origin/stable [0ms]
2025-06-06 19:54:18.853 [info] > git status -z -uall [4ms]
2025-06-06 19:54:18.858 [info] > git for-each-ref --format=%(refname)%00%(upstream:short)%00%(objectname)%00%(upstream:track)%00%(upstream:remotename)%00%(upstream:remoteref) refs/heads/stable refs/remotes/stable [2ms]
2025-06-06 19:54:18.862 [info] > git config --local branch.stable.vscode-merge-base [1ms]
2025-06-06 19:54:18.865 [info] > git for-each-ref --format=%(refname)%00%(upstream:short)%00%(objectname)%00%(upstream:track)%00%(upstream:remotename)%00%(upstream:remoteref) refs/heads/origin/stable refs/remotes/origin/stable [1ms]
2025-06-06 19:54:19.362 [info] > git rev-parse --show-toplevel [1ms]
2025-06-06 19:54:19.365 [info] > git rev-parse --show-toplevel [0ms]
2025-06-06 19:54:19.368 [info] > git rev-parse --show-toplevel [0ms]
2025-06-06 19:54:19.371 [info] > git rev-parse --show-toplevel [0ms]
2025-06-06 19:54:19.374 [info] > git rev-parse --show-toplevel [0ms]
2025-06-06 19:54:19.377 [info] > git rev-parse --show-toplevel [0ms]
2025-06-06 19:54:19.380 [info] > git rev-parse --show-toplevel [1ms]
2025-06-06 19:54:19.382 [info] > git rev-parse --show-toplevel [0ms]
2025-06-06 19:54:19.385 [info] > git rev-parse --show-toplevel [1ms]
2025-06-06 19:54:23.866 [info] > git config --get commit.template [1ms]
2025-06-06 19:54:23.870 [info] > git for-each-ref --format=%(refname)%00%(upstream:short)%00%(objectname)%00%(upstream:track)%00%(upstream:remotename)%00%(upstream:remoteref) refs/heads/stable refs/remotes/stable [1ms]
2025-06-06 19:54:23.872 [warning] [Git][revParse] Unable to read file: ENOENT: no such file or directory, open '/home/caroulder/AFLplusplus/.git/refs/remotes/origin/stable'
2025-06-06 19:54:23.873 [info] > git rev-parse refs/remotes/origin/stable [1ms]
2025-06-06 19:54:23.880 [info] > git status -z -uall [0ms]
2025-06-06 19:54:23.887 [info] > git for-each-ref --format=%(refname)%00%(upstream:short)%00%(objectname)%00%(upstream:track)%00%(upstream:remotename)%00%(upstream:remoteref) refs/heads/stable refs/remotes/stable [1ms]
2025-06-06 19:54:23.890 [info] > git config --local branch.stable.vscode-merge-base [1ms]
2025-06-06 19:54:23.894 [info] > git for-each-ref --format=%(refname)%00%(upstream:short)%00%(objectname)%00%(upstream:track)%00%(upstream:remotename)%00%(upstream:remoteref) refs/heads/origin/stable refs/remotes/origin/stable [1ms]
2025-06-06 19:54:24.395 [info] > git rev-parse --show-toplevel [1ms]
2025-06-06 19:54:24.399 [info] > git rev-parse --show-toplevel [0ms]
2025-06-06 19:54:24.402 [info] > git rev-parse --show-toplevel [1ms]
2025-06-06 19:54:24.404 [info] > git rev-parse --show-toplevel [0ms]
2025-06-06 19:54:24.407 [info] > git rev-parse --show-toplevel [1ms]
2025-06-06 19:54:24.409 [info] > git rev-parse --show-toplevel [0ms]
2025-06-06 19:54:24.412 [info] > git rev-parse --show-toplevel [1ms]
2025-06-06 19:54:24.414 [info] > git rev-parse --show-toplevel [0ms]
2025-06-06 19:54:24.417 [info] > git rev-parse --show-toplevel [1ms]
2025-06-06 19:54:28.897 [info] > git config --get commit.template [3ms]
2025-06-06 19:54:28.897 [info] > git for-each-ref --format=%(refname)%00%(upstream:short)%00%(objectname)%00%(upstream:track)%00%(upstream:remotename)%00%(upstream:remoteref) refs/heads/stable refs/remotes/stable [1ms]
2025-06-06 19:54:28.900 [warning] [Git][revParse] Unable to read file: ENOENT: no such file or directory, open '/home/caroulder/AFLplusplus/.git/refs/remotes/origin/stable'
2025-06-06 19:54:28.900 [info] > git rev-parse refs/remotes/origin/stable [0ms]
2025-06-06 19:54:28.906 [info] > git status -z -uall [3ms]
2025-06-06 19:54:28.912 [info] > git for-each-ref --format=%(refname)%00%(upstream:short)%00%(objectname)%00%(upstream:track)%00%(upstream:remotename)%00%(upstream:remoteref) refs/heads/stable refs/remotes/stable [3ms]
2025-06-06 19:54:28.915 [info] > git config --local branch.stable.vscode-merge-base [1ms]
2025-06-06 19:54:28.918 [info] > git for-each-ref --format=%(refname)%00%(upstream:short)%00%(objectname)%00%(upstream:track)%00%(upstream:remotename)%00%(upstream:remoteref) refs/heads/origin/stable refs/remotes/origin/stable [1ms]
2025-06-06 19:54:29.414 [info] > git rev-parse --show-toplevel [0ms]
2025-06-06 19:54:29.418 [info] > git rev-parse --show-toplevel [1ms]
2025-06-06 19:54:29.421 [info] > git rev-parse --show-toplevel [1ms]
2025-06-06 19:54:29.423 [info] > git rev-parse --show-toplevel [0ms]
2025-06-06 19:54:29.438 [info] > git rev-parse --show-toplevel [13ms]
2025-06-06 19:54:29.441 [info] > git rev-parse --show-toplevel [0ms]
2025-06-06 19:54:29.444 [info] > git rev-parse --show-toplevel [0ms]
2025-06-06 19:54:29.447 [info] > git rev-parse --show-toplevel [1ms]
2025-06-06 19:54:29.450 [info] > git rev-parse --show-toplevel [1ms]
2025-06-06 19:54:33.919 [info] > git config --get commit.template [1ms]
2025-06-06 19:54:33.922 [info] > git for-each-ref --format=%(refname)%00%(upstream:short)%00%(objectname)%00%(upstream:track)%00%(upstream:remotename)%00%(upstream:remoteref) refs/heads/stable refs/remotes/stable [0ms]
2025-06-06 19:54:33.925 [warning] [Git][revParse] Unable to read file: ENOENT: no such file or directory, open '/home/caroulder/AFLplusplus/.git/refs/remotes/origin/stable'
2025-06-06 19:54:33.925 [info] > git rev-parse refs/remotes/origin/stable [0ms]
2025-06-06 19:54:33.931 [info] > git status -z -uall [4ms]
2025-06-06 19:54:33.935 [info] > git for-each-ref --format=%(refname)%00%(upstream:short)%00%(objectname)%00%(upstream:track)%00%(upstream:remotename)%00%(upstream:remoteref) refs/heads/stable refs/remotes/stable [1ms]
2025-06-06 19:54:33.939 [info] > git config --local branch.stable.vscode-merge-base [1ms]
2025-06-06 19:54:33.942 [info] > git for-each-ref --format=%(refname)%00%(upstream:short)%00%(objectname)%00%(upstream:track)%00%(upstream:remotename)%00%(upstream:remoteref) refs/heads/origin/stable refs/remotes/origin/stable [0ms]
2025-06-06 19:54:34.441 [info] > git rev-parse --show-toplevel [0ms]
2025-06-06 19:54:34.445 [info] > git rev-parse --show-toplevel [0ms]
2025-06-06 19:54:34.449 [info] > git rev-parse --show-toplevel [0ms]
2025-06-06 19:54:34.452 [info] > git rev-parse --show-toplevel [0ms]
2025-06-06 19:54:34.455 [info] > git rev-parse --show-toplevel [1ms]
2025-06-06 19:54:34.458 [info] > git rev-parse --show-toplevel [1ms]
2025-06-06 19:54:34.461 [info] > git rev-parse --show-toplevel [1ms]
2025-06-06 19:54:34.463 [info] > git rev-parse --show-toplevel [0ms]
2025-06-06 19:54:34.466 [info] > git rev-parse --show-toplevel [0ms]
2025-06-06 19:54:38.942 [info] > git config --get commit.template [1ms]
2025-06-06 19:54:38.946 [info] > git for-each-ref --format=%(refname)%00%(upstream:short)%00%(objectname)%00%(upstream:track)%00%(upstream:remotename)%00%(upstream:remoteref) refs/heads/stable refs/remotes/stable [1ms]
2025-06-06 19:54:38.949 [warning] [Git][revParse] Unable to read file: ENOENT: no such file or directory, open '/home/caroulder/AFLplusplus/.git/refs/remotes/origin/stable'
2025-06-06 19:54:38.949 [info] > git rev-parse refs/remotes/origin/stable [0ms]
2025-06-06 19:54:38.955 [info] > git status -z -uall [3ms]
2025-06-06 19:54:38.960 [info] > git for-each-ref --format=%(refname)%00%(upstream:short)%00%(objectname)%00%(upstream:track)%00%(upstream:remotename)%00%(upstream:remoteref) refs/heads/stable refs/remotes/stable [2ms]
2025-06-06 19:54:38.963 [info] > git config --local branch.stable.vscode-merge-base [1ms]
2025-06-06 19:54:38.966 [info] > git for-each-ref --format=%(refname)%00%(upstream:short)%00%(objectname)%00%(upstream:track)%00%(upstream:remotename)%00%(upstream:remoteref) refs/heads/origin/stable refs/remotes/origin/stable [1ms]
2025-06-06 19:54:39.467 [info] > git rev-parse --show-toplevel [1ms]
2025-06-06 19:54:39.471 [info] > git rev-parse --show-toplevel [1ms]
2025-06-06 19:54:39.473 [info] > git rev-parse --show-toplevel [0ms]
2025-06-06 19:54:39.476 [info] > git rev-parse --show-toplevel [0ms]
2025-06-06 19:54:39.478 [info] > git rev-parse --show-toplevel [0ms]
2025-06-06 19:54:39.481 [info] > git rev-parse --show-toplevel [0ms]
2025-06-06 19:54:39.484 [info] > git rev-parse --show-toplevel [1ms]
2025-06-06 19:54:39.487 [info] > git rev-parse --show-toplevel [0ms]
2025-06-06 19:54:39.490 [info] > git rev-parse --show-toplevel [1ms]
2025-06-06 19:54:43.967 [info] > git config --get commit.template [1ms]
2025-06-06 19:54:43.970 [info] > git for-each-ref --format=%(refname)%00%(upstream:short)%00%(objectname)%00%(upstream:track)%00%(upstream:remotename)%00%(upstream:remoteref) refs/heads/stable refs/remotes/stable [0ms]
2025-06-06 19:54:43.973 [warning] [Git][revParse] Unable to read file: ENOENT: no such file or directory, open '/home/caroulder/AFLplusplus/.git/refs/remotes/origin/stable'
2025-06-06 19:54:43.973 [info] > git rev-parse refs/remotes/origin/stable [0ms]
2025-06-06 19:54:43.979 [info] > git status -z -uall [4ms]
2025-06-06 19:54:43.984 [info] > git for-each-ref --format=%(refname)%00%(upstream:short)%00%(objectname)%00%(upstream:track)%00%(upstream:remotename)%00%(upstream:remoteref) refs/heads/stable refs/remotes/stable [2ms]
2025-06-06 19:54:43.987 [info] > git config --local branch.stable.vscode-merge-base [1ms]
2025-06-06 19:54:43.991 [info] > git for-each-ref --format=%(refname)%00%(upstream:short)%00%(objectname)%00%(upstream:track)%00%(upstream:remotename)%00%(upstream:remoteref) refs/heads/origin/stable refs/remotes/origin/stable [1ms]
2025-06-06 19:54:44.493 [info] > git rev-parse --show-toplevel [1ms]
2025-06-06 19:54:44.498 [info] > git rev-parse --show-toplevel [1ms]
2025-06-06 19:54:44.501 [info] > git rev-parse --show-toplevel [0ms]
2025-06-06 19:54:44.504 [info] > git rev-parse --show-toplevel [0ms]
2025-06-06 19:54:44.507 [info] > git rev-parse --show-toplevel [0ms]
2025-06-06 19:54:44.510 [info] > git rev-parse --show-toplevel [1ms]
2025-06-06 19:54:44.513 [info] > git rev-parse --show-toplevel [1ms]
2025-06-06 19:54:44.517 [info] > git rev-parse --show-toplevel [2ms]
2025-06-06 19:54:44.523 [info] > git rev-parse --show-toplevel [0ms]
2025-06-06 19:54:48.992 [info] > git config --get commit.template [3ms]
2025-06-06 19:54:48.992 [info] > git for-each-ref --format=%(refname)%00%(upstream:short)%00%(objectname)%00%(upstream:track)%00%(upstream:remotename)%00%(upstream:remoteref) refs/heads/stable refs/remotes/stable [0ms]
2025-06-06 19:54:48.995 [warning] [Git][revParse] Unable to read file: ENOENT: no such file or directory, open '/home/caroulder/AFLplusplus/.git/refs/remotes/origin/stable'
2025-06-06 19:54:48.995 [info] > git rev-parse refs/remotes/origin/stable [0ms]
2025-06-06 19:54:49.000 [info] > git status -z -uall [3ms]
2025-06-06 19:54:49.022 [info] > git for-each-ref --format=%(refname)%00%(upstream:short)%00%(objectname)%00%(upstream:track)%00%(upstream:remotename)%00%(upstream:remoteref) refs/heads/stable refs/remotes/stable [3ms]
2025-06-06 19:54:49.026 [info] > git config --local branch.stable.vscode-merge-base [1ms]
2025-06-06 19:54:49.031 [info] > git for-each-ref --format=%(refname)%00%(upstream:short)%00%(objectname)%00%(upstream:track)%00%(upstream:remotename)%00%(upstream:remoteref) refs/heads/origin/stable refs/remotes/origin/stable [1ms]
2025-06-06 19:54:49.529 [info] > git rev-parse --show-toplevel [1ms]
2025-06-06 19:54:49.533 [info] > git rev-parse --show-toplevel [1ms]
2025-06-06 19:54:49.536 [info] > git rev-parse --show-toplevel [0ms]
2025-06-06 19:54:49.539 [info] > git rev-parse --show-toplevel [0ms]
2025-06-06 19:54:49.542 [info] > git rev-parse --show-toplevel [1ms]
2025-06-06 19:54:49.545 [info] > git rev-parse --show-toplevel [1ms]
2025-06-06 19:54:49.547 [info] > git rev-parse --show-toplevel [0ms]
2025-06-06 19:54:49.550 [info] > git rev-parse --show-toplevel [1ms]
2025-06-06 19:54:49.552 [info] > git rev-parse --show-toplevel [0ms]
2025-06-06 19:54:54.037 [info] > git config --get commit.template [6ms]
2025-06-06 19:54:54.037 [info] > git for-each-ref --format=%(refname)%00%(upstream:short)%00%(objectname)%00%(upstream:track)%00%(upstream:remotename)%00%(upstream:remoteref) refs/heads/stable refs/remotes/stable [2ms]
2025-06-06 19:54:54.040 [warning] [Git][revParse] Unable to read file: ENOENT: no such file or directory, open '/home/caroulder/AFLplusplus/.git/refs/remotes/origin/stable'
2025-06-06 19:54:54.040 [info] > git rev-parse refs/remotes/origin/stable [0ms]
2025-06-06 19:54:54.046 [info] > git status -z -uall [4ms]
2025-06-06 19:54:54.051 [info] > git for-each-ref --format=%(refname)%00%(upstream:short)%00%(objectname)%00%(upstream:track)%00%(upstream:remotename)%00%(upstream:remoteref) refs/heads/stable refs/remotes/stable [2ms]
2025-06-06 19:54:54.055 [info] > git config --local branch.stable.vscode-merge-base [1ms]
2025-06-06 19:54:54.058 [info] > git for-each-ref --format=%(refname)%00%(upstream:short)%00%(objectname)%00%(upstream:track)%00%(upstream:remotename)%00%(upstream:remoteref) refs/heads/origin/stable refs/remotes/origin/stable [1ms]
2025-06-06 19:54:54.562 [info] > git rev-parse --show-toplevel [2ms]
2025-06-06 19:54:54.567 [info] > git rev-parse --show-toplevel [1ms]
2025-06-06 19:54:54.570 [info] > git rev-parse --show-toplevel [1ms]
2025-06-06 19:54:54.573 [info] > git rev-parse --show-toplevel [1ms]
2025-06-06 19:54:54.575 [info] > git rev-parse --show-toplevel [0ms]
2025-06-06 19:54:54.578 [info] > git rev-parse --show-toplevel [1ms]
2025-06-06 19:54:54.580 [info] > git rev-parse --show-toplevel [0ms]
2025-06-06 19:54:54.584 [info] > git rev-parse --show-toplevel [1ms]
2025-06-06 19:54:54.587 [info] > git rev-parse --show-toplevel [0ms]
2025-06-06 19:54:59.061 [info] > git config --get commit.template [1ms]
2025-06-06 19:54:59.064 [info] > git for-each-ref --format=%(refname)%00%(upstream:short)%00%(objectname)%00%(upstream:track)%00%(upstream:remotename)%00%(upstream:remoteref) refs/heads/stable refs/remotes/stable [1ms]
2025-06-06 19:54:59.066 [warning] [Git][revParse] Unable to read file: ENOENT: no such file or directory, open '/home/caroulder/AFLplusplus/.git/refs/remotes/origin/stable'
2025-06-06 19:54:59.066 [info] > git rev-parse refs/remotes/origin/stable [0ms]
2025-06-06 19:54:59.072 [info] > git status -z -uall [4ms]
2025-06-06 19:54:59.078 [info] > git for-each-ref --format=%(refname)%00%(upstream:short)%00%(objectname)%00%(upstream:track)%00%(upstream:remotename)%00%(upstream:remoteref) refs/heads/stable refs/remotes/stable [3ms]
2025-06-06 19:54:59.082 [info] > git config --local branch.stable.vscode-merge-base [1ms]
2025-06-06 19:54:59.085 [info] > git for-each-ref --format=%(refname)%00%(upstream:short)%00%(objectname)%00%(upstream:track)%00%(upstream:remotename)%00%(upstream:remoteref) refs/heads/origin/stable refs/remotes/origin/stable [0ms]
2025-06-06 19:54:59.583 [info] > git rev-parse --show-toplevel [1ms]
2025-06-06 19:54:59.586 [info] > git rev-parse --show-toplevel [1ms]
2025-06-06 19:54:59.589 [info] > git rev-parse --show-toplevel [0ms]
2025-06-06 19:54:59.592 [info] > git rev-parse --show-toplevel [0ms]
2025-06-06 19:54:59.595 [info] > git rev-parse --show-toplevel [1ms]
2025-06-06 19:54:59.598 [info] > git rev-parse --show-toplevel [1ms]
2025-06-06 19:54:59.602 [info] > git rev-parse --show-toplevel [1ms]
2025-06-06 19:54:59.605 [info] > git rev-parse --show-toplevel [1ms]
2025-06-06 19:54:59.608 [info] > git rev-parse --show-toplevel [1ms]
2025-06-06 19:55:04.087 [info] > git config --get commit.template [1ms]
2025-06-06 19:55:04.090 [info] > git for-each-ref --format=%(refname)%00%(upstream:short)%00%(objectname)%00%(upstream:track)%00%(upstream:remotename)%00%(upstream:remoteref) refs/heads/stable refs/remotes/stable [0ms]
2025-06-06 19:55:04.092 [warning] [Git][revParse] Unable to read file: ENOENT: no such file or directory, open '/home/caroulder/AFLplusplus/.git/refs/remotes/origin/stable'
2025-06-06 19:55:04.093 [info] > git rev-parse refs/remotes/origin/stable [1ms]
2025-06-06 19:55:04.099 [info] > git status -z -uall [4ms]
2025-06-06 19:55:04.104 [info] > git for-each-ref --format=%(refname)%00%(upstream:short)%00%(objectname)%00%(upstream:track)%00%(upstream:remotename)%00%(upstream:remoteref) refs/heads/stable refs/remotes/stable [2ms]
2025-06-06 19:55:04.107 [info] > git config --local branch.stable.vscode-merge-base [1ms]
2025-06-06 19:55:04.110 [info] > git for-each-ref --format=%(refname)%00%(upstream:short)%00%(objectname)%00%(upstream:track)%00%(upstream:remotename)%00%(upstream:remoteref) refs/heads/origin/stable refs/remotes/origin/stable [0ms]
2025-06-06 19:55:04.610 [info] > git rev-parse --show-toplevel [2ms]
2025-06-06 19:55:04.614 [info] > git rev-parse --show-toplevel [1ms]
2025-06-06 19:55:04.617 [info] > git rev-parse --show-toplevel [0ms]
2025-06-06 19:55:04.620 [info] > git rev-parse --show-toplevel [0ms]
2025-06-06 19:55:04.623 [info] > git rev-parse --show-toplevel [0ms]
2025-06-06 19:55:04.627 [info] > git rev-parse --show-toplevel [1ms]
2025-06-06 19:55:04.630 [info] > git rev-parse --show-toplevel [1ms]
2025-06-06 19:55:04.633 [info] > git rev-parse --show-toplevel [1ms]
2025-06-06 19:55:04.636 [info] > git rev-parse --show-toplevel [1ms]
2025-06-06 19:55:09.111 [info] > git config --get commit.template [1ms]
2025-06-06 19:55:09.117 [info] > git for-each-ref --format=%(refname)%00%(upstream:short)%00%(objectname)%00%(upstream:track)%00%(upstream:remotename)%00%(upstream:remoteref) refs/heads/stable refs/remotes/stable [1ms]
2025-06-06 19:55:09.119 [warning] [Git][revParse] Unable to read file: ENOENT: no such file or directory, open '/home/caroulder/AFLplusplus/.git/refs/remotes/origin/stable'
2025-06-06 19:55:09.120 [info] > git rev-parse refs/remotes/origin/stable [1ms]
2025-06-06 19:55:09.126 [info] > git status -z -uall [4ms]
2025-06-06 19:55:09.130 [info] > git for-each-ref --format=%(refname)%00%(upstream:short)%00%(objectname)%00%(upstream:track)%00%(upstream:remotename)%00%(upstream:remoteref) refs/heads/stable refs/remotes/stable [1ms]
2025-06-06 19:55:09.134 [info] > git config --local branch.stable.vscode-merge-base [1ms]
2025-06-06 19:55:09.137 [info] > git for-each-ref --format=%(refname)%00%(upstream:short)%00%(objectname)%00%(upstream:track)%00%(upstream:remotename)%00%(upstream:remoteref) refs/heads/origin/stable refs/remotes/origin/stable [1ms]
2025-06-06 19:55:09.635 [info] > git rev-parse --show-toplevel [1ms]
2025-06-06 19:55:09.639 [info] > git rev-parse --show-toplevel [1ms]
2025-06-06 19:55:09.642 [info] > git rev-parse --show-toplevel [0ms]
2025-06-06 19:55:09.645 [info] > git rev-parse --show-toplevel [0ms]
2025-06-06 19:55:09.648 [info] > git rev-parse --show-toplevel [0ms]
2025-06-06 19:55:09.651 [info] > git rev-parse --show-toplevel [0ms]
2025-06-06 19:55:09.654 [info] > git rev-parse --show-toplevel [0ms]
2025-06-06 19:55:09.658 [info] > git rev-parse --show-toplevel [1ms]
2025-06-06 19:55:09.660 [info] > git rev-parse --show-toplevel [0ms]
2025-06-06 19:55:14.142 [info] > git config --get commit.template [4ms]
2025-06-06 19:55:14.142 [info] > git for-each-ref --format=%(refname)%00%(upstream:short)%00%(objectname)%00%(upstream:track)%00%(upstream:remotename)%00%(upstream:remoteref) refs/heads/stable refs/remotes/stable [1ms]
2025-06-06 19:55:14.145 [warning] [Git][revParse] Unable to read file: ENOENT: no such file or directory, open '/home/caroulder/AFLplusplus/.git/refs/remotes/origin/stable'
2025-06-06 19:55:14.145 [info] > git rev-parse refs/remotes/origin/stable [0ms]
2025-06-06 19:55:14.151 [info] > git status -z -uall [4ms]
2025-06-06 19:55:14.156 [info] > git for-each-ref --format=%(refname)%00%(upstream:short)%00%(objectname)%00%(upstream:track)%00%(upstream:remotename)%00%(upstream:remoteref) refs/heads/stable refs/remotes/stable [2ms]
2025-06-06 19:55:14.159 [info] > git config --local branch.stable.vscode-merge-base [1ms]
2025-06-06 19:55:14.162 [info] > git for-each-ref --format=%(refname)%00%(upstream:short)%00%(objectname)%00%(upstream:track)%00%(upstream:remotename)%00%(upstream:remoteref) refs/heads/origin/stable refs/remotes/origin/stable [1ms]
2025-06-06 19:55:14.661 [info] > git rev-parse --show-toplevel [1ms]
2025-06-06 19:55:14.665 [info] > git rev-parse --show-toplevel [1ms]
2025-06-06 19:55:14.668 [info] > git rev-parse --show-toplevel [1ms]
2025-06-06 19:55:14.671 [info] > git rev-parse --show-toplevel [0ms]
2025-06-06 19:55:14.675 [info] > git rev-parse --show-toplevel [0ms]
2025-06-06 19:55:14.678 [info] > git rev-parse --show-toplevel [1ms]
2025-06-06 19:55:14.681 [info] > git rev-parse --show-toplevel [1ms]
2025-06-06 19:55:14.684 [info] > git rev-parse --show-toplevel [1ms]
2025-06-06 19:55:14.687 [info] > git rev-parse --show-toplevel [1ms]
2025-06-06 19:55:19.166 [info] > git config --get commit.template [4ms]
2025-06-06 19:55:19.167 [info] > git for-each-ref --format=%(refname)%00%(upstream:short)%00%(objectname)%00%(upstream:track)%00%(upstream:remotename)%00%(upstream:remoteref) refs/heads/stable refs/remotes/stable [1ms]
2025-06-06 19:55:19.169 [warning] [Git][revParse] Unable to read file: ENOENT: no such file or directory, open '/home/caroulder/AFLplusplus/.git/refs/remotes/origin/stable'
2025-06-06 19:55:19.170 [info] > git rev-parse refs/remotes/origin/stable [1ms]
2025-06-06 19:55:19.176 [info] > git status -z -uall [4ms]
2025-06-06 19:55:19.181 [info] > git for-each-ref --format=%(refname)%00%(upstream:short)%00%(objectname)%00%(upstream:track)%00%(upstream:remotename)%00%(upstream:remoteref) refs/heads/stable refs/remotes/stable [2ms]
2025-06-06 19:55:19.184 [info] > git config --local branch.stable.vscode-merge-base [1ms]
2025-06-06 19:55:19.188 [info] > git for-each-ref --format=%(refname)%00%(upstream:short)%00%(objectname)%00%(upstream:track)%00%(upstream:remotename)%00%(upstream:remoteref) refs/heads/origin/stable refs/remotes/origin/stable [1ms]
2025-06-06 19:55:19.685 [info] > git rev-parse --show-toplevel [0ms]
2025-06-06 19:55:19.688 [info] > git rev-parse --show-toplevel [0ms]
2025-06-06 19:55:19.691 [info] > git rev-parse --show-toplevel [0ms]
2025-06-06 19:55:19.695 [info] > git rev-parse --show-toplevel [1ms]
2025-06-06 19:55:19.698 [info] > git rev-parse --show-toplevel [1ms]
2025-06-06 19:55:19.701 [info] > git rev-parse --show-toplevel [0ms]
2025-06-06 19:55:19.704 [info] > git rev-parse --show-toplevel [0ms]
2025-06-06 19:55:19.707 [info] > git rev-parse --show-toplevel [0ms]
2025-06-06 19:55:19.710 [info] > git rev-parse --show-toplevel [0ms]
2025-06-06 19:55:24.187 [info] > git config --get commit.template [1ms]
2025-06-06 19:55:24.191 [info] > git for-each-ref --format=%(refname)%00%(upstream:short)%00%(objectname)%00%(upstream:track)%00%(upstream:remotename)%00%(upstream:remoteref) refs/heads/stable refs/remotes/stable [0ms]
2025-06-06 19:55:24.194 [warning] [Git][revParse] Unable to read file: ENOENT: no such file or directory, open '/home/caroulder/AFLplusplus/.git/refs/remotes/origin/stable'
2025-06-06 19:55:24.194 [info] > git rev-parse refs/remotes/origin/stable [0ms]
2025-06-06 19:55:24.200 [info] > git status -z -uall [4ms]
2025-06-06 19:55:24.205 [info] > git for-each-ref --format=%(refname)%00%(upstream:short)%00%(objectname)%00%(upstream:track)%00%(upstream:remotename)%00%(upstream:remoteref) refs/heads/stable refs/remotes/stable [2ms]
2025-06-06 19:55:24.208 [info] > git config --local branch.stable.vscode-merge-base [1ms]
2025-06-06 19:55:24.211 [info] > git for-each-ref --format=%(refname)%00%(upstream:short)%00%(objectname)%00%(upstream:track)%00%(upstream:remotename)%00%(upstream:remoteref) refs/heads/origin/stable refs/remotes/origin/stable [1ms]
2025-06-06 19:55:24.708 [info] > git rev-parse --show-toplevel [0ms]
2025-06-06 19:55:24.712 [info] > git rev-parse --show-toplevel [0ms]
2025-06-06 19:55:24.715 [info] > git rev-parse --show-toplevel [0ms]
2025-06-06 19:55:24.718 [info] > git rev-parse --show-toplevel [0ms]
2025-06-06 19:55:24.722 [info] > git rev-parse --show-toplevel [1ms]
2025-06-06 19:55:24.725 [info] > git rev-parse --show-toplevel [0ms]
2025-06-06 19:55:24.728 [info] > git rev-parse --show-toplevel [0ms]
2025-06-06 19:55:24.731 [info] > git rev-parse --show-toplevel [0ms]
2025-06-06 19:55:24.734 [info] > git rev-parse --show-toplevel [0ms]
2025-06-06 19:55:29.214 [info] > git config --get commit.template [3ms]
2025-06-06 19:55:29.215 [info] > git for-each-ref --format=%(refname)%00%(upstream:short)%00%(objectname)%00%(upstream:track)%00%(upstream:remotename)%00%(upstream:remoteref) refs/heads/stable refs/remotes/stable [1ms]
2025-06-06 19:55:29.218 [warning] [Git][revParse] Unable to read file: ENOENT: no such file or directory, open '/home/caroulder/AFLplusplus/.git/refs/remotes/origin/stable'
2025-06-06 19:55:29.219 [info] > git rev-parse refs/remotes/origin/stable [1ms]
2025-06-06 19:55:29.225 [info] > git status -z -uall [4ms]
2025-06-06 19:55:29.230 [info] > git for-each-ref --format=%(refname)%00%(upstream:short)%00%(objectname)%00%(upstream:track)%00%(upstream:remotename)%00%(upstream:remoteref) refs/heads/stable refs/remotes/stable [2ms]
2025-06-06 19:55:29.234 [info] > git config --local branch.stable.vscode-merge-base [1ms]
2025-06-06 19:55:29.237 [info] > git for-each-ref --format=%(refname)%00%(upstream:short)%00%(objectname)%00%(upstream:track)%00%(upstream:remotename)%00%(upstream:remoteref) refs/heads/origin/stable refs/remotes/origin/stable [1ms]
2025-06-06 19:55:29.734 [info] > git rev-parse --show-toplevel [0ms]
2025-06-06 19:55:29.738 [info] > git rev-parse --show-toplevel [1ms]
2025-06-06 19:55:29.741 [info] > git rev-parse --show-toplevel [1ms]
2025-06-06 19:55:29.744 [info] > git rev-parse --show-toplevel [1ms]
2025-06-06 19:55:29.747 [info] > git rev-parse --show-toplevel [1ms]
2025-06-06 19:55:29.750 [info] > git rev-parse --show-toplevel [1ms]
2025-06-06 19:55:29.752 [info] > git rev-parse --show-toplevel [0ms]
2025-06-06 19:55:29.755 [info] > git rev-parse --show-toplevel [0ms]
2025-06-06 19:55:29.758 [info] > git rev-parse --show-toplevel [0ms]
2025-06-06 19:55:34.244 [info] > git config --get commit.template [5ms]
2025-06-06 19:55:34.244 [info] > git for-each-ref --format=%(refname)%00%(upstream:short)%00%(objectname)%00%(upstream:track)%00%(upstream:remotename)%00%(upstream:remoteref) refs/heads/stable refs/remotes/stable [1ms]
2025-06-06 19:55:34.246 [warning] [Git][revParse] Unable to read file: ENOENT: no such file or directory, open '/home/caroulder/AFLplusplus/.git/refs/remotes/origin/stable'
2025-06-06 19:55:34.247 [info] > git rev-parse refs/remotes/origin/stable [1ms]
2025-06-06 19:55:34.253 [info] > git status -z -uall [4ms]
2025-06-06 19:55:34.258 [info] > git for-each-ref --format=%(refname)%00%(upstream:short)%00%(objectname)%00%(upstream:track)%00%(upstream:remotename)%00%(upstream:remoteref) refs/heads/stable refs/remotes/stable [3ms]
2025-06-06 19:55:34.262 [info] > git config --local branch.stable.vscode-merge-base [1ms]
2025-06-06 19:55:34.265 [info] > git for-each-ref --format=%(refname)%00%(upstream:short)%00%(objectname)%00%(upstream:track)%00%(upstream:remotename)%00%(upstream:remoteref) refs/heads/origin/stable refs/remotes/origin/stable [0ms]
2025-06-06 19:55:34.762 [info] > git rev-parse --show-toplevel [1ms]
2025-06-06 19:55:34.765 [info] > git rev-parse --show-toplevel [0ms]
2025-06-06 19:55:34.768 [info] > git rev-parse --show-toplevel [0ms]
2025-06-06 19:55:34.771 [info] > git rev-parse --show-toplevel [0ms]
2025-06-06 19:55:34.774 [info] > git rev-parse --show-toplevel [0ms]
2025-06-06 19:55:34.778 [info] > git rev-parse --show-toplevel [1ms]
2025-06-06 19:55:34.781 [info] > git rev-parse --show-toplevel [1ms]
2025-06-06 19:55:34.783 [info] > git rev-parse --show-toplevel [0ms]
2025-06-06 19:55:34.786 [info] > git rev-parse --show-toplevel [0ms]
2025-06-06 19:55:39.264 [info] > git config --get commit.template [1ms]
2025-06-06 19:55:39.267 [info] > git for-each-ref --format=%(refname)%00%(upstream:short)%00%(objectname)%00%(upstream:track)%00%(upstream:remotename)%00%(upstream:remoteref) refs/heads/stable refs/remotes/stable [0ms]
2025-06-06 19:55:39.270 [warning] [Git][revParse] Unable to read file: ENOENT: no such file or directory, open '/home/caroulder/AFLplusplus/.git/refs/remotes/origin/stable'
2025-06-06 19:55:39.270 [info] > git rev-parse refs/remotes/origin/stable [0ms]
2025-06-06 19:55:39.276 [info] > git status -z -uall [4ms]
2025-06-06 19:55:39.280 [info] > git for-each-ref --format=%(refname)%00%(upstream:short)%00%(objectname)%00%(upstream:track)%00%(upstream:remotename)%00%(upstream:remoteref) refs/heads/stable refs/remotes/stable [2ms]
2025-06-06 19:55:39.284 [info] > git config --local branch.stable.vscode-merge-base [1ms]
2025-06-06 19:55:39.290 [info] > git for-each-ref --format=%(refname)%00%(upstream:short)%00%(objectname)%00%(upstream:track)%00%(upstream:remotename)%00%(upstream:remoteref) refs/heads/origin/stable refs/remotes/origin/stable [4ms]
2025-06-06 19:55:39.783 [info] > git rev-parse --show-toplevel [1ms]
2025-06-06 19:55:39.787 [info] > git rev-parse --show-toplevel [1ms]
2025-06-06 19:55:39.791 [info] > git rev-parse --show-toplevel [1ms]
2025-06-06 19:55:39.794 [info] > git rev-parse --show-toplevel [1ms]
2025-06-06 19:55:39.797 [info] > git rev-parse --show-toplevel [1ms]
2025-06-06 19:55:39.800 [info] > git rev-parse --show-toplevel [1ms]
2025-06-06 19:55:39.803 [info] > git rev-parse --show-toplevel [0ms]
2025-06-06 19:55:39.806 [info] > git rev-parse --show-toplevel [0ms]
2025-06-06 19:55:39.809 [info] > git rev-parse --show-toplevel [0ms]
2025-06-06 19:55:44.288 [info] > git config --get commit.template [1ms]
2025-06-06 19:55:44.292 [info] > git for-each-ref --format=%(refname)%00%(upstream:short)%00%(objectname)%00%(upstream:track)%00%(upstream:remotename)%00%(upstream:remoteref) refs/heads/stable refs/remotes/stable [1ms]
2025-06-06 19:55:44.294 [warning] [Git][revParse] Unable to read file: ENOENT: no such file or directory, open '/home/caroulder/AFLplusplus/.git/refs/remotes/origin/stable'
2025-06-06 19:55:44.295 [info] > git rev-parse refs/remotes/origin/stable [1ms]
2025-06-06 19:55:44.301 [info] > git status -z -uall [4ms]
2025-06-06 19:55:44.305 [info] > git for-each-ref --format=%(refname)%00%(upstream:short)%00%(objectname)%00%(upstream:track)%00%(upstream:remotename)%00%(upstream:remoteref) refs/heads/stable refs/remotes/stable [1ms]
2025-06-06 19:55:44.309 [info] > git config --local branch.stable.vscode-merge-base [1ms]
2025-06-06 19:55:44.312 [info] > git for-each-ref --format=%(refname)%00%(upstream:short)%00%(objectname)%00%(upstream:track)%00%(upstream:remotename)%00%(upstream:remoteref) refs/heads/origin/stable refs/remotes/origin/stable [1ms]
2025-06-06 19:55:44.811 [info] > git rev-parse --show-toplevel [1ms]
2025-06-06 19:55:44.814 [info] > git rev-parse --show-toplevel [0ms]
2025-06-06 19:55:44.818 [info] > git rev-parse --show-toplevel [1ms]
2025-06-06 19:55:44.821 [info] > git rev-parse --show-toplevel [1ms]
2025-06-06 19:55:44.824 [info] > git rev-parse --show-toplevel [0ms]
2025-06-06 19:55:44.827 [info] > git rev-parse --show-toplevel [0ms]
2025-06-06 19:55:44.830 [info] > git rev-parse --show-toplevel [0ms]
2025-06-06 19:55:44.833 [info] > git rev-parse --show-toplevel [0ms]
2025-06-06 19:55:44.836 [info] > git rev-parse --show-toplevel [1ms]
2025-06-06 19:55:49.311 [info] > git config --get commit.template [1ms]
2025-06-06 19:55:49.315 [info] > git for-each-ref --format=%(refname)%00%(upstream:short)%00%(objectname)%00%(upstream:track)%00%(upstream:remotename)%00%(upstream:remoteref) refs/heads/stable refs/remotes/stable [1ms]
2025-06-06 19:55:49.317 [warning] [Git][revParse] Unable to read file: ENOENT: no such file or directory, open '/home/caroulder/AFLplusplus/.git/refs/remotes/origin/stable'
2025-06-06 19:55:49.318 [info] > git rev-parse refs/remotes/origin/stable [1ms]
2025-06-06 19:55:49.324 [info] > git status -z -uall [4ms]
2025-06-06 19:55:49.329 [info] > git for-each-ref --format=%(refname)%00%(upstream:short)%00%(objectname)%00%(upstream:track)%00%(upstream:remotename)%00%(upstream:remoteref) refs/heads/stable refs/remotes/stable [2ms]
2025-06-06 19:55:49.333 [info] > git config --local branch.stable.vscode-merge-base [2ms]
2025-06-06 19:55:49.337 [info] > git for-each-ref --format=%(refname)%00%(upstream:short)%00%(objectname)%00%(upstream:track)%00%(upstream:remotename)%00%(upstream:remoteref) refs/heads/origin/stable refs/remotes/origin/stable [1ms]
2025-06-06 19:55:49.834 [info] > git rev-parse --show-toplevel [1ms]
2025-06-06 19:55:49.838 [info] > git rev-parse --show-toplevel [0ms]
2025-06-06 19:55:49.841 [info] > git rev-parse --show-toplevel [1ms]
2025-06-06 19:55:49.844 [info] > git rev-parse --show-toplevel [1ms]
2025-06-06 19:55:49.847 [info] > git rev-parse --show-toplevel [0ms]
2025-06-06 19:55:49.851 [info] > git rev-parse --show-toplevel [1ms]
2025-06-06 19:55:49.854 [info] > git rev-parse --show-toplevel [0ms]
2025-06-06 19:55:49.858 [info] > git rev-parse --show-toplevel [1ms]
2025-06-06 19:55:49.861 [info] > git rev-parse --show-toplevel [1ms]
2025-06-06 19:55:54.339 [info] > git config --get commit.template [3ms]
2025-06-06 19:55:54.339 [info] > git for-each-ref --format=%(refname)%00%(upstream:short)%00%(objectname)%00%(upstream:track)%00%(upstream:remotename)%00%(upstream:remoteref) refs/heads/stable refs/remotes/stable [1ms]
2025-06-06 19:55:54.342 [warning] [Git][revParse] Unable to read file: ENOENT: no such file or directory, open '/home/caroulder/AFLplusplus/.git/refs/remotes/origin/stable'
2025-06-06 19:55:54.342 [info] > git rev-parse refs/remotes/origin/stable [0ms]
2025-06-06 19:55:54.349 [info] > git status -z -uall [4ms]
2025-06-06 19:55:54.354 [info] > git for-each-ref --format=%(refname)%00%(upstream:short)%00%(objectname)%00%(upstream:track)%00%(upstream:remotename)%00%(upstream:remoteref) refs/heads/stable refs/remotes/stable [2ms]
2025-06-06 19:55:54.357 [info] > git config --local branch.stable.vscode-merge-base [1ms]
2025-06-06 19:55:54.360 [info] > git for-each-ref --format=%(refname)%00%(upstream:short)%00%(objectname)%00%(upstream:track)%00%(upstream:remotename)%00%(upstream:remoteref) refs/heads/origin/stable refs/remotes/origin/stable [0ms]
2025-06-06 19:55:54.858 [info] > git rev-parse --show-toplevel [1ms]
2025-06-06 19:55:54.862 [info] > git rev-parse --show-toplevel [1ms]
2025-06-06 19:55:54.865 [info] > git rev-parse --show-toplevel [1ms]
2025-06-06 19:55:54.868 [info] > git rev-parse --show-toplevel [0ms]
2025-06-06 19:55:54.871 [info] > git rev-parse --show-toplevel [0ms]
2025-06-06 19:55:54.874 [info] > git rev-parse --show-toplevel [0ms]
2025-06-06 19:55:54.878 [info] > git rev-parse --show-toplevel [0ms]
2025-06-06 19:55:54.881 [info] > git rev-parse --show-toplevel [1ms]
2025-06-06 19:55:54.883 [info] > git rev-parse --show-toplevel [0ms]
2025-06-06 19:55:59.389 [info] > git config --get commit.template [1ms]
2025-06-06 19:55:59.393 [info] > git for-each-ref --format=%(refname)%00%(upstream:short)%00%(objectname)%00%(upstream:track)%00%(upstream:remotename)%00%(upstream:remoteref) refs/heads/stable refs/remotes/stable [1ms]
2025-06-06 19:55:59.395 [warning] [Git][revParse] Unable to read file: ENOENT: no such file or directory, open '/home/caroulder/AFLplusplus/.git/refs/remotes/origin/stable'
2025-06-06 19:55:59.398 [info] > git rev-parse refs/remotes/origin/stable [3ms]
2025-06-06 19:55:59.404 [info] > git status -z -uall [4ms]
2025-06-06 19:55:59.409 [info] > git for-each-ref --format=%(refname)%00%(upstream:short)%00%(objectname)%00%(upstream:track)%00%(upstream:remotename)%00%(upstream:remoteref) refs/heads/stable refs/remotes/stable [2ms]
2025-06-06 19:55:59.412 [info] > git config --local branch.stable.vscode-merge-base [1ms]
2025-06-06 19:55:59.415 [info] > git for-each-ref --format=%(refname)%00%(upstream:short)%00%(objectname)%00%(upstream:track)%00%(upstream:remotename)%00%(upstream:remoteref) refs/heads/origin/stable refs/remotes/origin/stable [0ms]
2025-06-06 19:55:59.912 [info] > git rev-parse --show-toplevel [0ms]
2025-06-06 19:55:59.916 [info] > git rev-parse --show-toplevel [0ms]
2025-06-06 19:55:59.920 [info] > git rev-parse --show-toplevel [1ms]
2025-06-06 19:55:59.923 [info] > git rev-parse --show-toplevel [1ms]
2025-06-06 19:55:59.926 [info] > git rev-parse --show-toplevel [1ms]
2025-06-06 19:55:59.929 [info] > git rev-parse --show-toplevel [1ms]
2025-06-06 19:55:59.932 [info] > git rev-parse --show-toplevel [1ms]
2025-06-06 19:55:59.935 [info] > git rev-parse --show-toplevel [1ms]
2025-06-06 19:55:59.938 [info] > git rev-parse --show-toplevel [1ms]
2025-06-06 19:56:04.420 [info] > git config --get commit.template [1ms]
2025-06-06 19:56:04.425 [info] > git for-each-ref --format=%(refname)%00%(upstream:short)%00%(objectname)%00%(upstream:track)%00%(upstream:remotename)%00%(upstream:remoteref) refs/heads/stable refs/remotes/stable [1ms]
2025-06-06 19:56:04.427 [warning] [Git][revParse] Unable to read file: ENOENT: no such file or directory, open '/home/caroulder/AFLplusplus/.git/refs/remotes/origin/stable'
2025-06-06 19:56:04.427 [info] > git rev-parse refs/remotes/origin/stable [0ms]
2025-06-06 19:56:04.432 [info] > git status -z -uall [3ms]
2025-06-06 19:56:04.438 [info] > git for-each-ref --format=%(refname)%00%(upstream:short)%00%(objectname)%00%(upstream:track)%00%(upstream:remotename)%00%(upstream:remoteref) refs/heads/stable refs/remotes/stable [3ms]
2025-06-06 19:56:04.442 [info] > git config --local branch.stable.vscode-merge-base [0ms]
2025-06-06 19:56:04.449 [info] > git for-each-ref --format=%(refname)%00%(upstream:short)%00%(objectname)%00%(upstream:track)%00%(upstream:remotename)%00%(upstream:remoteref) refs/heads/origin/stable refs/remotes/origin/stable [0ms]
2025-06-06 19:56:04.941 [info] > git rev-parse --show-toplevel [1ms]
2025-06-06 19:56:04.944 [info] > git rev-parse --show-toplevel [0ms]
2025-06-06 19:56:04.948 [info] > git rev-parse --show-toplevel [1ms]
2025-06-06 19:56:04.950 [info] > git rev-parse --show-toplevel [0ms]
2025-06-06 19:56:04.953 [info] > git rev-parse --show-toplevel [0ms]
2025-06-06 19:56:04.956 [info] > git rev-parse --show-toplevel [0ms]
2025-06-06 19:56:04.960 [info] > git rev-parse --show-toplevel [0ms]
2025-06-06 19:56:04.962 [info] > git rev-parse --show-toplevel [0ms]
2025-06-06 19:56:04.966 [info] > git rev-parse --show-toplevel [1ms]
2025-06-06 19:56:09.450 [info] > git config --get commit.template [0ms]
2025-06-06 19:56:09.460 [info] > git for-each-ref --format=%(refname)%00%(upstream:short)%00%(objectname)%00%(upstream:track)%00%(upstream:remotename)%00%(upstream:remoteref) refs/heads/stable refs/remotes/stable [1ms]
2025-06-06 19:56:09.462 [warning] [Git][revParse] Unable to read file: ENOENT: no such file or directory, open '/home/caroulder/AFLplusplus/.git/refs/remotes/origin/stable'
2025-06-06 19:56:09.462 [info] > git rev-parse refs/remotes/origin/stable [0ms]
2025-06-06 19:56:09.468 [info] > git status -z -uall [3ms]
2025-06-06 19:56:09.476 [info] > git for-each-ref --format=%(refname)%00%(upstream:short)%00%(objectname)%00%(upstream:track)%00%(upstream:remotename)%00%(upstream:remoteref) refs/heads/stable refs/remotes/stable [5ms]
2025-06-06 19:56:09.479 [info] > git config --local branch.stable.vscode-merge-base [1ms]
2025-06-06 19:56:09.483 [info] > git for-each-ref --format=%(refname)%00%(upstream:short)%00%(objectname)%00%(upstream:track)%00%(upstream:remotename)%00%(upstream:remoteref) refs/heads/origin/stable refs/remotes/origin/stable [0ms]
2025-06-06 19:56:09.978 [info] > git rev-parse --show-toplevel [0ms]
2025-06-06 19:56:09.982 [info] > git rev-parse --show-toplevel [1ms]
2025-06-06 19:56:09.985 [info] > git rev-parse --show-toplevel [1ms]
2025-06-06 19:56:09.988 [info] > git rev-parse --show-toplevel [0ms]
2025-06-06 19:56:09.992 [info] > git rev-parse --show-toplevel [1ms]
2025-06-06 19:56:09.995 [info] > git rev-parse --show-toplevel [1ms]
2025-06-06 19:56:09.998 [info] > git rev-parse --show-toplevel [0ms]
2025-06-06 19:56:10.001 [info] > git rev-parse --show-toplevel [0ms]
2025-06-06 19:56:10.004 [info] > git rev-parse --show-toplevel [0ms]
2025-06-06 19:56:14.490 [info] > git config --get commit.template [4ms]
2025-06-06 19:56:14.490 [info] > git for-each-ref --format=%(refname)%00%(upstream:short)%00%(objectname)%00%(upstream:track)%00%(upstream:remotename)%00%(upstream:remoteref) refs/heads/stable refs/remotes/stable [0ms]
2025-06-06 19:56:14.493 [warning] [Git][revParse] Unable to read file: ENOENT: no such file or directory, open '/home/caroulder/AFLplusplus/.git/refs/remotes/origin/stable'
2025-06-06 19:56:14.494 [info] > git rev-parse refs/remotes/origin/stable [1ms]
2025-06-06 19:56:14.499 [info] > git status -z -uall [3ms]
2025-06-06 19:56:14.504 [info] > git for-each-ref --format=%(refname)%00%(upstream:short)%00%(objectname)%00%(upstream:track)%00%(upstream:remotename)%00%(upstream:remoteref) refs/heads/stable refs/remotes/stable [2ms]
2025-06-06 19:56:14.508 [info] > git config --local branch.stable.vscode-merge-base [1ms]
2025-06-06 19:56:14.510 [info] > git for-each-ref --format=%(refname)%00%(upstream:short)%00%(objectname)%00%(upstream:track)%00%(upstream:remotename)%00%(upstream:remoteref) refs/heads/origin/stable refs/remotes/origin/stable [0ms]
2025-06-06 19:56:15.008 [info] > git rev-parse --show-toplevel [1ms]
2025-06-06 19:56:15.011 [info] > git rev-parse --show-toplevel [0ms]
2025-06-06 19:56:15.014 [info] > git rev-parse --show-toplevel [0ms]
2025-06-06 19:56:15.017 [info] > git rev-parse --show-toplevel [0ms]
2025-06-06 19:56:15.020 [info] > git rev-parse --show-toplevel [0ms]
2025-06-06 19:56:15.023 [info] > git rev-parse --show-toplevel [0ms]
2025-06-06 19:56:15.026 [info] > git rev-parse --show-toplevel [0ms]
2025-06-06 19:56:15.030 [info] > git rev-parse --show-toplevel [1ms]
2025-06-06 19:56:15.033 [info] > git rev-parse --show-toplevel [1ms]
2025-06-06 19:56:19.515 [info] > git config --get commit.template [0ms]
2025-06-06 19:56:19.519 [info] > git for-each-ref --format=%(refname)%00%(upstream:short)%00%(objectname)%00%(upstream:track)%00%(upstream:remotename)%00%(upstream:remoteref) refs/heads/stable refs/remotes/stable [1ms]
2025-06-06 19:56:19.521 [warning] [Git][revParse] Unable to read file: ENOENT: no such file or directory, open '/home/caroulder/AFLplusplus/.git/refs/remotes/origin/stable'
2025-06-06 19:56:19.522 [info] > git rev-parse refs/remotes/origin/stable [1ms]
2025-06-06 19:56:19.527 [info] > git status -z -uall [3ms]
2025-06-06 19:56:19.531 [info] > git for-each-ref --format=%(refname)%00%(upstream:short)%00%(objectname)%00%(upstream:track)%00%(upstream:remotename)%00%(upstream:remoteref) refs/heads/stable refs/remotes/stable [1ms]
2025-06-06 19:56:19.535 [info] > git config --local branch.stable.vscode-merge-base [1ms]
2025-06-06 19:56:19.552 [info] > git for-each-ref --format=%(refname)%00%(upstream:short)%00%(objectname)%00%(upstream:track)%00%(upstream:remotename)%00%(upstream:remoteref) refs/heads/origin/stable refs/remotes/origin/stable [1ms]
2025-06-06 19:56:20.036 [info] > git rev-parse --show-toplevel [1ms]
2025-06-06 19:56:20.040 [info] > git rev-parse --show-toplevel [1ms]
2025-06-06 19:56:20.043 [info] > git rev-parse --show-toplevel [0ms]
2025-06-06 19:56:20.047 [info] > git rev-parse --show-toplevel [1ms]
2025-06-06 19:56:20.050 [info] > git rev-parse --show-toplevel [1ms]
2025-06-06 19:56:20.054 [info] > git rev-parse --show-toplevel [1ms]
2025-06-06 19:56:20.057 [info] > git rev-parse --show-toplevel [1ms]
2025-06-06 19:56:20.060 [info] > git rev-parse --show-toplevel [1ms]
2025-06-06 19:56:20.063 [info] > git rev-parse --show-toplevel [1ms]
2025-06-06 19:56:24.546 [info] > git config --get commit.template [0ms]
2025-06-06 19:56:24.550 [info] > git for-each-ref --format=%(refname)%00%(upstream:short)%00%(objectname)%00%(upstream:track)%00%(upstream:remotename)%00%(upstream:remoteref) refs/heads/stable refs/remotes/stable [0ms]
2025-06-06 19:56:24.553 [warning] [Git][revParse] Unable to read file: ENOENT: no such file or directory, open '/home/caroulder/AFLplusplus/.git/refs/remotes/origin/stable'
2025-06-06 19:56:24.553 [info] > git rev-parse refs/remotes/origin/stable [0ms]
2025-06-06 19:56:24.558 [info] > git status -z -uall [3ms]
2025-06-06 19:56:24.563 [info] > git for-each-ref --format=%(refname)%00%(upstream:short)%00%(objectname)%00%(upstream:track)%00%(upstream:remotename)%00%(upstream:remoteref) refs/heads/stable refs/remotes/stable [2ms]
2025-06-06 19:56:24.567 [info] > git config --local branch.stable.vscode-merge-base [1ms]
2025-06-06 19:56:24.570 [info] > git for-each-ref --format=%(refname)%00%(upstream:short)%00%(objectname)%00%(upstream:track)%00%(upstream:remotename)%00%(upstream:remoteref) refs/heads/origin/stable refs/remotes/origin/stable [1ms]
2025-06-06 19:56:25.068 [info] > git rev-parse --show-toplevel [1ms]
2025-06-06 19:56:25.072 [info] > git rev-parse --show-toplevel [1ms]
2025-06-06 19:56:25.075 [info] > git rev-parse --show-toplevel [1ms]
2025-06-06 19:56:25.078 [info] > git rev-parse --show-toplevel [1ms]
2025-06-06 19:56:25.081 [info] > git rev-parse --show-toplevel [0ms]
2025-06-06 19:56:25.085 [info] > git rev-parse --show-toplevel [1ms]
2025-06-06 19:56:25.088 [info] > git rev-parse --show-toplevel [1ms]
2025-06-06 19:56:25.091 [info] > git rev-parse --show-toplevel [1ms]
2025-06-06 19:56:25.094 [info] > git rev-parse --show-toplevel [0ms]
2025-06-06 19:56:29.570 [info] > git config --get commit.template [1ms]
2025-06-06 19:56:29.574 [info] > git for-each-ref --format=%(refname)%00%(upstream:short)%00%(objectname)%00%(upstream:track)%00%(upstream:remotename)%00%(upstream:remoteref) refs/heads/stable refs/remotes/stable [1ms]
2025-06-06 19:56:29.576 [warning] [Git][revParse] Unable to read file: ENOENT: no such file or directory, open '/home/caroulder/AFLplusplus/.git/refs/remotes/origin/stable'
2025-06-06 19:56:29.577 [info] > git rev-parse refs/remotes/origin/stable [1ms]
2025-06-06 19:56:29.582 [info] > git status -z -uall [3ms]
2025-06-06 19:56:29.586 [info] > git for-each-ref --format=%(refname)%00%(upstream:short)%00%(objectname)%00%(upstream:track)%00%(upstream:remotename)%00%(upstream:remoteref) refs/heads/stable refs/remotes/stable [1ms]
2025-06-06 19:56:29.591 [info] > git config --local branch.stable.vscode-merge-base [2ms]
2025-06-06 19:56:29.595 [info] > git for-each-ref --format=%(refname)%00%(upstream:short)%00%(objectname)%00%(upstream:track)%00%(upstream:remotename)%00%(upstream:remoteref) refs/heads/origin/stable refs/remotes/origin/stable [1ms]
2025-06-06 19:56:30.091 [info] > git rev-parse --show-toplevel [1ms]
2025-06-06 19:56:30.095 [info] > git rev-parse --show-toplevel [1ms]
2025-06-06 19:56:30.098 [info] > git rev-parse --show-toplevel [1ms]
2025-06-06 19:56:30.101 [info] > git rev-parse --show-toplevel [1ms]
2025-06-06 19:56:30.104 [info] > git rev-parse --show-toplevel [1ms]
2025-06-06 19:56:30.107 [info] > git rev-parse --show-toplevel [0ms]
2025-06-06 19:56:30.110 [info] > git rev-parse --show-toplevel [1ms]
2025-06-06 19:56:30.113 [info] > git rev-parse --show-toplevel [1ms]
2025-06-06 19:56:30.115 [info] > git rev-parse --show-toplevel [0ms]
2025-06-06 19:56:34.597 [info] > git config --get commit.template [4ms]
2025-06-06 19:56:34.597 [info] > git for-each-ref --format=%(refname)%00%(upstream:short)%00%(objectname)%00%(upstream:track)%00%(upstream:remotename)%00%(upstream:remoteref) refs/heads/stable refs/remotes/stable [0ms]
2025-06-06 19:56:34.600 [warning] [Git][revParse] Unable to read file: ENOENT: no such file or directory, open '/home/caroulder/AFLplusplus/.git/refs/remotes/origin/stable'
2025-06-06 19:56:34.600 [info] > git rev-parse refs/remotes/origin/stable [0ms]
2025-06-06 19:56:34.606 [info] > git status -z -uall [3ms]
2025-06-06 19:56:34.611 [info] > git for-each-ref --format=%(refname)%00%(upstream:short)%00%(objectname)%00%(upstream:track)%00%(upstream:remotename)%00%(upstream:remoteref) refs/heads/stable refs/remotes/stable [1ms]
2025-06-06 19:56:34.615 [info] > git config --local branch.stable.vscode-merge-base [1ms]
2025-06-06 19:56:34.617 [info] > git for-each-ref --format=%(refname)%00%(upstream:short)%00%(objectname)%00%(upstream:track)%00%(upstream:remotename)%00%(upstream:remoteref) refs/heads/origin/stable refs/remotes/origin/stable [0ms]
2025-06-06 19:56:35.116 [info] > git rev-parse --show-toplevel [1ms]
2025-06-06 19:56:35.120 [info] > git rev-parse --show-toplevel [1ms]
2025-06-06 19:56:35.123 [info] > git rev-parse --show-toplevel [1ms]
2025-06-06 19:56:35.126 [info] > git rev-parse --show-toplevel [0ms]
2025-06-06 19:56:35.129 [info] > git rev-parse --show-toplevel [1ms]
2025-06-06 19:56:35.132 [info] > git rev-parse --show-toplevel [0ms]
2025-06-06 19:56:35.135 [info] > git rev-parse --show-toplevel [0ms]
2025-06-06 19:56:35.138 [info] > git rev-parse --show-toplevel [0ms]
2025-06-06 19:56:35.141 [info] > git rev-parse --show-toplevel [0ms]
2025-06-06 19:56:39.619 [info] > git config --get commit.template [1ms]
2025-06-06 19:56:39.623 [info] > git for-each-ref --format=%(refname)%00%(upstream:short)%00%(objectname)%00%(upstream:track)%00%(upstream:remotename)%00%(upstream:remoteref) refs/heads/stable refs/remotes/stable [1ms]
2025-06-06 19:56:39.626 [warning] [Git][revParse] Unable to read file: ENOENT: no such file or directory, open '/home/caroulder/AFLplusplus/.git/refs/remotes/origin/stable'
2025-06-06 19:56:39.626 [info] > git rev-parse refs/remotes/origin/stable [0ms]
2025-06-06 19:56:39.632 [info] > git status -z -uall [4ms]
2025-06-06 19:56:39.641 [info] > git for-each-ref --format=%(refname)%00%(upstream:short)%00%(objectname)%00%(upstream:track)%00%(upstream:remotename)%00%(upstream:remoteref) refs/heads/stable refs/remotes/stable [7ms]
2025-06-06 19:56:39.644 [info] > git config --local branch.stable.vscode-merge-base [0ms]
2025-06-06 19:56:39.647 [info] > git for-each-ref --format=%(refname)%00%(upstream:short)%00%(objectname)%00%(upstream:track)%00%(upstream:remotename)%00%(upstream:remoteref) refs/heads/origin/stable refs/remotes/origin/stable [0ms]
2025-06-06 19:56:40.140 [info] > git rev-parse --show-toplevel [0ms]
2025-06-06 19:56:40.144 [info] > git rev-parse --show-toplevel [1ms]
2025-06-06 19:56:40.147 [info] > git rev-parse --show-toplevel [0ms]
2025-06-06 19:56:40.150 [info] > git rev-parse --show-toplevel [0ms]
2025-06-06 19:56:40.153 [info] > git rev-parse --show-toplevel [0ms]
2025-06-06 19:56:40.156 [info] > git rev-parse --show-toplevel [0ms]
2025-06-06 19:56:40.159 [info] > git rev-parse --show-toplevel [0ms]
2025-06-06 19:56:40.162 [info] > git rev-parse --show-toplevel [1ms]
2025-06-06 19:56:40.165 [info] > git rev-parse --show-toplevel [1ms]
2025-06-06 19:56:44.649 [info] > git config --get commit.template [0ms]
2025-06-06 19:56:44.654 [info] > git for-each-ref --format=%(refname)%00%(upstream:short)%00%(objectname)%00%(upstream:track)%00%(upstream:remotename)%00%(upstream:remoteref) refs/heads/stable refs/remotes/stable [1ms]
2025-06-06 19:56:44.656 [warning] [Git][revParse] Unable to read file: ENOENT: no such file or directory, open '/home/caroulder/AFLplusplus/.git/refs/remotes/origin/stable'
2025-06-06 19:56:44.657 [info] > git rev-parse refs/remotes/origin/stable [1ms]
2025-06-06 19:56:44.662 [info] > git status -z -uall [3ms]
2025-06-06 19:56:44.668 [info] > git for-each-ref --format=%(refname)%00%(upstream:short)%00%(objectname)%00%(upstream:track)%00%(upstream:remotename)%00%(upstream:remoteref) refs/heads/stable refs/remotes/stable [1ms]
2025-06-06 19:56:44.671 [info] > git config --local branch.stable.vscode-merge-base [1ms]
2025-06-06 19:56:44.674 [info] > git for-each-ref --format=%(refname)%00%(upstream:short)%00%(objectname)%00%(upstream:track)%00%(upstream:remotename)%00%(upstream:remoteref) refs/heads/origin/stable refs/remotes/origin/stable [1ms]
2025-06-06 19:56:45.171 [info] > git rev-parse --show-toplevel [0ms]
2025-06-06 19:56:45.175 [info] > git rev-parse --show-toplevel [1ms]
2025-06-06 19:56:45.178 [info] > git rev-parse --show-toplevel [1ms]
2025-06-06 19:56:45.181 [info] > git rev-parse --show-toplevel [1ms]
2025-06-06 19:56:45.184 [info] > git rev-parse --show-toplevel [1ms]
2025-06-06 19:56:45.187 [info] > git rev-parse --show-toplevel [1ms]
2025-06-06 19:56:45.190 [info] > git rev-parse --show-toplevel [1ms]
2025-06-06 19:56:45.193 [info] > git rev-parse --show-toplevel [0ms]
2025-06-06 19:56:45.197 [info] > git rev-parse --show-toplevel [0ms]
2025-06-06 19:56:49.676 [info] > git config --get commit.template [1ms]
2025-06-06 19:56:49.679 [info] > git for-each-ref --format=%(refname)%00%(upstream:short)%00%(objectname)%00%(upstream:track)%00%(upstream:remotename)%00%(upstream:remoteref) refs/heads/stable refs/remotes/stable [1ms]
2025-06-06 19:56:49.681 [warning] [Git][revParse] Unable to read file: ENOENT: no such file or directory, open '/home/caroulder/AFLplusplus/.git/refs/remotes/origin/stable'
2025-06-06 19:56:49.681 [info] > git rev-parse refs/remotes/origin/stable [0ms]
2025-06-06 19:56:49.687 [info] > git status -z -uall [4ms]
2025-06-06 19:56:49.698 [info] > git for-each-ref --format=%(refname)%00%(upstream:short)%00%(objectname)%00%(upstream:track)%00%(upstream:remotename)%00%(upstream:remoteref) refs/heads/stable refs/remotes/stable [2ms]
2025-06-06 19:56:49.701 [info] > git config --local branch.stable.vscode-merge-base [0ms]
2025-06-06 19:56:49.705 [info] > git for-each-ref --format=%(refname)%00%(upstream:short)%00%(objectname)%00%(upstream:track)%00%(upstream:remotename)%00%(upstream:remoteref) refs/heads/origin/stable refs/remotes/origin/stable [0ms]
2025-06-06 19:56:50.202 [info] > git rev-parse --show-toplevel [1ms]
2025-06-06 19:56:50.206 [info] > git rev-parse --show-toplevel [1ms]
2025-06-06 19:56:50.209 [info] > git rev-parse --show-toplevel [1ms]
2025-06-06 19:56:50.212 [info] > git rev-parse --show-toplevel [1ms]
2025-06-06 19:56:50.215 [info] > git rev-parse --show-toplevel [1ms]
2025-06-06 19:56:50.218 [info] > git rev-parse --show-toplevel [1ms]
2025-06-06 19:56:50.221 [info] > git rev-parse --show-toplevel [0ms]
2025-06-06 19:56:50.225 [info] > git rev-parse --show-toplevel [0ms]
2025-06-06 19:56:50.227 [info] > git rev-parse --show-toplevel [0ms]
2025-06-06 19:56:54.716 [info] > git config --get commit.template [3ms]
2025-06-06 19:56:54.716 [info] > git for-each-ref --format=%(refname)%00%(upstream:short)%00%(objectname)%00%(upstream:track)%00%(upstream:remotename)%00%(upstream:remoteref) refs/heads/stable refs/remotes/stable [1ms]
2025-06-06 19:56:54.718 [warning] [Git][revParse] Unable to read file: ENOENT: no such file or directory, open '/home/caroulder/AFLplusplus/.git/refs/remotes/origin/stable'
2025-06-06 19:56:54.719 [info] > git rev-parse refs/remotes/origin/stable [1ms]
2025-06-06 19:56:54.725 [info] > git status -z -uall [4ms]
2025-06-06 19:56:54.731 [info] > git for-each-ref --format=%(refname)%00%(upstream:short)%00%(objectname)%00%(upstream:track)%00%(upstream:remotename)%00%(upstream:remoteref) refs/heads/stable refs/remotes/stable [2ms]
2025-06-06 19:56:54.735 [info] > git config --local branch.stable.vscode-merge-base [1ms]
2025-06-06 19:56:54.738 [info] > git for-each-ref --format=%(refname)%00%(upstream:short)%00%(objectname)%00%(upstream:track)%00%(upstream:remotename)%00%(upstream:remoteref) refs/heads/origin/stable refs/remotes/origin/stable [1ms]
2025-06-06 19:56:55.236 [info] > git rev-parse --show-toplevel [1ms]
2025-06-06 19:56:55.240 [info] > git rev-parse --show-toplevel [1ms]
2025-06-06 19:56:55.243 [info] > git rev-parse --show-toplevel [1ms]
2025-06-06 19:56:55.246 [info] > git rev-parse --show-toplevel [1ms]
2025-06-06 19:56:55.250 [info] > git rev-parse --show-toplevel [1ms]
2025-06-06 19:56:55.253 [info] > git rev-parse --show-toplevel [1ms]
2025-06-06 19:56:55.256 [info] > git rev-parse --show-toplevel [0ms]
2025-06-06 19:56:55.259 [info] > git rev-parse --show-toplevel [0ms]
2025-06-06 19:56:55.263 [info] > git rev-parse --show-toplevel [1ms]
2025-06-06 19:56:59.762 [info] > git config --get commit.template [3ms]
2025-06-06 19:56:59.765 [info] > git for-each-ref --format=%(refname)%00%(upstream:short)%00%(objectname)%00%(upstream:track)%00%(upstream:remotename)%00%(upstream:remoteref) refs/heads/stable refs/remotes/stable [0ms]
2025-06-06 19:56:59.768 [warning] [Git][revParse] Unable to read file: ENOENT: no such file or directory, open '/home/caroulder/AFLplusplus/.git/refs/remotes/origin/stable'
2025-06-06 19:56:59.769 [info] > git rev-parse refs/remotes/origin/stable [1ms]
2025-06-06 19:56:59.775 [info] > git status -z -uall [4ms]
2025-06-06 19:56:59.781 [info] > git for-each-ref --format=%(refname)%00%(upstream:short)%00%(objectname)%00%(upstream:track)%00%(upstream:remotename)%00%(upstream:remoteref) refs/heads/stable refs/remotes/stable [3ms]
2025-06-06 19:56:59.785 [info] > git config --local branch.stable.vscode-merge-base [1ms]
2025-06-06 19:56:59.790 [info] > git for-each-ref --format=%(refname)%00%(upstream:short)%00%(objectname)%00%(upstream:track)%00%(upstream:remotename)%00%(upstream:remoteref) refs/heads/origin/stable refs/remotes/origin/stable [1ms]
2025-06-06 19:57:00.284 [info] > git rev-parse --show-toplevel [1ms]
2025-06-06 19:57:00.288 [info] > git rev-parse --show-toplevel [1ms]
2025-06-06 19:57:00.291 [info] > git rev-parse --show-toplevel [0ms]
2025-06-06 19:57:00.294 [info] > git rev-parse --show-toplevel [0ms]
2025-06-06 19:57:00.297 [info] > git rev-parse --show-toplevel [1ms]
2025-06-06 19:57:00.300 [info] > git rev-parse --show-toplevel [1ms]
2025-06-06 19:57:00.303 [info] > git rev-parse --show-toplevel [0ms]
2025-06-06 19:57:00.306 [info] > git rev-parse --show-toplevel [0ms]
2025-06-06 19:57:00.311 [info] > git rev-parse --show-toplevel [2ms]
2025-06-06 19:57:04.803 [info] > git config --get commit.template [18ms]
2025-06-06 19:57:04.803 [info] > git for-each-ref --format=%(refname)%00%(upstream:short)%00%(objectname)%00%(upstream:track)%00%(upstream:remotename)%00%(upstream:remoteref) refs/heads/stable refs/remotes/stable [0ms]
2025-06-06 19:57:04.806 [warning] [Git][revParse] Unable to read file: ENOENT: no such file or directory, open '/home/caroulder/AFLplusplus/.git/refs/remotes/origin/stable'
2025-06-06 19:57:04.807 [info] > git rev-parse refs/remotes/origin/stable [1ms]
2025-06-06 19:57:04.813 [info] > git status -z -uall [4ms]
2025-06-06 19:57:04.825 [info] > git for-each-ref --format=%(refname)%00%(upstream:short)%00%(objectname)%00%(upstream:track)%00%(upstream:remotename)%00%(upstream:remoteref) refs/heads/stable refs/remotes/stable [2ms]
2025-06-06 19:57:04.829 [info] > git config --local branch.stable.vscode-merge-base [1ms]
2025-06-06 19:57:04.833 [info] > git for-each-ref --format=%(refname)%00%(upstream:short)%00%(objectname)%00%(upstream:track)%00%(upstream:remotename)%00%(upstream:remoteref) refs/heads/origin/stable refs/remotes/origin/stable [1ms]
2025-06-06 19:57:05.329 [info] > git rev-parse --show-toplevel [0ms]
2025-06-06 19:57:05.333 [info] > git rev-parse --show-toplevel [1ms]
2025-06-06 19:57:05.336 [info] > git rev-parse --show-toplevel [1ms]
2025-06-06 19:57:05.339 [info] > git rev-parse --show-toplevel [1ms]
2025-06-06 19:57:05.342 [info] > git rev-parse --show-toplevel [1ms]
2025-06-06 19:57:05.345 [info] > git rev-parse --show-toplevel [1ms]
2025-06-06 19:57:05.348 [info] > git rev-parse --show-toplevel [1ms]
2025-06-06 19:57:05.351 [info] > git rev-parse --show-toplevel [1ms]
2025-06-06 19:57:05.354 [info] > git rev-parse --show-toplevel [1ms]
2025-06-06 19:57:09.831 [info] > git config --get commit.template [1ms]
2025-06-06 19:57:09.834 [info] > git for-each-ref --format=%(refname)%00%(upstream:short)%00%(objectname)%00%(upstream:track)%00%(upstream:remotename)%00%(upstream:remoteref) refs/heads/stable refs/remotes/stable [0ms]
2025-06-06 19:57:09.837 [warning] [Git][revParse] Unable to read file: ENOENT: no such file or directory, open '/home/caroulder/AFLplusplus/.git/refs/remotes/origin/stable'
2025-06-06 19:57:09.838 [info] > git rev-parse refs/remotes/origin/stable [1ms]
2025-06-06 19:57:09.844 [info] > git status -z -uall [4ms]
2025-06-06 19:57:09.849 [info] > git for-each-ref --format=%(refname)%00%(upstream:short)%00%(objectname)%00%(upstream:track)%00%(upstream:remotename)%00%(upstream:remoteref) refs/heads/stable refs/remotes/stable [2ms]
2025-06-06 19:57:09.854 [info] > git config --local branch.stable.vscode-merge-base [1ms]
2025-06-06 19:57:09.858 [info] > git for-each-ref --format=%(refname)%00%(upstream:short)%00%(objectname)%00%(upstream:track)%00%(upstream:remotename)%00%(upstream:remoteref) refs/heads/origin/stable refs/remotes/origin/stable [1ms]
2025-06-06 19:57:10.354 [info] > git rev-parse --show-toplevel [0ms]
2025-06-06 19:57:10.358 [info] > git rev-parse --show-toplevel [1ms]
2025-06-06 19:57:10.361 [info] > git rev-parse --show-toplevel [1ms]
2025-06-06 19:57:10.364 [info] > git rev-parse --show-toplevel [0ms]
2025-06-06 19:57:10.368 [info] > git rev-parse --show-toplevel [1ms]
2025-06-06 19:57:10.371 [info] > git rev-parse --show-toplevel [0ms]
2025-06-06 19:57:10.373 [info] > git rev-parse --show-toplevel [0ms]
2025-06-06 19:57:10.376 [info] > git rev-parse --show-toplevel [0ms]
2025-06-06 19:57:10.379 [info] > git rev-parse --show-toplevel [0ms]
2025-06-06 19:57:14.856 [info] > git config --get commit.template [1ms]
2025-06-06 19:57:14.860 [info] > git for-each-ref --format=%(refname)%00%(upstream:short)%00%(objectname)%00%(upstream:track)%00%(upstream:remotename)%00%(upstream:remoteref) refs/heads/stable refs/remotes/stable [1ms]
2025-06-06 19:57:14.863 [warning] [Git][revParse] Unable to read file: ENOENT: no such file or directory, open '/home/caroulder/AFLplusplus/.git/refs/remotes/origin/stable'
2025-06-06 19:57:14.864 [info] > git rev-parse refs/remotes/origin/stable [1ms]
2025-06-06 19:57:14.872 [info] > git status -z -uall [6ms]
2025-06-06 19:57:14.878 [info] > git for-each-ref --format=%(refname)%00%(upstream:short)%00%(objectname)%00%(upstream:track)%00%(upstream:remotename)%00%(upstream:remoteref) refs/heads/stable refs/remotes/stable [2ms]
2025-06-06 19:57:14.882 [info] > git config --local branch.stable.vscode-merge-base [1ms]
2025-06-06 19:57:14.886 [info] > git for-each-ref --format=%(refname)%00%(upstream:short)%00%(objectname)%00%(upstream:track)%00%(upstream:remotename)%00%(upstream:remoteref) refs/heads/origin/stable refs/remotes/origin/stable [1ms]
2025-06-06 19:57:15.383 [info] > git rev-parse --show-toplevel [1ms]
2025-06-06 19:57:15.386 [info] > git rev-parse --show-toplevel [0ms]
2025-06-06 19:57:15.389 [info] > git rev-parse --show-toplevel [0ms]
2025-06-06 19:57:15.392 [info] > git rev-parse --show-toplevel [0ms]
2025-06-06 19:57:15.395 [info] > git rev-parse --show-toplevel [0ms]
2025-06-06 19:57:15.398 [info] > git rev-parse --show-toplevel [0ms]
2025-06-06 19:57:15.401 [info] > git rev-parse --show-toplevel [0ms]
2025-06-06 19:57:15.404 [info] > git rev-parse --show-toplevel [0ms]
2025-06-06 19:57:15.408 [info] > git rev-parse --show-toplevel [1ms]
2025-06-06 19:57:19.886 [info] > git config --get commit.template [4ms]
2025-06-06 19:57:19.886 [info] > git for-each-ref --format=%(refname)%00%(upstream:short)%00%(objectname)%00%(upstream:track)%00%(upstream:remotename)%00%(upstream:remoteref) refs/heads/stable refs/remotes/stable [0ms]
2025-06-06 19:57:19.889 [warning] [Git][revParse] Unable to read file: ENOENT: no such file or directory, open '/home/caroulder/AFLplusplus/.git/refs/remotes/origin/stable'
2025-06-06 19:57:19.890 [info] > git rev-parse refs/remotes/origin/stable [1ms]
2025-06-06 19:57:19.896 [info] > git status -z -uall [4ms]
2025-06-06 19:57:19.904 [info] > git for-each-ref --format=%(refname)%00%(upstream:short)%00%(objectname)%00%(upstream:track)%00%(upstream:remotename)%00%(upstream:remoteref) refs/heads/stable refs/remotes/stable [4ms]
2025-06-06 19:57:19.908 [info] > git config --local branch.stable.vscode-merge-base [1ms]
2025-06-06 19:57:19.912 [info] > git for-each-ref --format=%(refname)%00%(upstream:short)%00%(objectname)%00%(upstream:track)%00%(upstream:remotename)%00%(upstream:remoteref) refs/heads/origin/stable refs/remotes/origin/stable [1ms]
2025-06-06 19:57:20.406 [info] > git rev-parse --show-toplevel [1ms]
2025-06-06 19:57:20.409 [info] > git rev-parse --show-toplevel [0ms]
2025-06-06 19:57:20.412 [info] > git rev-parse --show-toplevel [0ms]
2025-06-06 19:57:20.415 [info] > git rev-parse --show-toplevel [0ms]
2025-06-06 19:57:20.418 [info] > git rev-parse --show-toplevel [0ms]
2025-06-06 19:57:20.421 [info] > git rev-parse --show-toplevel [0ms]
2025-06-06 19:57:20.424 [info] > git rev-parse --show-toplevel [0ms]
2025-06-06 19:57:20.427 [info] > git rev-parse --show-toplevel [1ms]
2025-06-06 19:57:20.429 [info] > git rev-parse --show-toplevel [0ms]
2025-06-06 19:57:24.909 [info] > git config --get commit.template [1ms]
2025-06-06 19:57:24.913 [info] > git for-each-ref --format=%(refname)%00%(upstream:short)%00%(objectname)%00%(upstream:track)%00%(upstream:remotename)%00%(upstream:remoteref) refs/heads/stable refs/remotes/stable [1ms]
2025-06-06 19:57:24.916 [warning] [Git][revParse] Unable to read file: ENOENT: no such file or directory, open '/home/caroulder/AFLplusplus/.git/refs/remotes/origin/stable'
2025-06-06 19:57:24.916 [info] > git rev-parse refs/remotes/origin/stable [0ms]
2025-06-06 19:57:24.923 [info] > git status -z -uall [4ms]
2025-06-06 19:57:24.928 [info] > git for-each-ref --format=%(refname)%00%(upstream:short)%00%(objectname)%00%(upstream:track)%00%(upstream:remotename)%00%(upstream:remoteref) refs/heads/stable refs/remotes/stable [1ms]
2025-06-06 19:57:24.933 [info] > git config --local branch.stable.vscode-merge-base [2ms]
2025-06-06 19:57:24.936 [info] > git for-each-ref --format=%(refname)%00%(upstream:short)%00%(objectname)%00%(upstream:track)%00%(upstream:remotename)%00%(upstream:remoteref) refs/heads/origin/stable refs/remotes/origin/stable [0ms]
2025-06-06 19:57:25.432 [info] > git rev-parse --show-toplevel [1ms]
2025-06-06 19:57:25.436 [info] > git rev-parse --show-toplevel [1ms]
2025-06-06 19:57:25.439 [info] > git rev-parse --show-toplevel [1ms]
2025-06-06 19:57:25.442 [info] > git rev-parse --show-toplevel [0ms]
2025-06-06 19:57:25.446 [info] > git rev-parse --show-toplevel [1ms]
2025-06-06 19:57:25.449 [info] > git rev-parse --show-toplevel [0ms]
2025-06-06 19:57:25.453 [info] > git rev-parse --show-toplevel [1ms]
2025-06-06 19:57:25.456 [info] > git rev-parse --show-toplevel [1ms]
2025-06-06 19:57:25.460 [info] > git rev-parse --show-toplevel [1ms]
2025-06-06 19:57:29.938 [info] > git config --get commit.template [4ms]
2025-06-06 19:57:29.938 [info] > git for-each-ref --format=%(refname)%00%(upstream:short)%00%(objectname)%00%(upstream:track)%00%(upstream:remotename)%00%(upstream:remoteref) refs/heads/stable refs/remotes/stable [1ms]
2025-06-06 19:57:29.940 [warning] [Git][revParse] Unable to read file: ENOENT: no such file or directory, open '/home/caroulder/AFLplusplus/.git/refs/remotes/origin/stable'
2025-06-06 19:57:29.941 [info] > git rev-parse refs/remotes/origin/stable [1ms]
2025-06-06 19:57:29.947 [info] > git status -z -uall [4ms]
2025-06-06 19:57:29.953 [info] > git for-each-ref --format=%(refname)%00%(upstream:short)%00%(objectname)%00%(upstream:track)%00%(upstream:remotename)%00%(upstream:remoteref) refs/heads/stable refs/remotes/stable [2ms]
2025-06-06 19:57:29.957 [info] > git config --local branch.stable.vscode-merge-base [1ms]
2025-06-06 19:57:29.961 [info] > git for-each-ref --format=%(refname)%00%(upstream:short)%00%(objectname)%00%(upstream:track)%00%(upstream:remotename)%00%(upstream:remoteref) refs/heads/origin/stable refs/remotes/origin/stable [1ms]
2025-06-06 19:57:30.457 [info] > git rev-parse --show-toplevel [1ms]
2025-06-06 19:57:30.461 [info] > git rev-parse --show-toplevel [1ms]
2025-06-06 19:57:30.463 [info] > git rev-parse --show-toplevel [0ms]
2025-06-06 19:57:30.467 [info] > git rev-parse --show-toplevel [1ms]
2025-06-06 19:57:30.470 [info] > git rev-parse --show-toplevel [1ms]
2025-06-06 19:57:30.473 [info] > git rev-parse --show-toplevel [1ms]
2025-06-06 19:57:30.475 [info] > git rev-parse --show-toplevel [0ms]
2025-06-06 19:57:30.478 [info] > git rev-parse --show-toplevel [1ms]
2025-06-06 19:57:30.481 [info] > git rev-parse --show-toplevel [1ms]
2025-06-06 19:57:34.961 [info] > git config --get commit.template [3ms]
2025-06-06 19:57:34.962 [info] > git for-each-ref --format=%(refname)%00%(upstream:short)%00%(objectname)%00%(upstream:track)%00%(upstream:remotename)%00%(upstream:remoteref) refs/heads/stable refs/remotes/stable [1ms]
2025-06-06 19:57:34.966 [warning] [Git][revParse] Unable to read file: ENOENT: no such file or directory, open '/home/caroulder/AFLplusplus/.git/refs/remotes/origin/stable'
2025-06-06 19:57:34.966 [info] > git rev-parse refs/remotes/origin/stable [0ms]
2025-06-06 19:57:34.973 [info] > git status -z -uall [4ms]
2025-06-06 19:57:34.978 [info] > git for-each-ref --format=%(refname)%00%(upstream:short)%00%(objectname)%00%(upstream:track)%00%(upstream:remotename)%00%(upstream:remoteref) refs/heads/stable refs/remotes/stable [1ms]
2025-06-06 19:57:34.982 [info] > git config --local branch.stable.vscode-merge-base [1ms]
2025-06-06 19:57:34.986 [info] > git for-each-ref --format=%(refname)%00%(upstream:short)%00%(objectname)%00%(upstream:track)%00%(upstream:remotename)%00%(upstream:remoteref) refs/heads/origin/stable refs/remotes/origin/stable [1ms]
2025-06-06 19:57:35.483 [info] > git rev-parse --show-toplevel [1ms]
2025-06-06 19:57:35.487 [info] > git rev-parse --show-toplevel [1ms]
2025-06-06 19:57:35.490 [info] > git rev-parse --show-toplevel [1ms]
2025-06-06 19:57:35.493 [info] > git rev-parse --show-toplevel [1ms]
2025-06-06 19:57:35.496 [info] > git rev-parse --show-toplevel [1ms]
2025-06-06 19:57:35.500 [info] > git rev-parse --show-toplevel [1ms]
2025-06-06 19:57:35.503 [info] > git rev-parse --show-toplevel [1ms]
2025-06-06 19:57:35.506 [info] > git rev-parse --show-toplevel [1ms]
2025-06-06 19:57:35.509 [info] > git rev-parse --show-toplevel [1ms]
2025-06-06 19:57:39.988 [info] > git config --get commit.template [4ms]
2025-06-06 19:57:39.988 [info] > git for-each-ref --format=%(refname)%00%(upstream:short)%00%(objectname)%00%(upstream:track)%00%(upstream:remotename)%00%(upstream:remoteref) refs/heads/stable refs/remotes/stable [1ms]
2025-06-06 19:57:39.991 [warning] [Git][revParse] Unable to read file: ENOENT: no such file or directory, open '/home/caroulder/AFLplusplus/.git/refs/remotes/origin/stable'
2025-06-06 19:57:39.992 [info] > git rev-parse refs/remotes/origin/stable [1ms]
2025-06-06 19:57:39.998 [info] > git status -z -uall [4ms]
2025-06-06 19:57:40.004 [info] > git for-each-ref --format=%(refname)%00%(upstream:short)%00%(objectname)%00%(upstream:track)%00%(upstream:remotename)%00%(upstream:remoteref) refs/heads/stable refs/remotes/stable [2ms]
2025-06-06 19:57:40.008 [info] > git config --local branch.stable.vscode-merge-base [1ms]
2025-06-06 19:57:40.012 [info] > git for-each-ref --format=%(refname)%00%(upstream:short)%00%(objectname)%00%(upstream:track)%00%(upstream:remotename)%00%(upstream:remoteref) refs/heads/origin/stable refs/remotes/origin/stable [1ms]
2025-06-06 19:57:40.507 [info] > git rev-parse --show-toplevel [0ms]
2025-06-06 19:57:40.511 [info] > git rev-parse --show-toplevel [1ms]
2025-06-06 19:57:40.514 [info] > git rev-parse --show-toplevel [1ms]
2025-06-06 19:57:40.517 [info] > git rev-parse --show-toplevel [0ms]
2025-06-06 19:57:40.520 [info] > git rev-parse --show-toplevel [0ms]
2025-06-06 19:57:40.523 [info] > git rev-parse --show-toplevel [0ms]
2025-06-06 19:57:40.527 [info] > git rev-parse --show-toplevel [1ms]
2025-06-06 19:57:40.530 [info] > git rev-parse --show-toplevel [1ms]
2025-06-06 19:57:40.533 [info] > git rev-parse --show-toplevel [1ms]
2025-06-06 19:57:45.013 [info] > git config --get commit.template [4ms]
2025-06-06 19:57:45.014 [info] > git for-each-ref --format=%(refname)%00%(upstream:short)%00%(objectname)%00%(upstream:track)%00%(upstream:remotename)%00%(upstream:remoteref) refs/heads/stable refs/remotes/stable [1ms]
2025-06-06 19:57:45.016 [warning] [Git][revParse] Unable to read file: ENOENT: no such file or directory, open '/home/caroulder/AFLplusplus/.git/refs/remotes/origin/stable'
2025-06-06 19:57:45.017 [info] > git rev-parse refs/remotes/origin/stable [1ms]
2025-06-06 19:57:45.023 [info] > git status -z -uall [4ms]
2025-06-06 19:57:45.029 [info] > git for-each-ref --format=%(refname)%00%(upstream:short)%00%(objectname)%00%(upstream:track)%00%(upstream:remotename)%00%(upstream:remoteref) refs/heads/stable refs/remotes/stable [2ms]
2025-06-06 19:57:45.033 [info] > git config --local branch.stable.vscode-merge-base [1ms]
2025-06-06 19:57:45.036 [info] > git for-each-ref --format=%(refname)%00%(upstream:short)%00%(objectname)%00%(upstream:track)%00%(upstream:remotename)%00%(upstream:remoteref) refs/heads/origin/stable refs/remotes/origin/stable [0ms]
2025-06-06 19:57:45.534 [info] > git rev-parse --show-toplevel [1ms]
2025-06-06 19:57:45.537 [info] > git rev-parse --show-toplevel [1ms]
2025-06-06 19:57:45.540 [info] > git rev-parse --show-toplevel [0ms]
2025-06-06 19:57:45.544 [info] > git rev-parse --show-toplevel [1ms]
2025-06-06 19:57:45.547 [info] > git rev-parse --show-toplevel [1ms]
2025-06-06 19:57:45.550 [info] > git rev-parse --show-toplevel [1ms]
2025-06-06 19:57:45.552 [info] > git rev-parse --show-toplevel [0ms]
2025-06-06 19:57:45.555 [info] > git rev-parse --show-toplevel [0ms]
2025-06-06 19:57:45.558 [info] > git rev-parse --show-toplevel [1ms]
2025-06-06 19:57:50.036 [info] > git config --get commit.template [1ms]
2025-06-06 19:57:50.040 [info] > git for-each-ref --format=%(refname)%00%(upstream:short)%00%(objectname)%00%(upstream:track)%00%(upstream:remotename)%00%(upstream:remoteref) refs/heads/stable refs/remotes/stable [1ms]
2025-06-06 19:57:50.043 [warning] [Git][revParse] Unable to read file: ENOENT: no such file or directory, open '/home/caroulder/AFLplusplus/.git/refs/remotes/origin/stable'
2025-06-06 19:57:50.044 [info] > git rev-parse refs/remotes/origin/stable [1ms]
2025-06-06 19:57:50.050 [info] > git status -z -uall [4ms]
2025-06-06 19:57:50.057 [info] > git for-each-ref --format=%(refname)%00%(upstream:short)%00%(objectname)%00%(upstream:track)%00%(upstream:remotename)%00%(upstream:remoteref) refs/heads/stable refs/remotes/stable [3ms]
2025-06-06 19:57:50.061 [info] > git config --local branch.stable.vscode-merge-base [1ms]
2025-06-06 19:57:50.065 [info] > git for-each-ref --format=%(refname)%00%(upstream:short)%00%(objectname)%00%(upstream:track)%00%(upstream:remotename)%00%(upstream:remoteref) refs/heads/origin/stable refs/remotes/origin/stable [1ms]
2025-06-06 19:57:50.561 [info] > git rev-parse --show-toplevel [1ms]
2025-06-06 19:57:50.564 [info] > git rev-parse --show-toplevel [0ms]
2025-06-06 19:57:50.568 [info] > git rev-parse --show-toplevel [1ms]
2025-06-06 19:57:50.570 [info] > git rev-parse --show-toplevel [0ms]
2025-06-06 19:57:50.573 [info] > git rev-parse --show-toplevel [0ms]
2025-06-06 19:57:50.578 [info] > git rev-parse --show-toplevel [2ms]
2025-06-06 19:57:50.581 [info] > git rev-parse --show-toplevel [0ms]
2025-06-06 19:57:50.584 [info] > git rev-parse --show-toplevel [0ms]
2025-06-06 19:57:50.587 [info] > git rev-parse --show-toplevel [0ms]
2025-06-06 19:57:55.063 [info] > git config --get commit.template [1ms]
2025-06-06 19:57:55.068 [info] > git for-each-ref --format=%(refname)%00%(upstream:short)%00%(objectname)%00%(upstream:track)%00%(upstream:remotename)%00%(upstream:remoteref) refs/heads/stable refs/remotes/stable [0ms]
2025-06-06 19:57:55.070 [warning] [Git][revParse] Unable to read file: ENOENT: no such file or directory, open '/home/caroulder/AFLplusplus/.git/refs/remotes/origin/stable'
2025-06-06 19:57:55.071 [info] > git rev-parse refs/remotes/origin/stable [1ms]
2025-06-06 19:57:55.077 [info] > git status -z -uall [4ms]
2025-06-06 19:57:55.083 [info] > git for-each-ref --format=%(refname)%00%(upstream:short)%00%(objectname)%00%(upstream:track)%00%(upstream:remotename)%00%(upstream:remoteref) refs/heads/stable refs/remotes/stable [2ms]
2025-06-06 19:57:55.087 [info] > git config --local branch.stable.vscode-merge-base [1ms]
2025-06-06 19:57:55.091 [info] > git for-each-ref --format=%(refname)%00%(upstream:short)%00%(objectname)%00%(upstream:track)%00%(upstream:remotename)%00%(upstream:remoteref) refs/heads/origin/stable refs/remotes/origin/stable [1ms]
2025-06-06 19:57:55.586 [info] > git rev-parse --show-toplevel [0ms]
2025-06-06 19:57:55.590 [info] > git rev-parse --show-toplevel [1ms]
2025-06-06 19:57:55.592 [info] > git rev-parse --show-toplevel [0ms]
2025-06-06 19:57:55.595 [info] > git rev-parse --show-toplevel [0ms]
2025-06-06 19:57:55.598 [info] > git rev-parse --show-toplevel [0ms]
2025-06-06 19:57:55.601 [info] > git rev-parse --show-toplevel [1ms]
2025-06-06 19:57:55.603 [info] > git rev-parse --show-toplevel [0ms]
2025-06-06 19:57:55.606 [info] > git rev-parse --show-toplevel [1ms]
2025-06-06 19:57:55.608 [info] > git rev-parse --show-toplevel [0ms]
2025-06-06 19:58:00.093 [info] > git config --get commit.template [4ms]
2025-06-06 19:58:00.094 [info] > git for-each-ref --format=%(refname)%00%(upstream:short)%00%(objectname)%00%(upstream:track)%00%(upstream:remotename)%00%(upstream:remoteref) refs/heads/stable refs/remotes/stable [1ms]
2025-06-06 19:58:00.097 [warning] [Git][revParse] Unable to read file: ENOENT: no such file or directory, open '/home/caroulder/AFLplusplus/.git/refs/remotes/origin/stable'
2025-06-06 19:58:00.098 [info] > git rev-parse refs/remotes/origin/stable [1ms]
2025-06-06 19:58:00.105 [info] > git status -z -uall [5ms]
2025-06-06 19:58:00.112 [info] > git for-each-ref --format=%(refname)%00%(upstream:short)%00%(objectname)%00%(upstream:track)%00%(upstream:remotename)%00%(upstream:remoteref) refs/heads/stable refs/remotes/stable [3ms]
2025-06-06 19:58:00.117 [info] > git config --local branch.stable.vscode-merge-base [1ms]
2025-06-06 19:58:00.121 [info] > git for-each-ref --format=%(refname)%00%(upstream:short)%00%(objectname)%00%(upstream:track)%00%(upstream:remotename)%00%(upstream:remoteref) refs/heads/origin/stable refs/remotes/origin/stable [0ms]
2025-06-06 19:58:00.616 [info] > git rev-parse --show-toplevel [1ms]
2025-06-06 19:58:00.620 [info] > git rev-parse --show-toplevel [1ms]
2025-06-06 19:58:00.623 [info] > git rev-parse --show-toplevel [1ms]
2025-06-06 19:58:00.626 [info] > git rev-parse --show-toplevel [1ms]
2025-06-06 19:58:00.629 [info] > git rev-parse --show-toplevel [1ms]
2025-06-06 19:58:00.631 [info] > git rev-parse --show-toplevel [0ms]
2025-06-06 19:58:00.634 [info] > git rev-parse --show-toplevel [0ms]
2025-06-06 19:58:00.638 [info] > git rev-parse --show-toplevel [1ms]
2025-06-06 19:58:00.641 [info] > git rev-parse --show-toplevel [1ms]
2025-06-06 19:58:05.120 [info] > git config --get commit.template [4ms]
2025-06-06 19:58:05.120 [info] > git for-each-ref --format=%(refname)%00%(upstream:short)%00%(objectname)%00%(upstream:track)%00%(upstream:remotename)%00%(upstream:remoteref) refs/heads/stable refs/remotes/stable [1ms]
2025-06-06 19:58:05.123 [warning] [Git][revParse] Unable to read file: ENOENT: no such file or directory, open '/home/caroulder/AFLplusplus/.git/refs/remotes/origin/stable'
2025-06-06 19:58:05.124 [info] > git rev-parse refs/remotes/origin/stable [1ms]
2025-06-06 19:58:05.131 [info] > git status -z -uall [5ms]
2025-06-06 19:58:05.136 [info] > git for-each-ref --format=%(refname)%00%(upstream:short)%00%(objectname)%00%(upstream:track)%00%(upstream:remotename)%00%(upstream:remoteref) refs/heads/stable refs/remotes/stable [1ms]
2025-06-06 19:58:05.142 [info] > git config --local branch.stable.vscode-merge-base [2ms]
2025-06-06 19:58:05.146 [info] > git for-each-ref --format=%(refname)%00%(upstream:short)%00%(objectname)%00%(upstream:track)%00%(upstream:remotename)%00%(upstream:remoteref) refs/heads/origin/stable refs/remotes/origin/stable [1ms]
2025-06-06 19:58:05.642 [info] > git rev-parse --show-toplevel [1ms]
2025-06-06 19:58:05.645 [info] > git rev-parse --show-toplevel [0ms]
2025-06-06 19:58:05.649 [info] > git rev-parse --show-toplevel [1ms]
2025-06-06 19:58:05.652 [info] > git rev-parse --show-toplevel [1ms]
2025-06-06 19:58:05.655 [info] > git rev-parse --show-toplevel [1ms]
2025-06-06 19:58:05.658 [info] > git rev-parse --show-toplevel [1ms]
2025-06-06 19:58:05.660 [info] > git rev-parse --show-toplevel [0ms]
2025-06-06 19:58:05.663 [info] > git rev-parse --show-toplevel [0ms]
2025-06-06 19:58:05.666 [info] > git rev-parse --show-toplevel [0ms]
2025-06-06 19:58:10.144 [info] > git config --get commit.template [2ms]
2025-06-06 19:58:10.148 [info] > git for-each-ref --format=%(refname)%00%(upstream:short)%00%(objectname)%00%(upstream:track)%00%(upstream:remotename)%00%(upstream:remoteref) refs/heads/stable refs/remotes/stable [1ms]
2025-06-06 19:58:10.150 [warning] [Git][revParse] Unable to read file: ENOENT: no such file or directory, open '/home/caroulder/AFLplusplus/.git/refs/remotes/origin/stable'
2025-06-06 19:58:10.151 [info] > git rev-parse refs/remotes/origin/stable [1ms]
2025-06-06 19:58:10.157 [info] > git status -z -uall [4ms]
2025-06-06 19:58:10.162 [info] > git for-each-ref --format=%(refname)%00%(upstream:short)%00%(objectname)%00%(upstream:track)%00%(upstream:remotename)%00%(upstream:remoteref) refs/heads/stable refs/remotes/stable [2ms]
2025-06-06 19:58:10.166 [info] > git config --local branch.stable.vscode-merge-base [1ms]
2025-06-06 19:58:10.170 [info] > git for-each-ref --format=%(refname)%00%(upstream:short)%00%(objectname)%00%(upstream:track)%00%(upstream:remotename)%00%(upstream:remoteref) refs/heads/origin/stable refs/remotes/origin/stable [1ms]
2025-06-06 19:58:10.667 [info] > git rev-parse --show-toplevel [1ms]
2025-06-06 19:58:10.670 [info] > git rev-parse --show-toplevel [0ms]
2025-06-06 19:58:10.673 [info] > git rev-parse --show-toplevel [0ms]
2025-06-06 19:58:10.676 [info] > git rev-parse --show-toplevel [0ms]
2025-06-06 19:58:10.681 [info] > git rev-parse --show-toplevel [0ms]
2025-06-06 19:58:10.685 [info] > git rev-parse --show-toplevel [1ms]
2025-06-06 19:58:10.688 [info] > git rev-parse --show-toplevel [1ms]
2025-06-06 19:58:10.691 [info] > git rev-parse --show-toplevel [1ms]
2025-06-06 19:58:10.693 [info] > git rev-parse --show-toplevel [0ms]
2025-06-06 19:58:15.172 [info] > git config --get commit.template [4ms]
2025-06-06 19:58:15.172 [info] > git for-each-ref --format=%(refname)%00%(upstream:short)%00%(objectname)%00%(upstream:track)%00%(upstream:remotename)%00%(upstream:remoteref) refs/heads/stable refs/remotes/stable [0ms]
2025-06-06 19:58:15.175 [warning] [Git][revParse] Unable to read file: ENOENT: no such file or directory, open '/home/caroulder/AFLplusplus/.git/refs/remotes/origin/stable'
2025-06-06 19:58:15.175 [info] > git rev-parse refs/remotes/origin/stable [0ms]
2025-06-06 19:58:15.182 [info] > git status -z -uall [4ms]
2025-06-06 19:58:15.189 [info] > git for-each-ref --format=%(refname)%00%(upstream:short)%00%(objectname)%00%(upstream:track)%00%(upstream:remotename)%00%(upstream:remoteref) refs/heads/stable refs/remotes/stable [2ms]
2025-06-06 19:58:15.194 [info] > git config --local branch.stable.vscode-merge-base [1ms]
2025-06-06 19:58:15.198 [info] > git for-each-ref --format=%(refname)%00%(upstream:short)%00%(objectname)%00%(upstream:track)%00%(upstream:remotename)%00%(upstream:remoteref) refs/heads/origin/stable refs/remotes/origin/stable [1ms]
2025-06-06 19:58:15.692 [info] > git rev-parse --show-toplevel [0ms]
2025-06-06 19:58:15.696 [info] > git rev-parse --show-toplevel [1ms]
2025-06-06 19:58:15.699 [info] > git rev-parse --show-toplevel [1ms]
2025-06-06 19:58:15.701 [info] > git rev-parse --show-toplevel [0ms]
2025-06-06 19:58:15.704 [info] > git rev-parse --show-toplevel [1ms]
2025-06-06 19:58:15.707 [info] > git rev-parse --show-toplevel [1ms]
2025-06-06 19:58:15.709 [info] > git rev-parse --show-toplevel [0ms]
2025-06-06 19:58:15.712 [info] > git rev-parse --show-toplevel [1ms]
2025-06-06 19:58:15.714 [info] > git rev-parse --show-toplevel [0ms]
2025-06-06 19:58:20.197 [info] > git config --get commit.template [3ms]
2025-06-06 19:58:20.198 [info] > git for-each-ref --format=%(refname)%00%(upstream:short)%00%(objectname)%00%(upstream:track)%00%(upstream:remotename)%00%(upstream:remoteref) refs/heads/stable refs/remotes/stable [1ms]
2025-06-06 19:58:20.201 [warning] [Git][revParse] Unable to read file: ENOENT: no such file or directory, open '/home/caroulder/AFLplusplus/.git/refs/remotes/origin/stable'
2025-06-06 19:58:20.201 [info] > git rev-parse refs/remotes/origin/stable [1ms]
2025-06-06 19:58:20.207 [info] > git status -z -uall [4ms]
2025-06-06 19:58:20.213 [info] > git for-each-ref --format=%(refname)%00%(upstream:short)%00%(objectname)%00%(upstream:track)%00%(upstream:remotename)%00%(upstream:remoteref) refs/heads/stable refs/remotes/stable [2ms]
2025-06-06 19:58:20.217 [info] > git config --local branch.stable.vscode-merge-base [1ms]
2025-06-06 19:58:20.221 [info] > git for-each-ref --format=%(refname)%00%(upstream:short)%00%(objectname)%00%(upstream:track)%00%(upstream:remotename)%00%(upstream:remoteref) refs/heads/origin/stable refs/remotes/origin/stable [1ms]
2025-06-06 19:58:20.718 [info] > git rev-parse --show-toplevel [1ms]
2025-06-06 19:58:20.725 [info] > git rev-parse --show-toplevel [1ms]
2025-06-06 19:58:20.730 [info] > git rev-parse --show-toplevel [2ms]
2025-06-06 19:58:20.733 [info] > git rev-parse --show-toplevel [0ms]
2025-06-06 19:58:20.736 [info] > git rev-parse --show-toplevel [1ms]
2025-06-06 19:58:20.739 [info] > git rev-parse --show-toplevel [1ms]
2025-06-06 19:58:20.742 [info] > git rev-parse --show-toplevel [1ms]
2025-06-06 19:58:20.744 [info] > git rev-parse --show-toplevel [0ms]
2025-06-06 19:58:20.747 [info] > git rev-parse --show-toplevel [0ms]
2025-06-06 19:58:25.222 [info] > git config --get commit.template [4ms]
2025-06-06 19:58:25.222 [info] > git for-each-ref --format=%(refname)%00%(upstream:short)%00%(objectname)%00%(upstream:track)%00%(upstream:remotename)%00%(upstream:remoteref) refs/heads/stable refs/remotes/stable [1ms]
2025-06-06 19:58:25.225 [warning] [Git][revParse] Unable to read file: ENOENT: no such file or directory, open '/home/caroulder/AFLplusplus/.git/refs/remotes/origin/stable'
2025-06-06 19:58:25.225 [info] > git rev-parse refs/remotes/origin/stable [0ms]
2025-06-06 19:58:25.232 [info] > git status -z -uall [4ms]
2025-06-06 19:58:25.237 [info] > git for-each-ref --format=%(refname)%00%(upstream:short)%00%(objectname)%00%(upstream:track)%00%(upstream:remotename)%00%(upstream:remoteref) refs/heads/stable refs/remotes/stable [2ms]
2025-06-06 19:58:25.242 [info] > git config --local branch.stable.vscode-merge-base [1ms]
2025-06-06 19:58:25.245 [info] > git for-each-ref --format=%(refname)%00%(upstream:short)%00%(objectname)%00%(upstream:track)%00%(upstream:remotename)%00%(upstream:remoteref) refs/heads/origin/stable refs/remotes/origin/stable [1ms]
2025-06-06 19:58:25.740 [info] > git rev-parse --show-toplevel [0ms]
2025-06-06 19:58:25.744 [info] > git rev-parse --show-toplevel [0ms]
2025-06-06 19:58:25.747 [info] > git rev-parse --show-toplevel [0ms]
2025-06-06 19:58:25.750 [info] > git rev-parse --show-toplevel [1ms]
2025-06-06 19:58:25.753 [info] > git rev-parse --show-toplevel [1ms]
2025-06-06 19:58:25.756 [info] > git rev-parse --show-toplevel [1ms]
2025-06-06 19:58:25.758 [info] > git rev-parse --show-toplevel [0ms]
2025-06-06 19:58:25.761 [info] > git rev-parse --show-toplevel [1ms]
2025-06-06 19:58:25.764 [info] > git rev-parse --show-toplevel [1ms]
2025-06-06 19:58:30.244 [info] > git config --get commit.template [1ms]
2025-06-06 19:58:30.247 [info] > git for-each-ref --format=%(refname)%00%(upstream:short)%00%(objectname)%00%(upstream:track)%00%(upstream:remotename)%00%(upstream:remoteref) refs/heads/stable refs/remotes/stable [1ms]
2025-06-06 19:58:30.250 [warning] [Git][revParse] Unable to read file: ENOENT: no such file or directory, open '/home/caroulder/AFLplusplus/.git/refs/remotes/origin/stable'
2025-06-06 19:58:30.251 [info] > git rev-parse refs/remotes/origin/stable [1ms]
2025-06-06 19:58:30.258 [info] > git status -z -uall [4ms]
2025-06-06 19:58:30.264 [info] > git for-each-ref --format=%(refname)%00%(upstream:short)%00%(objectname)%00%(upstream:track)%00%(upstream:remotename)%00%(upstream:remoteref) refs/heads/stable refs/remotes/stable [2ms]
2025-06-06 19:58:30.267 [info] > git config --local branch.stable.vscode-merge-base [1ms]
2025-06-06 19:58:30.271 [info] > git for-each-ref --format=%(refname)%00%(upstream:short)%00%(objectname)%00%(upstream:track)%00%(upstream:remotename)%00%(upstream:remoteref) refs/heads/origin/stable refs/remotes/origin/stable [1ms]
2025-06-06 19:58:30.771 [info] > git rev-parse --show-toplevel [1ms]
2025-06-06 19:58:30.774 [info] > git rev-parse --show-toplevel [0ms]
2025-06-06 19:58:30.777 [info] > git rev-parse --show-toplevel [1ms]
2025-06-06 19:58:30.779 [info] > git rev-parse --show-toplevel [0ms]
2025-06-06 19:58:30.781 [info] > git rev-parse --show-toplevel [0ms]
2025-06-06 19:58:30.784 [info] > git rev-parse --show-toplevel [1ms]
2025-06-06 19:58:30.786 [info] > git rev-parse --show-toplevel [0ms]
2025-06-06 19:58:30.788 [info] > git rev-parse --show-toplevel [0ms]
2025-06-06 19:58:30.793 [info] > git rev-parse --show-toplevel [1ms]
2025-06-06 19:58:35.272 [info] > git config --get commit.template [3ms]
2025-06-06 19:58:35.273 [info] > git for-each-ref --format=%(refname)%00%(upstream:short)%00%(objectname)%00%(upstream:track)%00%(upstream:remotename)%00%(upstream:remoteref) refs/heads/stable refs/remotes/stable [1ms]
2025-06-06 19:58:35.275 [warning] [Git][revParse] Unable to read file: ENOENT: no such file or directory, open '/home/caroulder/AFLplusplus/.git/refs/remotes/origin/stable'
2025-06-06 19:58:35.276 [info] > git rev-parse refs/remotes/origin/stable [1ms]
2025-06-06 19:58:35.283 [info] > git status -z -uall [4ms]
2025-06-06 19:58:35.288 [info] > git for-each-ref --format=%(refname)%00%(upstream:short)%00%(objectname)%00%(upstream:track)%00%(upstream:remotename)%00%(upstream:remoteref) refs/heads/stable refs/remotes/stable [1ms]
2025-06-06 19:58:35.293 [info] > git config --local branch.stable.vscode-merge-base [1ms]
2025-06-06 19:58:35.297 [info] > git for-each-ref --format=%(refname)%00%(upstream:short)%00%(objectname)%00%(upstream:track)%00%(upstream:remotename)%00%(upstream:remoteref) refs/heads/origin/stable refs/remotes/origin/stable [1ms]
2025-06-06 19:58:35.796 [info] > git rev-parse --show-toplevel [1ms]
2025-06-06 19:58:35.799 [info] > git rev-parse --show-toplevel [0ms]
2025-06-06 19:58:35.802 [info] > git rev-parse --show-toplevel [0ms]
2025-06-06 19:58:35.805 [info] > git rev-parse --show-toplevel [0ms]
2025-06-06 19:58:35.808 [info] > git rev-parse --show-toplevel [0ms]
2025-06-06 19:58:35.811 [info] > git rev-parse --show-toplevel [1ms]
2025-06-06 19:58:35.814 [info] > git rev-parse --show-toplevel [1ms]
2025-06-06 19:58:35.817 [info] > git rev-parse --show-toplevel [1ms]
2025-06-06 19:58:35.820 [info] > git rev-parse --show-toplevel [0ms]
2025-06-06 19:58:40.298 [info] > git config --get commit.template [3ms]
2025-06-06 19:58:40.299 [info] > git for-each-ref --format=%(refname)%00%(upstream:short)%00%(objectname)%00%(upstream:track)%00%(upstream:remotename)%00%(upstream:remoteref) refs/heads/stable refs/remotes/stable [1ms]
2025-06-06 19:58:40.301 [warning] [Git][revParse] Unable to read file: ENOENT: no such file or directory, open '/home/caroulder/AFLplusplus/.git/refs/remotes/origin/stable'
2025-06-06 19:58:40.302 [info] > git rev-parse refs/remotes/origin/stable [1ms]
2025-06-06 19:58:40.308 [info] > git status -z -uall [4ms]
2025-06-06 19:58:40.313 [info] > git for-each-ref --format=%(refname)%00%(upstream:short)%00%(objectname)%00%(upstream:track)%00%(upstream:remotename)%00%(upstream:remoteref) refs/heads/stable refs/remotes/stable [2ms]
2025-06-06 19:58:40.318 [info] > git config --local branch.stable.vscode-merge-base [1ms]
2025-06-06 19:58:40.321 [info] > git for-each-ref --format=%(refname)%00%(upstream:short)%00%(objectname)%00%(upstream:track)%00%(upstream:remotename)%00%(upstream:remoteref) refs/heads/origin/stable refs/remotes/origin/stable [0ms]
2025-06-06 19:58:40.818 [info] > git rev-parse --show-toplevel [1ms]
2025-06-06 19:58:40.822 [info] > git rev-parse --show-toplevel [0ms]
2025-06-06 19:58:40.825 [info] > git rev-parse --show-toplevel [0ms]
2025-06-06 19:58:40.827 [info] > git rev-parse --show-toplevel [0ms]
2025-06-06 19:58:40.830 [info] > git rev-parse --show-toplevel [0ms]
2025-06-06 19:58:40.834 [info] > git rev-parse --show-toplevel [1ms]
2025-06-06 19:58:40.836 [info] > git rev-parse --show-toplevel [0ms]
2025-06-06 19:58:40.839 [info] > git rev-parse --show-toplevel [0ms]
2025-06-06 19:58:40.842 [info] > git rev-parse --show-toplevel [0ms]
2025-06-06 19:58:45.323 [info] > git config --get commit.template [4ms]
2025-06-06 19:58:45.323 [info] > git for-each-ref --format=%(refname)%00%(upstream:short)%00%(objectname)%00%(upstream:track)%00%(upstream:remotename)%00%(upstream:remoteref) refs/heads/stable refs/remotes/stable [0ms]
2025-06-06 19:58:45.326 [warning] [Git][revParse] Unable to read file: ENOENT: no such file or directory, open '/home/caroulder/AFLplusplus/.git/refs/remotes/origin/stable'
2025-06-06 19:58:45.327 [info] > git rev-parse refs/remotes/origin/stable [1ms]
2025-06-06 19:58:45.333 [info] > git status -z -uall [4ms]
2025-06-06 19:58:45.340 [info] > git for-each-ref --format=%(refname)%00%(upstream:short)%00%(objectname)%00%(upstream:track)%00%(upstream:remotename)%00%(upstream:remoteref) refs/heads/stable refs/remotes/stable [2ms]
2025-06-06 19:58:45.344 [info] > git config --local branch.stable.vscode-merge-base [1ms]
2025-06-06 19:58:45.347 [info] > git for-each-ref --format=%(refname)%00%(upstream:short)%00%(objectname)%00%(upstream:track)%00%(upstream:remotename)%00%(upstream:remoteref) refs/heads/origin/stable refs/remotes/origin/stable [0ms]
2025-06-06 19:58:45.846 [info] > git rev-parse --show-toplevel [1ms]
2025-06-06 19:58:45.850 [info] > git rev-parse --show-toplevel [0ms]
2025-06-06 19:58:45.854 [info] > git rev-parse --show-toplevel [1ms]
2025-06-06 19:58:45.856 [info] > git rev-parse --show-toplevel [0ms]
2025-06-06 19:58:45.859 [info] > git rev-parse --show-toplevel [0ms]
2025-06-06 19:58:45.861 [info] > git rev-parse --show-toplevel [0ms]
2025-06-06 19:58:45.864 [info] > git rev-parse --show-toplevel [0ms]
2025-06-06 19:58:45.867 [info] > git rev-parse --show-toplevel [1ms]
2025-06-06 19:58:45.869 [info] > git rev-parse --show-toplevel [0ms]
2025-06-06 19:58:50.346 [info] > git config --get commit.template [1ms]
2025-06-06 19:58:50.350 [info] > git for-each-ref --format=%(refname)%00%(upstream:short)%00%(objectname)%00%(upstream:track)%00%(upstream:remotename)%00%(upstream:remoteref) refs/heads/stable refs/remotes/stable [1ms]
2025-06-06 19:58:50.353 [warning] [Git][revParse] Unable to read file: ENOENT: no such file or directory, open '/home/caroulder/AFLplusplus/.git/refs/remotes/origin/stable'
2025-06-06 19:58:50.354 [info] > git rev-parse refs/remotes/origin/stable [1ms]
2025-06-06 19:58:50.360 [info] > git status -z -uall [4ms]
2025-06-06 19:58:50.365 [info] > git for-each-ref --format=%(refname)%00%(upstream:short)%00%(objectname)%00%(upstream:track)%00%(upstream:remotename)%00%(upstream:remoteref) refs/heads/stable refs/remotes/stable [1ms]
2025-06-06 19:58:50.370 [info] > git config --local branch.stable.vscode-merge-base [1ms]
2025-06-06 19:58:50.373 [info] > git for-each-ref --format=%(refname)%00%(upstream:short)%00%(objectname)%00%(upstream:track)%00%(upstream:remotename)%00%(upstream:remoteref) refs/heads/origin/stable refs/remotes/origin/stable [1ms]
2025-06-06 19:58:50.871 [info] > git rev-parse --show-toplevel [1ms]
2025-06-06 19:58:50.875 [info] > git rev-parse --show-toplevel [1ms]
2025-06-06 19:58:50.878 [info] > git rev-parse --show-toplevel [1ms]
2025-06-06 19:58:50.880 [info] > git rev-parse --show-toplevel [0ms]
2025-06-06 19:58:50.883 [info] > git rev-parse --show-toplevel [1ms]
2025-06-06 19:58:50.885 [info] > git rev-parse --show-toplevel [0ms]
2025-06-06 19:58:50.888 [info] > git rev-parse --show-toplevel [0ms]
2025-06-06 19:58:50.891 [info] > git rev-parse --show-toplevel [1ms]
2025-06-06 19:58:50.894 [info] > git rev-parse --show-toplevel [1ms]
2025-06-06 19:58:55.374 [info] > git config --get commit.template [3ms]
2025-06-06 19:58:55.375 [info] > git for-each-ref --format=%(refname)%00%(upstream:short)%00%(objectname)%00%(upstream:track)%00%(upstream:remotename)%00%(upstream:remoteref) refs/heads/stable refs/remotes/stable [1ms]
2025-06-06 19:58:55.377 [warning] [Git][revParse] Unable to read file: ENOENT: no such file or directory, open '/home/caroulder/AFLplusplus/.git/refs/remotes/origin/stable'
2025-06-06 19:58:55.378 [info] > git rev-parse refs/remotes/origin/stable [1ms]
2025-06-06 19:58:55.385 [info] > git status -z -uall [5ms]
2025-06-06 19:58:55.391 [info] > git for-each-ref --format=%(refname)%00%(upstream:short)%00%(objectname)%00%(upstream:track)%00%(upstream:remotename)%00%(upstream:remoteref) refs/heads/stable refs/remotes/stable [3ms]
2025-06-06 19:58:55.395 [info] > git config --local branch.stable.vscode-merge-base [1ms]
2025-06-06 19:58:55.399 [info] > git for-each-ref --format=%(refname)%00%(upstream:short)%00%(objectname)%00%(upstream:track)%00%(upstream:remotename)%00%(upstream:remoteref) refs/heads/origin/stable refs/remotes/origin/stable [1ms]
2025-06-06 19:58:55.898 [info] > git rev-parse --show-toplevel [1ms]
2025-06-06 19:58:55.902 [info] > git rev-parse --show-toplevel [0ms]
2025-06-06 19:58:55.906 [info] > git rev-parse --show-toplevel [1ms]
2025-06-06 19:58:55.909 [info] > git rev-parse --show-toplevel [0ms]
2025-06-06 19:58:55.912 [info] > git rev-parse --show-toplevel [0ms]
2025-06-06 19:58:55.915 [info] > git rev-parse --show-toplevel [1ms]
2025-06-06 19:58:55.918 [info] > git rev-parse --show-toplevel [0ms]
2025-06-06 19:58:55.920 [info] > git rev-parse --show-toplevel [0ms]
2025-06-06 19:58:55.923 [info] > git rev-parse --show-toplevel [0ms]
2025-06-06 19:59:00.398 [info] > git config --get commit.template [4ms]
2025-06-06 19:59:00.399 [info] > git for-each-ref --format=%(refname)%00%(upstream:short)%00%(objectname)%00%(upstream:track)%00%(upstream:remotename)%00%(upstream:remoteref) refs/heads/stable refs/remotes/stable [1ms]
2025-06-06 19:59:00.402 [warning] [Git][revParse] Unable to read file: ENOENT: no such file or directory, open '/home/caroulder/AFLplusplus/.git/refs/remotes/origin/stable'
2025-06-06 19:59:00.402 [info] > git rev-parse refs/remotes/origin/stable [1ms]
2025-06-06 19:59:00.408 [info] > git status -z -uall [4ms]
2025-06-06 19:59:00.414 [info] > git for-each-ref --format=%(refname)%00%(upstream:short)%00%(objectname)%00%(upstream:track)%00%(upstream:remotename)%00%(upstream:remoteref) refs/heads/stable refs/remotes/stable [2ms]
2025-06-06 19:59:00.420 [info] > git config --local branch.stable.vscode-merge-base [3ms]
2025-06-06 19:59:00.425 [info] > git for-each-ref --format=%(refname)%00%(upstream:short)%00%(objectname)%00%(upstream:track)%00%(upstream:remotename)%00%(upstream:remoteref) refs/heads/origin/stable refs/remotes/origin/stable [1ms]
2025-06-06 19:59:00.924 [info] > git rev-parse --show-toplevel [2ms]
2025-06-06 19:59:00.928 [info] > git rev-parse --show-toplevel [0ms]
2025-06-06 19:59:00.931 [info] > git rev-parse --show-toplevel [0ms]
2025-06-06 19:59:00.934 [info] > git rev-parse --show-toplevel [1ms]
2025-06-06 19:59:00.937 [info] > git rev-parse --show-toplevel [0ms]
2025-06-06 19:59:00.940 [info] > git rev-parse --show-toplevel [1ms]
2025-06-06 19:59:00.942 [info] > git rev-parse --show-toplevel [0ms]
2025-06-06 19:59:00.945 [info] > git rev-parse --show-toplevel [0ms]
2025-06-06 19:59:00.948 [info] > git rev-parse --show-toplevel [0ms]
2025-06-06 19:59:05.423 [info] > git config --get commit.template [3ms]
2025-06-06 19:59:05.424 [info] > git for-each-ref --format=%(refname)%00%(upstream:short)%00%(objectname)%00%(upstream:track)%00%(upstream:remotename)%00%(upstream:remoteref) refs/heads/stable refs/remotes/stable [0ms]
2025-06-06 19:59:05.426 [warning] [Git][revParse] Unable to read file: ENOENT: no such file or directory, open '/home/caroulder/AFLplusplus/.git/refs/remotes/origin/stable'
2025-06-06 19:59:05.426 [info] > git rev-parse refs/remotes/origin/stable [0ms]
2025-06-06 19:59:05.433 [info] > git status -z -uall [4ms]
2025-06-06 19:59:05.439 [info] > git for-each-ref --format=%(refname)%00%(upstream:short)%00%(objectname)%00%(upstream:track)%00%(upstream:remotename)%00%(upstream:remoteref) refs/heads/stable refs/remotes/stable [2ms]
2025-06-06 19:59:05.443 [info] > git config --local branch.stable.vscode-merge-base [1ms]
2025-06-06 19:59:05.446 [info] > git for-each-ref --format=%(refname)%00%(upstream:short)%00%(objectname)%00%(upstream:track)%00%(upstream:remotename)%00%(upstream:remoteref) refs/heads/origin/stable refs/remotes/origin/stable [1ms]
2025-06-06 19:59:05.942 [info] > git rev-parse --show-toplevel [0ms]
2025-06-06 19:59:05.945 [info] > git rev-parse --show-toplevel [1ms]
2025-06-06 19:59:05.948 [info] > git rev-parse --show-toplevel [1ms]
2025-06-06 19:59:05.951 [info] > git rev-parse --show-toplevel [1ms]
2025-06-06 19:59:05.953 [info] > git rev-parse --show-toplevel [0ms]
2025-06-06 19:59:05.956 [info] > git rev-parse --show-toplevel [0ms]
2025-06-06 19:59:05.959 [info] > git rev-parse --show-toplevel [1ms]
2025-06-06 19:59:05.961 [info] > git rev-parse --show-toplevel [0ms]
2025-06-06 19:59:05.965 [info] > git rev-parse --show-toplevel [1ms]
2025-06-06 19:59:10.447 [info] > git config --get commit.template [3ms]
2025-06-06 19:59:10.448 [info] > git for-each-ref --format=%(refname)%00%(upstream:short)%00%(objectname)%00%(upstream:track)%00%(upstream:remotename)%00%(upstream:remoteref) refs/heads/stable refs/remotes/stable [1ms]
2025-06-06 19:59:10.450 [warning] [Git][revParse] Unable to read file: ENOENT: no such file or directory, open '/home/caroulder/AFLplusplus/.git/refs/remotes/origin/stable'
2025-06-06 19:59:10.451 [info] > git rev-parse refs/remotes/origin/stable [1ms]
2025-06-06 19:59:10.457 [info] > git status -z -uall [4ms]
2025-06-06 19:59:10.463 [info] > git for-each-ref --format=%(refname)%00%(upstream:short)%00%(objectname)%00%(upstream:track)%00%(upstream:remotename)%00%(upstream:remoteref) refs/heads/stable refs/remotes/stable [2ms]
2025-06-06 19:59:10.467 [info] > git config --local branch.stable.vscode-merge-base [1ms]
2025-06-06 19:59:10.471 [info] > git for-each-ref --format=%(refname)%00%(upstream:short)%00%(objectname)%00%(upstream:track)%00%(upstream:remotename)%00%(upstream:remoteref) refs/heads/origin/stable refs/remotes/origin/stable [0ms]
2025-06-06 19:59:10.966 [info] > git rev-parse --show-toplevel [0ms]
2025-06-06 19:59:10.970 [info] > git rev-parse --show-toplevel [1ms]
2025-06-06 19:59:10.973 [info] > git rev-parse --show-toplevel [0ms]
2025-06-06 19:59:10.976 [info] > git rev-parse --show-toplevel [0ms]
2025-06-06 19:59:10.979 [info] > git rev-parse --show-toplevel [0ms]
2025-06-06 19:59:10.982 [info] > git rev-parse --show-toplevel [1ms]
2025-06-06 19:59:10.984 [info] > git rev-parse --show-toplevel [0ms]
2025-06-06 19:59:10.987 [info] > git rev-parse --show-toplevel [0ms]
2025-06-06 19:59:10.990 [info] > git rev-parse --show-toplevel [0ms]
2025-06-06 19:59:15.472 [info] > git config --get commit.template [4ms]
2025-06-06 19:59:15.472 [info] > git for-each-ref --format=%(refname)%00%(upstream:short)%00%(objectname)%00%(upstream:track)%00%(upstream:remotename)%00%(upstream:remoteref) refs/heads/stable refs/remotes/stable [1ms]
2025-06-06 19:59:15.475 [warning] [Git][revParse] Unable to read file: ENOENT: no such file or directory, open '/home/caroulder/AFLplusplus/.git/refs/remotes/origin/stable'
2025-06-06 19:59:15.475 [info] > git rev-parse refs/remotes/origin/stable [0ms]
2025-06-06 19:59:15.482 [info] > git status -z -uall [4ms]
2025-06-06 19:59:15.487 [info] > git for-each-ref --format=%(refname)%00%(upstream:short)%00%(objectname)%00%(upstream:track)%00%(upstream:remotename)%00%(upstream:remoteref) refs/heads/stable refs/remotes/stable [2ms]
2025-06-06 19:59:15.491 [info] > git config --local branch.stable.vscode-merge-base [1ms]
2025-06-06 19:59:15.494 [info] > git for-each-ref --format=%(refname)%00%(upstream:short)%00%(objectname)%00%(upstream:track)%00%(upstream:remotename)%00%(upstream:remoteref) refs/heads/origin/stable refs/remotes/origin/stable [0ms]
2025-06-06 19:59:15.992 [info] > git rev-parse --show-toplevel [1ms]
2025-06-06 19:59:15.996 [info] > git rev-parse --show-toplevel [0ms]
2025-06-06 19:59:15.999 [info] > git rev-parse --show-toplevel [1ms]
2025-06-06 19:59:16.002 [info] > git rev-parse --show-toplevel [1ms]
2025-06-06 19:59:16.007 [info] > git rev-parse --show-toplevel [0ms]
2025-06-06 19:59:16.010 [info] > git rev-parse --show-toplevel [1ms]
2025-06-06 19:59:16.013 [info] > git rev-parse --show-toplevel [1ms]
2025-06-06 19:59:16.020 [info] > git rev-parse --show-toplevel [0ms]
2025-06-06 19:59:16.023 [info] > git rev-parse --show-toplevel [1ms]
2025-06-06 19:59:20.496 [info] > git config --get commit.template [4ms]
2025-06-06 19:59:20.496 [info] > git for-each-ref --format=%(refname)%00%(upstream:short)%00%(objectname)%00%(upstream:track)%00%(upstream:remotename)%00%(upstream:remoteref) refs/heads/stable refs/remotes/stable [1ms]
2025-06-06 19:59:20.500 [warning] [Git][revParse] Unable to read file: ENOENT: no such file or directory, open '/home/caroulder/AFLplusplus/.git/refs/remotes/origin/stable'
2025-06-06 19:59:20.500 [info] > git rev-parse refs/remotes/origin/stable [0ms]
2025-06-06 19:59:20.507 [info] > git status -z -uall [4ms]
2025-06-06 19:59:20.513 [info] > git for-each-ref --format=%(refname)%00%(upstream:short)%00%(objectname)%00%(upstream:track)%00%(upstream:remotename)%00%(upstream:remoteref) refs/heads/stable refs/remotes/stable [2ms]
2025-06-06 19:59:20.517 [info] > git config --local branch.stable.vscode-merge-base [1ms]
2025-06-06 19:59:20.521 [info] > git for-each-ref --format=%(refname)%00%(upstream:short)%00%(objectname)%00%(upstream:track)%00%(upstream:remotename)%00%(upstream:remoteref) refs/heads/origin/stable refs/remotes/origin/stable [0ms]
2025-06-06 19:59:21.019 [info] > git rev-parse --show-toplevel [1ms]
2025-06-06 19:59:21.023 [info] > git rev-parse --show-toplevel [1ms]
2025-06-06 19:59:21.025 [info] > git rev-parse --show-toplevel [0ms]
2025-06-06 19:59:21.029 [info] > git rev-parse --show-toplevel [1ms]
2025-06-06 19:59:21.031 [info] > git rev-parse --show-toplevel [0ms]
2025-06-06 19:59:21.034 [info] > git rev-parse --show-toplevel [0ms]
2025-06-06 19:59:21.037 [info] > git rev-parse --show-toplevel [1ms]
2025-06-06 19:59:21.040 [info] > git rev-parse --show-toplevel [1ms]
2025-06-06 19:59:21.042 [info] > git rev-parse --show-toplevel [0ms]
2025-06-06 19:59:25.521 [info] > git config --get commit.template [3ms]
2025-06-06 19:59:25.521 [info] > git for-each-ref --format=%(refname)%00%(upstream:short)%00%(objectname)%00%(upstream:track)%00%(upstream:remotename)%00%(upstream:remoteref) refs/heads/stable refs/remotes/stable [0ms]
2025-06-06 19:59:25.524 [warning] [Git][revParse] Unable to read file: ENOENT: no such file or directory, open '/home/caroulder/AFLplusplus/.git/refs/remotes/origin/stable'
2025-06-06 19:59:25.525 [info] > git rev-parse refs/remotes/origin/stable [1ms]
2025-06-06 19:59:25.531 [info] > git status -z -uall [4ms]
2025-06-06 19:59:25.536 [info] > git for-each-ref --format=%(refname)%00%(upstream:short)%00%(objectname)%00%(upstream:track)%00%(upstream:remotename)%00%(upstream:remoteref) refs/heads/stable refs/remotes/stable [1ms]
2025-06-06 19:59:25.540 [info] > git config --local branch.stable.vscode-merge-base [1ms]
2025-06-06 19:59:25.543 [info] > git for-each-ref --format=%(refname)%00%(upstream:short)%00%(objectname)%00%(upstream:track)%00%(upstream:remotename)%00%(upstream:remoteref) refs/heads/origin/stable refs/remotes/origin/stable [0ms]
2025-06-06 19:59:26.042 [info] > git rev-parse --show-toplevel [1ms]
2025-06-06 19:59:26.046 [info] > git rev-parse --show-toplevel [0ms]
2025-06-06 19:59:26.050 [info] > git rev-parse --show-toplevel [1ms]
2025-06-06 19:59:26.052 [info] > git rev-parse --show-toplevel [0ms]
2025-06-06 19:59:26.055 [info] > git rev-parse --show-toplevel [1ms]
2025-06-06 19:59:26.058 [info] > git rev-parse --show-toplevel [1ms]
2025-06-06 19:59:26.060 [info] > git rev-parse --show-toplevel [0ms]
2025-06-06 19:59:26.063 [info] > git rev-parse --show-toplevel [0ms]
2025-06-06 19:59:26.066 [info] > git rev-parse --show-toplevel [1ms]
2025-06-06 19:59:30.547 [info] > git config --get commit.template [4ms]
2025-06-06 19:59:30.547 [info] > git for-each-ref --format=%(refname)%00%(upstream:short)%00%(objectname)%00%(upstream:track)%00%(upstream:remotename)%00%(upstream:remoteref) refs/heads/stable refs/remotes/stable [0ms]
2025-06-06 19:59:30.550 [warning] [Git][revParse] Unable to read file: ENOENT: no such file or directory, open '/home/caroulder/AFLplusplus/.git/refs/remotes/origin/stable'
2025-06-06 19:59:30.550 [info] > git rev-parse refs/remotes/origin/stable [0ms]
2025-06-06 19:59:30.556 [info] > git status -z -uall [3ms]
2025-06-06 19:59:30.562 [info] > git for-each-ref --format=%(refname)%00%(upstream:short)%00%(objectname)%00%(upstream:track)%00%(upstream:remotename)%00%(upstream:remoteref) refs/heads/stable refs/remotes/stable [2ms]
2025-06-06 19:59:30.566 [info] > git config --local branch.stable.vscode-merge-base [1ms]
2025-06-06 19:59:30.569 [info] > git for-each-ref --format=%(refname)%00%(upstream:short)%00%(objectname)%00%(upstream:track)%00%(upstream:remotename)%00%(upstream:remoteref) refs/heads/origin/stable refs/remotes/origin/stable [0ms]
2025-06-06 19:59:31.073 [info] > git rev-parse --show-toplevel [1ms]
2025-06-06 19:59:31.078 [info] > git rev-parse --show-toplevel [1ms]
2025-06-06 19:59:31.082 [info] > git rev-parse --show-toplevel [0ms]
2025-06-06 19:59:31.085 [info] > git rev-parse --show-toplevel [1ms]
2025-06-06 19:59:31.088 [info] > git rev-parse --show-toplevel [1ms]
2025-06-06 19:59:31.090 [info] > git rev-parse --show-toplevel [0ms]
2025-06-06 19:59:31.093 [info] > git rev-parse --show-toplevel [0ms]
2025-06-06 19:59:31.096 [info] > git rev-parse --show-toplevel [1ms]
2025-06-06 19:59:31.098 [info] > git rev-parse --show-toplevel [0ms]
2025-06-06 19:59:35.567 [info] > git config --get commit.template [1ms]
2025-06-06 19:59:35.571 [info] > git for-each-ref --format=%(refname)%00%(upstream:short)%00%(objectname)%00%(upstream:track)%00%(upstream:remotename)%00%(upstream:remoteref) refs/heads/stable refs/remotes/stable [1ms]
2025-06-06 19:59:35.574 [warning] [Git][revParse] Unable to read file: ENOENT: no such file or directory, open '/home/caroulder/AFLplusplus/.git/refs/remotes/origin/stable'
2025-06-06 19:59:35.574 [info] > git rev-parse refs/remotes/origin/stable [0ms]
2025-06-06 19:59:35.581 [info] > git status -z -uall [4ms]
2025-06-06 19:59:35.587 [info] > git for-each-ref --format=%(refname)%00%(upstream:short)%00%(objectname)%00%(upstream:track)%00%(upstream:remotename)%00%(upstream:remoteref) refs/heads/stable refs/remotes/stable [2ms]
2025-06-06 19:59:35.591 [info] > git config --local branch.stable.vscode-merge-base [1ms]
2025-06-06 19:59:35.595 [info] > git for-each-ref --format=%(refname)%00%(upstream:short)%00%(objectname)%00%(upstream:track)%00%(upstream:remotename)%00%(upstream:remoteref) refs/heads/origin/stable refs/remotes/origin/stable [0ms]
2025-06-06 19:59:36.092 [info] > git rev-parse --show-toplevel [1ms]
2025-06-06 19:59:36.097 [info] > git rev-parse --show-toplevel [0ms]
2025-06-06 19:59:36.100 [info] > git rev-parse --show-toplevel [1ms]
2025-06-06 19:59:36.102 [info] > git rev-parse --show-toplevel [0ms]
2025-06-06 19:59:36.105 [info] > git rev-parse --show-toplevel [1ms]
2025-06-06 19:59:36.108 [info] > git rev-parse --show-toplevel [1ms]
2025-06-06 19:59:36.111 [info] > git rev-parse --show-toplevel [1ms]
2025-06-06 19:59:36.114 [info] > git rev-parse --show-toplevel [1ms]
2025-06-06 19:59:36.116 [info] > git rev-parse --show-toplevel [0ms]
2025-06-06 19:59:40.596 [info] > git config --get commit.template [3ms]
2025-06-06 19:59:40.597 [info] > git for-each-ref --format=%(refname)%00%(upstream:short)%00%(objectname)%00%(upstream:track)%00%(upstream:remotename)%00%(upstream:remoteref) refs/heads/stable refs/remotes/stable [1ms]
2025-06-06 19:59:40.599 [warning] [Git][revParse] Unable to read file: ENOENT: no such file or directory, open '/home/caroulder/AFLplusplus/.git/refs/remotes/origin/stable'
2025-06-06 19:59:40.600 [info] > git rev-parse refs/remotes/origin/stable [0ms]
2025-06-06 19:59:40.606 [info] > git status -z -uall [4ms]
2025-06-06 19:59:40.612 [info] > git for-each-ref --format=%(refname)%00%(upstream:short)%00%(objectname)%00%(upstream:track)%00%(upstream:remotename)%00%(upstream:remoteref) refs/heads/stable refs/remotes/stable [2ms]
2025-06-06 19:59:40.616 [info] > git config --local branch.stable.vscode-merge-base [1ms]
2025-06-06 19:59:40.619 [info] > git for-each-ref --format=%(refname)%00%(upstream:short)%00%(objectname)%00%(upstream:track)%00%(upstream:remotename)%00%(upstream:remoteref) refs/heads/origin/stable refs/remotes/origin/stable [0ms]
2025-06-06 19:59:41.117 [info] > git rev-parse --show-toplevel [0ms]
2025-06-06 19:59:41.120 [info] > git rev-parse --show-toplevel [0ms]
2025-06-06 19:59:41.123 [info] > git rev-parse --show-toplevel [1ms]
2025-06-06 19:59:41.126 [info] > git rev-parse --show-toplevel [1ms]
2025-06-06 19:59:41.129 [info] > git rev-parse --show-toplevel [0ms]
2025-06-06 19:59:41.132 [info] > git rev-parse --show-toplevel [0ms]
2025-06-06 19:59:41.135 [info] > git rev-parse --show-toplevel [0ms]
2025-06-06 19:59:41.137 [info] > git rev-parse --show-toplevel [0ms]
2025-06-06 19:59:41.140 [info] > git rev-parse --show-toplevel [0ms]
2025-06-06 19:59:45.621 [info] > git config --get commit.template [4ms]
2025-06-06 19:59:45.622 [info] > git for-each-ref --format=%(refname)%00%(upstream:short)%00%(objectname)%00%(upstream:track)%00%(upstream:remotename)%00%(upstream:remoteref) refs/heads/stable refs/remotes/stable [1ms]
2025-06-06 19:59:45.624 [warning] [Git][revParse] Unable to read file: ENOENT: no such file or directory, open '/home/caroulder/AFLplusplus/.git/refs/remotes/origin/stable'
2025-06-06 19:59:45.625 [info] > git rev-parse refs/remotes/origin/stable [1ms]
2025-06-06 19:59:45.631 [info] > git status -z -uall [4ms]
2025-06-06 19:59:45.637 [info] > git for-each-ref --format=%(refname)%00%(upstream:short)%00%(objectname)%00%(upstream:track)%00%(upstream:remotename)%00%(upstream:remoteref) refs/heads/stable refs/remotes/stable [2ms]
2025-06-06 19:59:45.642 [info] > git config --local branch.stable.vscode-merge-base [1ms]
2025-06-06 19:59:45.646 [info] > git for-each-ref --format=%(refname)%00%(upstream:short)%00%(objectname)%00%(upstream:track)%00%(upstream:remotename)%00%(upstream:remoteref) refs/heads/origin/stable refs/remotes/origin/stable [0ms]
2025-06-06 19:59:46.143 [info] > git rev-parse --show-toplevel [1ms]
2025-06-06 19:59:46.146 [info] > git rev-parse --show-toplevel [1ms]
2025-06-06 19:59:46.149 [info] > git rev-parse --show-toplevel [1ms]
2025-06-06 19:59:46.152 [info] > git rev-parse --show-toplevel [1ms]
2025-06-06 19:59:46.155 [info] > git rev-parse --show-toplevel [1ms]
2025-06-06 19:59:46.158 [info] > git rev-parse --show-toplevel [0ms]
2025-06-06 19:59:46.161 [info] > git rev-parse --show-toplevel [1ms]
2025-06-06 19:59:46.164 [info] > git rev-parse --show-toplevel [1ms]
2025-06-06 19:59:46.166 [info] > git rev-parse --show-toplevel [0ms]
2025-06-06 19:59:50.646 [info] > git config --get commit.template [3ms]
2025-06-06 19:59:50.647 [info] > git for-each-ref --format=%(refname)%00%(upstream:short)%00%(objectname)%00%(upstream:track)%00%(upstream:remotename)%00%(upstream:remoteref) refs/heads/stable refs/remotes/stable [1ms]
2025-06-06 19:59:50.649 [warning] [Git][revParse] Unable to read file: ENOENT: no such file or directory, open '/home/caroulder/AFLplusplus/.git/refs/remotes/origin/stable'
2025-06-06 19:59:50.650 [info] > git rev-parse refs/remotes/origin/stable [1ms]
2025-06-06 19:59:50.656 [info] > git status -z -uall [4ms]
2025-06-06 19:59:50.661 [info] > git for-each-ref --format=%(refname)%00%(upstream:short)%00%(objectname)%00%(upstream:track)%00%(upstream:remotename)%00%(upstream:remoteref) refs/heads/stable refs/remotes/stable [1ms]
2025-06-06 19:59:50.666 [info] > git config --local branch.stable.vscode-merge-base [2ms]
2025-06-06 19:59:50.670 [info] > git for-each-ref --format=%(refname)%00%(upstream:short)%00%(objectname)%00%(upstream:track)%00%(upstream:remotename)%00%(upstream:remoteref) refs/heads/origin/stable refs/remotes/origin/stable [1ms]
2025-06-06 19:59:51.171 [info] > git rev-parse --show-toplevel [7ms]
2025-06-06 19:59:51.174 [info] > git rev-parse --show-toplevel [0ms]
2025-06-06 19:59:51.177 [info] > git rev-parse --show-toplevel [1ms]
2025-06-06 19:59:51.179 [info] > git rev-parse --show-toplevel [0ms]
2025-06-06 19:59:51.182 [info] > git rev-parse --show-toplevel [1ms]
2025-06-06 19:59:51.185 [info] > git rev-parse --show-toplevel [1ms]
2025-06-06 19:59:51.187 [info] > git rev-parse --show-toplevel [0ms]
2025-06-06 19:59:51.190 [info] > git rev-parse --show-toplevel [1ms]
2025-06-06 19:59:51.193 [info] > git rev-parse --show-toplevel [1ms]
2025-06-06 19:59:55.667 [info] > git config --get commit.template [0ms]
2025-06-06 19:59:55.672 [info] > git for-each-ref --format=%(refname)%00%(upstream:short)%00%(objectname)%00%(upstream:track)%00%(upstream:remotename)%00%(upstream:remoteref) refs/heads/stable refs/remotes/stable [1ms]
2025-06-06 19:59:55.675 [warning] [Git][revParse] Unable to read file: ENOENT: no such file or directory, open '/home/caroulder/AFLplusplus/.git/refs/remotes/origin/stable'
2025-06-06 19:59:55.677 [info] > git rev-parse refs/remotes/origin/stable [1ms]
2025-06-06 19:59:55.683 [info] > git status -z -uall [4ms]
2025-06-06 19:59:55.689 [info] > git for-each-ref --format=%(refname)%00%(upstream:short)%00%(objectname)%00%(upstream:track)%00%(upstream:remotename)%00%(upstream:remoteref) refs/heads/stable refs/remotes/stable [2ms]
2025-06-06 19:59:55.695 [info] > git config --local branch.stable.vscode-merge-base [1ms]
2025-06-06 19:59:55.700 [info] > git for-each-ref --format=%(refname)%00%(upstream:short)%00%(objectname)%00%(upstream:track)%00%(upstream:remotename)%00%(upstream:remoteref) refs/heads/origin/stable refs/remotes/origin/stable [1ms]
2025-06-06 19:59:56.194 [info] > git rev-parse --show-toplevel [1ms]
2025-06-06 19:59:56.197 [info] > git rev-parse --show-toplevel [0ms]
2025-06-06 19:59:56.200 [info] > git rev-parse --show-toplevel [1ms]
2025-06-06 19:59:56.203 [info] > git rev-parse --show-toplevel [1ms]
2025-06-06 19:59:56.206 [info] > git rev-parse --show-toplevel [1ms]
2025-06-06 19:59:56.209 [info] > git rev-parse --show-toplevel [0ms]
2025-06-06 19:59:56.211 [info] > git rev-parse --show-toplevel [0ms]
2025-06-06 19:59:56.214 [info] > git rev-parse --show-toplevel [1ms]
2025-06-06 19:59:56.217 [info] > git rev-parse --show-toplevel [1ms]
2025-06-06 20:00:00.695 [info] > git config --get commit.template [1ms]
2025-06-06 20:00:00.699 [info] > git for-each-ref --format=%(refname)%00%(upstream:short)%00%(objectname)%00%(upstream:track)%00%(upstream:remotename)%00%(upstream:remoteref) refs/heads/stable refs/remotes/stable [1ms]
2025-06-06 20:00:00.702 [warning] [Git][revParse] Unable to read file: ENOENT: no such file or directory, open '/home/caroulder/AFLplusplus/.git/refs/remotes/origin/stable'
2025-06-06 20:00:00.703 [info] > git rev-parse refs/remotes/origin/stable [1ms]
2025-06-06 20:00:00.710 [info] > git status -z -uall [5ms]
2025-06-06 20:00:00.716 [info] > git for-each-ref --format=%(refname)%00%(upstream:short)%00%(objectname)%00%(upstream:track)%00%(upstream:remotename)%00%(upstream:remoteref) refs/heads/stable refs/remotes/stable [2ms]
2025-06-06 20:00:00.720 [info] > git config --local branch.stable.vscode-merge-base [1ms]
2025-06-06 20:00:00.725 [info] > git for-each-ref --format=%(refname)%00%(upstream:short)%00%(objectname)%00%(upstream:track)%00%(upstream:remotename)%00%(upstream:remoteref) refs/heads/origin/stable refs/remotes/origin/stable [1ms]
2025-06-06 20:00:01.222 [info] > git rev-parse --show-toplevel [0ms]
2025-06-06 20:00:01.225 [info] > git rev-parse --show-toplevel [1ms]
2025-06-06 20:00:01.228 [info] > git rev-parse --show-toplevel [1ms]
2025-06-06 20:00:01.230 [info] > git rev-parse --show-toplevel [0ms]
2025-06-06 20:00:01.233 [info] > git rev-parse --show-toplevel [1ms]
2025-06-06 20:00:01.236 [info] > git rev-parse --show-toplevel [1ms]
2025-06-06 20:00:01.238 [info] > git rev-parse --show-toplevel [0ms]
2025-06-06 20:00:01.241 [info] > git rev-parse --show-toplevel [1ms]
2025-06-06 20:00:01.244 [info] > git rev-parse --show-toplevel [1ms]
